video_id,equipment_id,frame,x1,y1,x2,y2
104154,1,0,109.0,26.0,350.0,220.0
104154,1,1,109.0,26.0,350.0,220.0
104154,1,2,109.0,26.0,350.0,220.0
104154,1,3,109.0,26.0,350.0,220.0
104154,1,4,109.0,26.0,350.0,220.0
104154,1,5,109.0,26.0,350.0,220.0
104154,1,6,109.0,26.0,350.0,220.0
104154,1,7,109.0,26.0,350.0,220.0
104154,1,8,109.0,26.0,350.0,220.0
104154,1,9,109.0,26.0,350.0,220.0
104154,1,10,109.0,26.0,350.0,220.0
104154,1,11,109.0,26.0,350.0,220.0
104154,1,12,109.0,26.0,350.0,220.0
104154,1,13,109.0,26.0,350.0,220.0
104154,1,14,109.0,26.0,350.0,220.0
104154,1,15,109.0,26.0,350.0,220.0
104154,1,16,109.0,26.0,350.0,220.0
104154,1,17,109.0,26.0,350.0,220.0
104154,1,18,109.0,26.0,350.0,236.0
104154,1,19,109.0,26.0,350.0,236.0
104154,1,20,109.0,26.0,350.0,236.0
104154,1,21,109.0,26.0,350.0,236.0
104154,1,22,109.0,26.0,350.0,236.0
104154,1,23,109.0,26.0,350.0,236.0
104154,1,24,109.0,26.0,350.0,236.0
104154,1,25,109.0,26.0,350.0,236.0
104154,1,26,109.0,26.0,350.0,236.0
104154,1,27,109.0,26.0,350.0,236.0
104154,1,28,109.0,26.0,350.0,236.0
104154,1,29,109.0,26.0,350.0,236.0
104154,1,30,109.0,26.0,350.0,236.0
104154,1,31,109.0,26.0,350.0,236.0
104154,1,32,109.0,26.0,350.0,236.0
104154,1,33,109.0,26.0,350.0,236.0
104154,1,34,109.0,26.0,350.0,236.0
104154,1,35,109.0,26.0,350.0,236.0
104154,1,36,109.0,26.0,350.0,236.0
104154,1,37,109.0,26.0,350.0,236.0
104154,1,38,109.0,26.0,350.0,236.0
104154,1,39,109.0,26.0,350.0,236.0
104154,1,40,109.0,26.0,350.0,236.0
104154,1,41,109.0,26.0,350.0,236.0
104154,1,42,109.0,26.0,350.0,236.0
104154,1,43,109.0,26.0,350.0,236.0
104154,1,44,109.0,26.0,350.0,236.0
104154,1,45,109.0,26.0,350.0,236.0
104154,1,46,109.0,26.0,350.0,221.0
104154,1,47,109.0,26.0,350.0,221.0
104154,1,48,109.0,26.0,350.0,221.0
104154,1,49,109.0,26.0,350.0,221.0
104154,1,50,109.0,26.0,350.0,221.0
104154,1,51,109.0,26.0,350.0,221.0
104154,1,52,109.0,26.0,350.0,221.0
104154,1,53,109.0,26.0,350.0,221.0
104154,1,54,109.0,26.0,350.0,221.0
104154,1,55,109.0,26.0,350.0,221.0
104154,1,56,109.0,26.0,350.0,221.0
104154,1,57,109.0,19.0,366.0,212.0
104154,1,58,109.0,19.0,366.0,212.0
104154,1,59,109.0,19.0,366.0,212.0
104154,1,60,109.0,19.0,366.0,212.0
104154,1,61,109.0,19.0,366.0,212.0
104154,1,62,109.0,19.0,366.0,212.0
104154,1,63,109.0,19.0,366.0,212.0
104154,1,64,109.0,19.0,366.0,212.0
104154,1,65,109.0,19.0,366.0,212.0
104154,1,66,91.0,6.0,380.0,211.0
104154,1,67,91.0,6.0,380.0,211.0
104154,1,68,91.0,6.0,380.0,211.0
104154,1,69,91.0,6.0,380.0,211.0
104154,1,70,91.0,6.0,380.0,211.0
104154,1,71,91.0,6.0,380.0,211.0
104154,1,72,91.0,6.0,380.0,211.0
104154,1,73,91.0,6.0,380.0,211.0
104154,1,74,91.0,6.0,380.0,211.0
104154,1,75,91.0,6.0,380.0,211.0
104154,1,76,91.0,6.0,380.0,211.0
104154,1,77,91.0,6.0,380.0,211.0
104154,1,78,91.0,6.0,380.0,211.0
104154,1,79,91.0,6.0,380.0,211.0
104154,1,80,91.0,6.0,380.0,211.0
104154,1,81,91.0,6.0,380.0,211.0
104154,1,82,91.0,6.0,380.0,211.0
104154,1,83,91.0,6.0,380.0,211.0
104154,1,84,91.0,6.0,380.0,211.0
104154,1,85,91.0,6.0,380.0,211.0
104154,1,86,91.0,6.0,380.0,211.0
104154,1,87,91.0,6.0,380.0,211.0
104154,1,88,91.0,6.0,380.0,211.0
104154,1,89,91.0,6.0,380.0,211.0
104154,1,90,91.0,6.0,380.0,211.0
104154,1,91,91.0,6.0,380.0,211.0
104154,1,92,91.0,6.0,380.0,211.0
104154,1,93,91.0,6.0,380.0,211.0
104154,1,94,91.0,6.0,380.0,211.0
104154,1,95,91.0,6.0,380.0,211.0
104154,1,96,91.0,6.0,380.0,211.0
104154,1,97,91.0,6.0,380.0,211.0
104154,1,98,91.0,6.0,380.0,211.0
104154,1,99,91.0,6.0,380.0,211.0
104154,1,100,91.0,6.0,380.0,211.0
104154,1,101,91.0,6.0,380.0,211.0
104154,1,102,91.0,6.0,380.0,211.0
104154,1,103,91.0,6.0,380.0,211.0
104154,1,104,91.0,6.0,380.0,211.0
104154,1,105,91.0,6.0,380.0,211.0
104154,1,106,91.0,6.0,380.0,211.0
104154,1,107,91.0,6.0,380.0,211.0
104154,1,108,91.0,6.0,380.0,211.0
104154,1,109,91.0,6.0,380.0,211.0
104154,1,110,91.0,6.0,380.0,211.0
104154,1,111,91.0,6.0,380.0,211.0
104154,1,112,91.0,6.0,380.0,211.0
104154,1,113,91.0,6.0,380.0,211.0
104154,1,114,91.0,6.0,380.0,211.0
104154,1,115,91.0,6.0,380.0,211.0
104154,1,116,91.0,6.0,380.0,211.0
104154,1,117,91.0,6.0,380.0,211.0
104154,1,118,91.0,6.0,380.0,211.0
104154,1,119,91.0,6.0,380.0,211.0
104154,1,120,91.0,6.0,380.0,211.0
104154,1,121,91.0,6.0,380.0,211.0
104154,1,122,91.0,6.0,380.0,211.0
104154,1,123,91.0,6.0,380.0,211.0
104154,1,124,91.0,6.0,380.0,211.0
104154,1,125,91.0,6.0,380.0,211.0
104154,1,126,91.0,6.0,380.0,211.0
104154,1,127,91.0,6.0,380.0,211.0
104154,1,128,91.0,6.0,380.0,211.0
104154,1,129,91.0,6.0,380.0,211.0
104154,1,130,91.0,6.0,380.0,211.0
104154,1,131,91.0,6.0,380.0,211.0
104154,1,132,91.0,6.0,380.0,211.0
104154,1,133,91.0,6.0,380.0,211.0
104154,1,134,91.0,6.0,380.0,211.0
104154,1,135,91.0,6.0,380.0,211.0
104154,1,136,91.0,6.0,380.0,211.0
104154,1,137,91.0,6.0,380.0,211.0
104154,1,138,91.0,6.0,380.0,211.0
104154,1,139,91.0,6.0,380.0,211.0
104154,1,140,91.0,6.0,380.0,211.0
104154,1,141,91.0,6.0,380.0,211.0
104154,1,142,91.0,6.0,380.0,211.0
104154,1,143,91.0,6.0,380.0,211.0
104154,1,144,91.0,6.0,380.0,211.0
104154,1,145,91.0,6.0,380.0,211.0
104154,1,146,91.0,6.0,380.0,211.0
104154,1,147,91.0,6.0,380.0,211.0
104154,1,148,91.0,6.0,380.0,211.0
104154,1,149,91.0,6.0,380.0,211.0
104154,1,150,91.0,6.0,380.0,211.0
104154,1,151,91.0,6.0,380.0,211.0
104154,1,152,91.0,6.0,380.0,211.0
104154,1,153,91.0,6.0,380.0,211.0
104154,1,154,91.0,6.0,380.0,211.0
104154,1,155,91.0,6.0,380.0,211.0
104154,1,156,91.0,6.0,380.0,211.0
104154,1,157,91.0,6.0,380.0,211.0
104154,1,158,91.0,6.0,380.0,211.0
104154,1,159,91.0,6.0,380.0,211.0
104154,1,160,91.0,6.0,380.0,211.0
104154,1,161,91.0,6.0,380.0,211.0
104154,1,162,91.0,6.0,380.0,211.0
104154,1,163,91.0,6.0,380.0,211.0
104154,1,164,91.0,6.0,380.0,211.0
104154,1,165,91.0,6.0,380.0,211.0
104154,1,166,91.0,6.0,380.0,211.0
104154,1,167,91.0,6.0,380.0,211.0
104154,1,168,91.0,6.0,380.0,211.0
104154,1,169,91.0,6.0,380.0,211.0
104154,1,170,91.0,6.0,380.0,211.0
104154,1,171,91.0,6.0,380.0,211.0
104154,1,172,91.0,6.0,406.0,210.0
104154,1,173,91.0,6.0,406.0,210.0
104154,1,174,91.0,6.0,406.0,210.0
104154,1,175,91.0,6.0,406.0,210.0
104154,1,176,91.0,6.0,406.0,210.0
104154,1,177,91.0,6.0,406.0,210.0
104154,1,178,91.0,6.0,406.0,210.0
104154,1,179,91.0,6.0,406.0,210.0
104154,1,180,91.0,3.0,406.0,209.0
104154,1,181,91.0,3.0,406.0,209.0
104154,1,182,91.0,3.0,406.0,209.0
104154,1,183,91.0,3.0,406.0,209.0
104154,1,184,91.0,3.0,406.0,209.0
104154,1,185,91.0,3.0,406.0,209.0
104154,1,186,91.0,3.0,406.0,209.0
104154,1,187,91.0,3.0,406.0,209.0
104154,1,188,91.0,3.0,406.0,209.0
104154,1,189,91.0,3.0,406.0,209.0
104154,1,190,91.0,3.0,406.0,209.0
104154,1,191,91.0,3.0,406.0,209.0
104154,1,192,91.0,3.0,406.0,209.0
104154,1,193,91.0,3.0,406.0,209.0
104154,1,194,91.0,3.0,406.0,209.0
104154,1,195,91.0,0,424.0,209.0
104154,1,196,91.0,0,424.0,209.0
104154,1,197,91.0,0,424.0,209.0
104154,1,198,91.0,0,424.0,209.0
104154,1,199,91.0,0,424.0,209.0
104154,1,200,91.0,0,424.0,209.0
104154,1,201,91.0,0,424.0,209.0
104154,1,202,91.0,0,424.0,209.0
104154,1,203,91.0,0,424.0,209.0
104154,1,204,91.0,0,424.0,209.0
104154,1,205,91.0,0,424.0,209.0
104154,1,206,91.0,0,424.0,209.0
104154,1,207,91.0,0,424.0,209.0
104154,1,208,91.0,0,424.0,209.0
104154,1,209,91.0,0,424.0,209.0
104154,1,210,91.0,0,424.0,209.0
104154,1,211,91.0,0,424.0,209.0
104154,1,212,91.0,0,424.0,209.0
104154,1,213,91.0,0,424.0,209.0
104154,1,214,91.0,0,424.0,209.0
104154,1,215,91.0,0,424.0,209.0
104154,1,216,91.0,0,424.0,209.0
104154,1,217,91.0,0,424.0,209.0
104154,1,218,91.0,0,424.0,209.0
104154,1,219,91.0,0,424.0,209.0
104154,1,220,91.0,0,424.0,209.0
104154,1,221,91.0,0,424.0,209.0
104154,1,222,91.0,0,424.0,209.0
104154,1,223,91.0,0,424.0,209.0
104154,1,224,91.0,0,424.0,209.0
104154,1,225,91.0,0,424.0,209.0
104154,1,226,91.0,0,424.0,209.0
104154,1,227,91.0,0,424.0,209.0
104154,1,228,91.0,0,424.0,209.0
104154,1,229,91.0,0,424.0,209.0
104154,1,230,91.0,0,424.0,209.0
104154,1,231,91.0,0,424.0,209.0
104154,1,232,91.0,0,424.0,209.0
104154,1,233,91.0,0,424.0,209.0
104154,1,234,91.0,0,424.0,209.0
104154,1,235,91.0,0,424.0,209.0
104154,1,236,91.0,0,424.0,209.0
104154,1,237,91.0,0,424.0,209.0
104154,1,238,91.0,0,424.0,209.0
104154,1,239,91.0,0,424.0,209.0
104154,1,240,91.0,0,424.0,209.0
104154,1,241,91.0,0,424.0,209.0
104154,1,242,91.0,0,424.0,209.0
104154,1,243,91.0,0,424.0,209.0
104154,1,244,91.0,0,424.0,209.0
104154,1,245,91.0,0,424.0,209.0
104154,1,246,91.0,0,424.0,209.0
104154,1,247,91.0,0,424.0,209.0
104154,1,248,91.0,0,424.0,209.0
104154,1,249,91.0,0,424.0,209.0
104154,1,250,91.0,0,424.0,209.0
104154,1,251,91.0,0,424.0,209.0
104154,1,252,91.0,0,424.0,209.0
104154,1,253,91.0,0,424.0,209.0
104154,1,254,91.0,0,424.0,209.0
104154,1,255,91.0,0,424.0,209.0
104154,1,256,91.0,0,424.0,209.0
104154,1,257,91.0,0,424.0,209.0
104154,1,258,91.0,0,424.0,209.0
104154,1,259,91.0,0,424.0,209.0
104154,1,260,91.0,0,424.0,209.0
104154,1,261,91.0,0,424.0,209.0
104154,1,262,91.0,0,424.0,209.0
104154,1,263,91.0,0,424.0,209.0
104154,1,264,91.0,0,424.0,209.0
104154,1,265,91.0,0,424.0,209.0
104154,1,266,91.0,0,424.0,209.0
104154,1,267,91.0,0,424.0,209.0
104154,1,268,91.0,0,424.0,209.0
104154,1,269,91.0,0,424.0,209.0
104154,1,270,91.0,0,424.0,209.0
104154,1,271,91.0,0,424.0,209.0
104154,1,272,91.0,0,424.0,209.0
104154,1,273,91.0,0,424.0,209.0
104154,1,274,91.0,0,424.0,209.0
104154,1,275,91.0,0,424.0,209.0
104154,1,276,91.0,0,424.0,209.0
104154,1,277,91.0,0,424.0,209.0
104154,1,278,91.0,0,424.0,209.0
104154,1,279,91.0,0,424.0,209.0
104154,1,280,91.0,0,424.0,209.0
104154,1,281,91.0,0,424.0,209.0
104154,1,282,91.0,0,424.0,209.0
104154,1,283,91.0,0,424.0,209.0
104154,1,284,91.0,0,424.0,209.0
104154,1,285,91.0,0,424.0,209.0
104154,1,286,91.0,0,424.0,209.0
104154,1,287,91.0,0,424.0,209.0
104154,1,288,91.0,0,424.0,209.0
104154,1,289,91.0,0,424.0,209.0
104154,1,290,91.0,0,424.0,209.0
104154,1,291,91.0,0,424.0,209.0
104154,1,292,91.0,0,424.0,209.0
104154,1,293,91.0,0,424.0,209.0
104154,1,294,91.0,0,424.0,209.0
104154,1,295,91.0,0,424.0,209.0
104154,1,296,91.0,0,424.0,209.0
104154,1,297,91.0,0,424.0,209.0
104154,1,298,91.0,0,424.0,209.0
104154,1,299,91.0,0,424.0,209.0
104154,1,300,91.0,0,424.0,209.0
104154,1,301,91.0,0,424.0,209.0
104154,1,302,91.0,0,424.0,209.0
104154,1,303,91.0,0,424.0,209.0
104154,1,304,91.0,0,424.0,209.0
104154,1,305,91.0,0,424.0,209.0
104154,1,306,91.0,0,424.0,209.0
104154,1,307,91.0,0,424.0,209.0
104154,1,308,91.0,0,424.0,209.0
104154,1,309,91.0,0,424.0,209.0
104154,1,310,91.0,0,424.0,209.0
104154,1,311,91.0,0,424.0,209.0
104154,1,312,91.0,0,424.0,209.0
104154,1,313,91.0,0,424.0,209.0
104154,1,314,91.0,0,424.0,209.0
104154,1,315,91.0,0,424.0,209.0
104154,1,316,91.0,0,424.0,209.0
104154,1,317,91.0,0,424.0,209.0
104154,1,318,91.0,0,424.0,209.0
104154,1,319,91.0,0,424.0,209.0
104154,1,320,91.0,0,424.0,209.0
104154,1,321,91.0,0,424.0,209.0
104154,1,322,91.0,0,424.0,209.0
104154,1,323,91.0,0,424.0,209.0
104154,1,324,91.0,0,424.0,209.0
104154,1,325,91.0,0,424.0,209.0
104154,1,326,91.0,0,424.0,209.0
104154,1,327,91.0,0,424.0,209.0
104154,1,328,91.0,0,424.0,209.0
104154,1,329,91.0,0,424.0,209.0
104154,1,330,91.0,0,424.0,209.0
104154,1,331,91.0,0,424.0,209.0
104154,1,332,91.0,0,424.0,209.0
104154,1,333,91.0,0,424.0,209.0
104154,1,334,91.0,0,424.0,209.0
104154,1,335,91.0,0,424.0,209.0
104154,1,336,91.0,0,424.0,209.0
104154,1,337,91.0,0,424.0,209.0
104154,1,338,91.0,0,424.0,209.0
104154,1,339,91.0,0,424.0,209.0
104154,1,340,91.0,0,424.0,209.0
104154,1,341,91.0,0,424.0,209.0
104154,1,342,91.0,0,424.0,209.0
104154,1,343,91.0,0,424.0,209.0
104154,1,344,91.0,0,424.0,209.0
104154,1,345,91.0,0,424.0,209.0
104154,1,346,91.0,0,424.0,209.0
104154,1,347,91.0,0,424.0,209.0
104154,1,348,91.0,0,424.0,209.0
104154,1,349,91.0,0,424.0,209.0
104154,1,350,91.0,0,424.0,209.0
104154,1,351,91.0,0,424.0,209.0
104154,1,352,91.0,0,424.0,209.0
104154,1,353,91.0,0,424.0,209.0
104154,1,354,91.0,0,424.0,209.0
104154,1,355,91.0,0,424.0,209.0
104154,1,356,91.0,0,424.0,209.0
104154,1,357,91.0,0,424.0,209.0
104154,1,358,91.0,0,424.0,209.0
104154,1,359,91.0,0,424.0,209.0
104154,1,360,91.0,0,424.0,209.0
104154,1,361,91.0,0,424.0,209.0
104154,1,362,91.0,0,424.0,209.0
104154,1,363,91.0,0,424.0,209.0
104154,1,364,91.0,0,424.0,209.0
104154,1,365,91.0,0,424.0,209.0
104154,1,366,91.0,0,424.0,209.0
104154,1,367,91.0,0,424.0,209.0
104154,1,368,91.0,0,424.0,209.0
104154,1,369,91.0,0,424.0,209.0
104154,1,370,91.0,0,424.0,209.0
104154,1,371,91.0,0,424.0,209.0
104154,1,372,91.0,0,424.0,209.0
104154,1,373,91.0,0,424.0,209.0
104154,1,374,91.0,0,424.0,209.0
104154,1,375,91.0,0,424.0,209.0
104154,1,376,91.0,0,424.0,209.0
104154,1,377,91.0,0,424.0,209.0
104154,1,378,91.0,0,424.0,209.0
104154,1,379,91.0,0,424.0,209.0
104154,1,380,91.0,0,424.0,209.0
104154,1,381,91.0,0,424.0,209.0
104154,1,382,91.0,0,424.0,209.0
104154,1,383,91.0,0,424.0,209.0
104154,1,384,91.0,0,424.0,209.0
104154,1,385,91.0,0,424.0,209.0
104154,1,386,91.0,0,424.0,209.0
104154,1,387,91.0,0,424.0,209.0
104154,1,388,91.0,0,424.0,209.0
104154,1,389,91.0,0,424.0,209.0
104154,1,390,91.0,0,424.0,209.0
104154,1,391,91.0,0,424.0,209.0
104154,1,392,91.0,0,424.0,209.0
104154,1,393,91.0,0,424.0,209.0
104154,1,394,91.0,0,424.0,209.0
104154,1,395,91.0,0,424.0,209.0
104154,1,396,91.0,0,424.0,209.0
104154,1,397,91.0,0,424.0,209.0
104154,1,398,91.0,0,424.0,209.0
104154,1,399,91.0,0,424.0,209.0
104154,1,400,91.0,0,424.0,209.0
104154,1,401,91.0,0,424.0,209.0
104154,1,402,91.0,0,424.0,209.0
104154,1,403,91.0,0,424.0,209.0
104154,1,404,91.0,0,424.0,209.0
104154,1,405,91.0,0,424.0,209.0
104154,1,406,91.0,0,424.0,209.0
104154,1,407,91.0,0,424.0,209.0
104154,1,408,91.0,0,424.0,209.0
104154,1,409,91.0,0,424.0,209.0
104154,1,410,91.0,0,424.0,209.0
104154,1,411,91.0,0,424.0,209.0
104154,1,412,91.0,0,424.0,209.0
104154,1,413,91.0,0,424.0,209.0
104154,1,414,91.0,0,424.0,209.0
104154,1,415,91.0,0,424.0,209.0
104154,1,416,91.0,0,424.0,209.0
104154,1,417,91.0,0,424.0,209.0
104154,1,418,91.0,0,424.0,209.0
104154,1,419,91.0,0,424.0,209.0
104154,1,420,91.0,0,424.0,209.0
104154,1,421,91.0,0,424.0,209.0
104154,1,422,91.0,0,424.0,209.0
104154,1,423,91.0,0,424.0,209.0
104154,1,424,91.0,0,424.0,209.0
104154,1,425,91.0,0,424.0,209.0
104154,1,426,91.0,0,424.0,209.0
104154,1,427,91.0,0,424.0,209.0
104154,1,428,91.0,0,424.0,209.0
104154,1,429,91.0,0,424.0,209.0
104154,1,430,91.0,0,424.0,209.0
104154,1,431,91.0,0,424.0,209.0
104154,1,432,91.0,0,424.0,209.0
104154,1,433,91.0,0,424.0,209.0
104154,1,434,91.0,0,424.0,209.0
104154,1,435,91.0,0,424.0,209.0
104154,1,436,91.0,0,424.0,209.0
104154,1,437,91.0,0,424.0,209.0
104154,1,438,91.0,0,424.0,209.0
104154,1,439,91.0,0,424.0,209.0
104154,1,440,91.0,0,424.0,209.0
104154,1,441,91.0,0,424.0,209.0
104154,1,442,91.0,0,424.0,209.0
104154,1,443,91.0,0,424.0,209.0
104154,1,444,91.0,0,424.0,209.0
104154,1,445,91.0,0,424.0,209.0
104154,1,446,91.0,0,424.0,209.0
104154,1,447,91.0,0,424.0,209.0
104154,1,448,91.0,0,424.0,209.0
104154,1,449,91.0,0,424.0,209.0
104154,1,450,91.0,0,424.0,209.0
104154,1,451,91.0,0,424.0,209.0
104154,1,452,91.0,0,424.0,209.0
104154,1,453,91.0,0,424.0,209.0
104154,1,454,91.0,0,424.0,209.0
104154,1,455,91.0,0,424.0,209.0
104154,1,456,91.0,0,424.0,209.0
104154,1,457,91.0,0,424.0,209.0
104154,1,458,91.0,0,424.0,209.0
104154,1,459,91.0,0,424.0,209.0
104154,1,460,91.0,0,424.0,209.0
104154,1,461,91.0,0,424.0,209.0
104154,1,462,91.0,0,424.0,209.0
104154,1,463,91.0,0,424.0,209.0
104154,1,464,91.0,0,424.0,209.0
104154,1,465,91.0,0,424.0,209.0
104154,1,466,91.0,0,424.0,209.0
104154,1,467,91.0,0,424.0,209.0
104154,1,468,91.0,0,424.0,209.0
104154,1,469,91.0,0,424.0,209.0
104154,1,470,91.0,0,424.0,209.0
104154,1,471,91.0,0,424.0,209.0
104154,1,472,91.0,0,424.0,209.0
104154,1,473,91.0,0,424.0,209.0
104154,1,474,91.0,0,424.0,209.0
104154,1,475,91.0,0,424.0,209.0
104154,1,476,91.0,0,424.0,209.0
104154,1,477,91.0,0,424.0,209.0
104154,1,478,91.0,0,424.0,209.0
104154,1,479,91.0,0,424.0,209.0
104154,1,480,91.0,0,424.0,209.0
104154,1,481,91.0,0,424.0,209.0
104154,1,482,91.0,0,424.0,209.0
104154,1,483,91.0,0,424.0,209.0
104154,1,484,91.0,0,424.0,209.0
104154,1,485,91.0,0,424.0,209.0
104154,1,486,91.0,0,424.0,209.0
104154,1,487,91.0,0,424.0,209.0
104154,1,488,91.0,0,424.0,209.0
104154,1,489,91.0,0,424.0,209.0
104154,1,490,91.0,0,424.0,209.0
104154,1,491,91.0,0,424.0,209.0
104154,1,492,91.0,0,424.0,209.0
104154,1,493,91.0,0,424.0,209.0
104154,1,494,91.0,0,424.0,209.0
104154,1,495,91.0,0,424.0,209.0
104154,1,496,91.0,0,424.0,209.0
104154,1,497,91.0,0,424.0,209.0
104154,1,498,91.0,0,424.0,209.0
104154,1,499,91.0,0,424.0,209.0
104154,1,500,91.0,0,424.0,209.0
104154,1,501,91.0,0,424.0,209.0
104154,1,502,91.0,0,424.0,209.0
104154,1,503,91.0,0,424.0,209.0
104154,1,504,91.0,0,424.0,209.0
104154,1,505,91.0,0,424.0,209.0
104154,1,506,91.0,0,424.0,209.0
104154,1,507,91.0,0,424.0,209.0
104154,1,508,91.0,0,424.0,209.0
104154,1,509,91.0,0,424.0,209.0
104154,1,510,91.0,0,424.0,209.0
104154,1,511,91.0,0,424.0,209.0
104154,1,512,91.0,0,424.0,209.0
104154,1,513,91.0,0,424.0,209.0
104154,1,514,91.0,0,424.0,209.0
104154,1,515,91.0,0,424.0,209.0
104154,1,516,91.0,0,424.0,209.0
104154,1,517,91.0,0,424.0,209.0
104154,1,518,91.0,0,424.0,209.0
104154,1,519,91.0,0,424.0,209.0
104154,1,520,91.0,0,424.0,209.0
104154,1,521,91.0,0,424.0,209.0
104154,1,522,91.0,0,424.0,209.0
104154,1,523,91.0,0,424.0,209.0
104154,1,524,91.0,0,424.0,209.0
104154,1,525,91.0,0,424.0,209.0
104154,1,526,91.0,0,424.0,209.0
104154,1,527,91.0,0,424.0,209.0
104154,1,528,91.0,0,424.0,209.0
104154,1,529,91.0,0,424.0,209.0
104154,1,530,91.0,0,424.0,209.0
104154,1,531,91.0,0,424.0,209.0
104154,1,532,91.0,0,424.0,209.0
104154,1,533,91.0,0,424.0,209.0
104154,1,534,91.0,0,424.0,209.0
104154,1,535,91.0,0,424.0,209.0
104154,1,536,91.0,0,424.0,209.0
104154,1,537,91.0,0,424.0,209.0
104154,1,538,91.0,0,424.0,209.0
104154,1,539,91.0,0,424.0,209.0
104154,1,540,91.0,0,424.0,209.0
104154,1,541,91.0,0,424.0,209.0
104154,1,542,91.0,0,424.0,209.0
104154,1,543,91.0,0,424.0,209.0
104154,1,544,91.0,0,424.0,209.0
104154,1,545,91.0,0,424.0,209.0
104154,1,546,91.0,0,424.0,209.0
104154,1,547,91.0,0,424.0,209.0
104154,1,548,91.0,0,424.0,209.0
104154,1,549,91.0,0,424.0,209.0
104154,1,550,91.0,0,424.0,209.0
104154,1,551,91.0,0,424.0,209.0
104154,1,552,91.0,0,424.0,209.0
104154,1,553,91.0,0,424.0,209.0
104154,1,554,91.0,0,424.0,209.0
104154,1,555,91.0,0,424.0,209.0
104154,1,556,91.0,0,424.0,209.0
104154,1,557,91.0,0,424.0,209.0
104154,1,558,91.0,0,424.0,209.0
104154,1,559,91.0,0,424.0,209.0
104154,1,560,91.0,0,424.0,209.0
104154,1,561,91.0,0,424.0,209.0
104154,1,562,91.0,0,424.0,209.0
104154,1,563,91.0,0,424.0,209.0
104154,1,564,91.0,0,424.0,209.0
104154,1,565,91.0,0,424.0,209.0
104154,1,566,91.0,0,424.0,209.0
104154,1,567,91.0,0,424.0,209.0
104154,1,568,91.0,0,424.0,209.0
104154,1,569,91.0,0,424.0,209.0
104154,1,570,91.0,0,424.0,209.0
104154,1,571,91.0,0,424.0,209.0
104154,1,572,91.0,0,424.0,209.0
104154,1,573,91.0,0,424.0,209.0
104154,1,574,91.0,0,424.0,209.0
104154,1,575,91.0,0,424.0,209.0
104154,1,576,91.0,0,424.0,209.0
104154,1,577,91.0,0,424.0,209.0
104154,1,578,91.0,0,424.0,209.0
104154,1,579,91.0,0,424.0,209.0
104154,1,580,91.0,0,424.0,209.0
104154,1,581,91.0,0,424.0,209.0
104154,1,582,91.0,0,424.0,209.0
104154,1,583,91.0,0,424.0,209.0
104154,1,584,91.0,0,424.0,209.0
104154,1,585,91.0,0,424.0,209.0
104154,1,586,91.0,0,424.0,209.0
104154,1,587,91.0,0,424.0,209.0
104154,1,588,91.0,0,424.0,209.0
104154,1,589,91.0,0,424.0,209.0
104154,1,590,91.0,0,424.0,209.0
104154,1,591,91.0,0,424.0,209.0
104154,1,592,91.0,0,424.0,209.0
104154,1,593,91.0,0,424.0,209.0
104154,1,594,91.0,0,424.0,209.0
104154,1,595,91.0,0,424.0,209.0
104154,1,596,91.0,0,424.0,209.0
104154,1,597,91.0,0,424.0,209.0
104154,1,598,91.0,0,424.0,209.0
104154,1,599,91.0,0,424.0,209.0
104154,1,600,91.0,0,424.0,209.0
104154,1,601,91.0,0,424.0,209.0
104154,1,602,91.0,0,424.0,209.0
104154,1,603,91.0,0,424.0,209.0
104154,1,604,91.0,0,424.0,209.0
104154,1,605,91.0,0,424.0,209.0
104154,1,606,91.0,0,424.0,209.0
104154,1,607,91.0,0,424.0,209.0
104154,1,608,91.0,0,424.0,209.0
104154,1,609,91.0,0,424.0,209.0
104154,1,610,91.0,0,424.0,209.0
104154,1,611,91.0,0,424.0,209.0
104154,1,612,91.0,0,424.0,209.0
104154,1,613,91.0,0,424.0,209.0
104154,1,614,91.0,0,424.0,209.0
104154,1,615,91.0,0,424.0,209.0
104154,1,616,91.0,0,424.0,209.0
104154,1,617,91.0,0,424.0,209.0
104154,1,618,91.0,0,424.0,209.0
104154,1,619,91.0,0,424.0,209.0
104154,1,620,91.0,0,424.0,209.0
104154,1,621,91.0,0,424.0,209.0
104154,1,622,91.0,0,424.0,209.0
104154,1,623,91.0,0,424.0,209.0
104154,1,624,91.0,0,424.0,209.0
104154,1,625,91.0,0,424.0,209.0
104154,1,626,91.0,0,401.0,209.0
104154,1,627,91.0,0,401.0,209.0
104154,1,628,91.0,0,401.0,209.0
104154,1,629,91.0,0,401.0,209.0
104154,1,630,91.0,0,401.0,209.0
104154,1,631,91.0,0,401.0,209.0
104154,1,632,91.0,0,401.0,209.0
104154,1,633,91.0,0,401.0,209.0
104154,1,634,91.0,0,401.0,209.0
104154,1,635,91.0,0,401.0,209.0
104154,1,636,91.0,0,401.0,209.0
104154,1,637,91.0,0,401.0,209.0
104154,1,638,91.0,0,401.0,209.0
104154,1,639,91.0,0,401.0,209.0
104154,1,640,91.0,0,401.0,209.0
104154,1,641,91.0,0,401.0,209.0
104154,1,642,91.0,0,401.0,209.0
104154,1,643,91.0,0,401.0,209.0
104154,1,644,91.0,0,401.0,209.0
104154,1,645,91.0,0,401.0,209.0
104154,1,646,91.0,0,401.0,209.0
104154,1,647,91.0,0,401.0,209.0
104154,1,648,91.0,0,401.0,209.0
104154,1,649,91.0,0,401.0,209.0
104154,1,650,91.0,0,401.0,209.0
104154,1,651,91.0,0,401.0,209.0
104154,1,652,91.0,0,401.0,209.0
104154,1,653,91.0,0,401.0,209.0
104154,1,654,91.0,0,401.0,209.0
104154,1,655,91.0,0,401.0,209.0
104154,1,656,91.0,0,401.0,209.0
104154,1,657,91.0,0,401.0,209.0
104154,1,658,91.0,0,401.0,209.0
104154,1,659,91.0,0,401.0,209.0
104154,1,660,91.0,0,401.0,209.0
104154,1,661,91.0,0,401.0,209.0
104154,1,662,91.0,0,401.0,209.0
104154,1,663,91.0,0,401.0,209.0
104154,1,664,91.0,0,401.0,209.0
104154,1,665,91.0,0,401.0,209.0
104154,1,666,91.0,0,401.0,209.0
104154,1,667,91.0,0,401.0,209.0
104154,1,668,91.0,0,401.0,209.0
104154,1,669,91.0,0,401.0,209.0
104154,1,670,91.0,0,401.0,209.0
104154,1,671,91.0,0,401.0,209.0
104154,1,672,91.0,0,401.0,209.0
104154,1,673,91.0,0,401.0,209.0
104154,1,674,91.0,0,401.0,209.0
104154,1,675,91.0,0,401.0,209.0
104154,1,676,91.0,0,401.0,209.0
104154,1,677,91.0,0,401.0,209.0
104154,1,678,91.0,0,401.0,209.0
104154,1,679,91.0,0,401.0,209.0
104154,1,680,91.0,0,401.0,209.0
104154,1,681,91.0,0,401.0,209.0
104154,1,682,91.0,0,401.0,209.0
104154,1,683,91.0,0,401.0,209.0
104154,1,684,91.0,0,401.0,209.0
104154,1,685,91.0,0,401.0,209.0
104154,1,686,91.0,0,401.0,209.0
104154,1,687,91.0,0,401.0,209.0
104154,1,688,91.0,0,401.0,209.0
104154,1,689,91.0,0,401.0,209.0
104154,1,690,91.0,0,401.0,209.0
104154,1,691,91.0,0,401.0,209.0
104154,1,692,91.0,0,401.0,209.0
104154,1,693,91.0,0,401.0,209.0
104154,1,694,91.0,0,401.0,209.0
104154,1,695,91.0,0,401.0,209.0
104154,1,696,91.0,0,401.0,209.0
104154,1,697,91.0,0,401.0,209.0
104154,1,698,91.0,0,401.0,209.0
104154,1,699,91.0,0,401.0,209.0
104154,1,700,91.0,0,401.0,209.0
104154,1,701,91.0,0,401.0,209.0
104154,1,702,91.0,0,401.0,209.0
104154,1,703,91.0,0,401.0,209.0
104154,1,704,91.0,0,401.0,209.0
104154,1,705,91.0,0,401.0,209.0
104154,1,706,91.0,0,401.0,209.0
104154,1,707,91.0,0,401.0,209.0
104154,1,708,91.0,0,401.0,209.0
104154,1,709,91.0,0,401.0,209.0
104154,1,710,91.0,0,401.0,209.0
104154,1,711,91.0,0,401.0,209.0
104154,1,712,91.0,0,401.0,209.0
104154,1,713,91.0,0,401.0,209.0
104154,1,714,91.0,0,401.0,209.0
104154,1,715,91.0,0,401.0,209.0
104154,1,716,91.0,0,401.0,209.0
104154,1,717,91.0,0,401.0,209.0
104154,1,718,91.0,0,401.0,209.0
104154,1,719,91.0,0,401.0,209.0
104154,1,720,91.0,0,401.0,209.0
104154,1,721,91.0,0,401.0,209.0
104154,1,722,91.0,0,401.0,209.0
104154,1,723,91.0,0,401.0,209.0
104154,1,724,91.0,0,401.0,209.0
104154,1,725,91.0,0,401.0,209.0
104154,1,726,91.0,0,401.0,209.0
104154,1,727,91.0,0,401.0,209.0
104154,1,728,91.0,0,401.0,209.0
104154,1,729,91.0,0,401.0,209.0
104154,1,730,91.0,0,401.0,209.0
104154,1,731,91.0,0,401.0,209.0
104154,1,732,91.0,0,401.0,209.0
104154,1,733,91.0,0,420.0,209.0
104154,1,734,91.0,0,420.0,209.0
104154,1,735,91.0,0,420.0,209.0
104154,1,736,91.0,0,420.0,209.0
104154,1,737,91.0,0,420.0,209.0
104154,1,738,91.0,0,420.0,209.0
104154,1,739,91.0,0,420.0,209.0
104154,1,740,91.0,0,420.0,209.0
104154,1,741,91.0,0,420.0,209.0
104154,1,742,91.0,0,420.0,209.0
104154,1,743,91.0,0,428.0,209.0
104154,1,744,91.0,0,428.0,209.0
104154,1,745,91.0,0,428.0,209.0
104154,1,746,91.0,0,428.0,209.0
104154,1,747,91.0,0,428.0,209.0
104154,1,748,91.0,0,428.0,209.0
104154,1,749,91.0,0,428.0,209.0
104154,1,750,91.0,0,428.0,209.0
104154,1,751,91.0,0,432.0,209.0
104154,1,752,91.0,0,432.0,209.0
104154,1,753,91.0,0,432.0,209.0
104154,1,754,91.0,0,432.0,209.0
104154,1,755,91.0,0,432.0,209.0
104154,1,756,91.0,0,432.0,209.0
104154,1,757,91.0,0,432.0,209.0
104154,1,758,91.0,0,432.0,209.0
104154,1,759,91.0,0,432.0,209.0
104154,1,760,91.0,0,432.0,209.0
104154,1,761,91.0,0,432.0,209.0
104154,1,762,91.0,0,432.0,209.0
104154,1,763,91.0,0,432.0,209.0
104154,1,764,91.0,0,432.0,209.0
104154,1,765,91.0,0,432.0,209.0
104154,1,766,91.0,0,432.0,209.0
104154,1,767,91.0,0,432.0,209.0
104154,1,768,91.0,0,432.0,209.0
104154,1,769,91.0,0,432.0,209.0
104154,1,770,91.0,0,432.0,209.0
104154,1,771,91.0,0,432.0,209.0
104154,1,772,91.0,0,432.0,209.0
104154,1,773,91.0,0,432.0,209.0
104154,1,774,91.0,0,432.0,209.0
104154,1,775,91.0,0,432.0,209.0
104154,1,776,91.0,0,432.0,209.0
104154,1,777,91.0,0,432.0,209.0
104154,1,778,91.0,0,432.0,209.0
104154,1,779,91.0,0,432.0,209.0
104154,1,780,91.0,0,432.0,209.0
104154,1,781,91.0,0,432.0,209.0
104154,1,782,91.0,0,432.0,209.0
104154,1,783,91.0,0,432.0,209.0
104154,1,784,91.0,0,432.0,209.0
104154,1,785,91.0,0,432.0,209.0
104154,1,786,91.0,0,432.0,209.0
104154,1,787,91.0,0,432.0,209.0
104154,1,788,91.0,0,432.0,209.0
104154,1,789,91.0,0,432.0,209.0
104154,1,790,91.0,0,432.0,209.0
104154,1,791,91.0,0,432.0,209.0
104154,1,792,91.0,0,432.0,209.0
104154,1,793,91.0,0,432.0,209.0
104154,1,794,91.0,0,432.0,209.0
104154,1,795,91.0,0,432.0,209.0
104154,1,796,91.0,0,432.0,209.0
104154,1,797,91.0,0,432.0,209.0
104154,1,798,91.0,0,432.0,209.0
104154,1,799,91.0,0,432.0,209.0
104154,1,800,91.0,0,432.0,209.0
104154,1,801,91.0,0,432.0,209.0
104154,1,802,91.0,0,432.0,209.0
104154,1,803,91.0,0,432.0,209.0
104154,1,804,91.0,0,432.0,209.0
104154,1,805,91.0,0,432.0,209.0
104154,1,806,91.0,0,432.0,209.0
104154,1,807,91.0,0,432.0,209.0
104154,1,808,91.0,0,432.0,209.0
104154,1,809,91.0,0,432.0,209.0
104154,1,810,91.0,0,432.0,209.0
104154,1,811,91.0,0,432.0,209.0
104154,1,812,91.0,0,432.0,209.0
104154,1,813,91.0,0,432.0,209.0
104154,1,814,91.0,0,432.0,209.0
104154,1,815,91.0,0,432.0,209.0
104154,1,816,91.0,0,432.0,209.0
104154,1,817,91.0,0,432.0,209.0
104154,1,818,91.0,0,432.0,209.0
104154,1,819,91.0,0,432.0,209.0
104154,1,820,91.0,0,432.0,209.0
104154,1,821,91.0,0,432.0,209.0
104154,1,822,91.0,0,432.0,209.0
104154,1,823,91.0,0,432.0,209.0
104154,1,824,91.0,0,432.0,209.0
104154,1,825,91.0,0,432.0,209.0
104154,1,826,91.0,0,432.0,209.0
104154,1,827,91.0,0,432.0,209.0
104154,1,828,91.0,0,432.0,209.0
104154,1,829,91.0,0,432.0,209.0
104154,1,830,91.0,0,432.0,209.0
104154,1,831,91.0,0,432.0,209.0
104154,1,832,91.0,0,432.0,209.0
104154,1,833,91.0,0,432.0,209.0
104154,1,834,91.0,0,432.0,209.0
104154,1,835,91.0,0,445.0,209.0
104154,1,836,91.0,0,445.0,209.0
104154,1,837,91.0,0,445.0,209.0
104154,1,838,91.0,0,445.0,209.0
104154,1,839,91.0,0,445.0,209.0
104154,1,840,91.0,0,445.0,209.0
104154,1,841,91.0,0,445.0,209.0
104154,1,842,91.0,0,445.0,209.0
104154,1,843,91.0,0,445.0,209.0
104154,1,844,91.0,0,445.0,209.0
104154,1,845,91.0,0,445.0,209.0
104154,1,846,91.0,0,445.0,209.0
104154,1,847,91.0,0,445.0,209.0
104154,1,848,91.0,0,445.0,209.0
104154,1,849,91.0,0,445.0,209.0
104154,1,850,91.0,0,445.0,209.0
104154,1,851,91.0,0,445.0,209.0
104154,1,852,91.0,0,445.0,209.0
104154,1,853,91.0,0,445.0,209.0
104154,1,854,91.0,0,445.0,209.0
104154,1,855,91.0,0,445.0,209.0
104154,1,856,91.0,0,445.0,209.0
104154,1,857,91.0,0,445.0,209.0
104154,1,858,91.0,0,445.0,209.0
104154,1,859,91.0,0,445.0,209.0
104154,1,860,91.0,0,445.0,209.0
104154,1,861,91.0,0,445.0,209.0
104154,1,862,91.0,0,445.0,209.0
104154,1,863,91.0,0,445.0,209.0
104154,1,864,91.0,0,445.0,209.0
104154,1,865,91.0,0,445.0,209.0
104154,1,866,91.0,0,445.0,209.0
104154,1,867,91.0,0,445.0,209.0
104154,1,868,91.0,0,445.0,209.0
104154,1,869,91.0,0,445.0,209.0
104154,1,870,91.0,0,445.0,209.0
104154,1,871,91.0,0,445.0,209.0
104154,1,872,91.0,0,445.0,209.0
104154,1,873,91.0,0,445.0,209.0
104154,1,874,91.0,0,445.0,209.0
104154,1,875,91.0,0,445.0,209.0
104154,1,876,91.0,0,445.0,209.0
104154,1,877,91.0,0,445.0,209.0
104154,1,878,91.0,0,445.0,209.0
104154,1,879,91.0,0,445.0,209.0
104154,1,880,91.0,0,445.0,209.0
104154,1,881,91.0,0,445.0,209.0
104154,1,882,91.0,0,445.0,209.0
104154,1,883,91.0,0,445.0,209.0
104154,1,884,91.0,0,445.0,209.0
104154,1,885,91.0,0,445.0,209.0
104154,1,886,91.0,0,445.0,209.0
104154,1,887,91.0,0,445.0,209.0
104154,1,888,91.0,0,445.0,209.0
104154,1,889,91.0,0,445.0,209.0
104154,1,890,91.0,0,445.0,209.0
104154,1,891,91.0,0,445.0,209.0
104154,1,892,91.0,0,445.0,209.0
104154,1,893,91.0,0,445.0,209.0
104154,1,894,91.0,0,445.0,209.0
104154,1,895,91.0,0,445.0,209.0
104154,1,896,91.0,0,445.0,209.0
104154,1,897,91.0,0,445.0,209.0
104154,1,898,91.0,0,425.0,209.0
104154,1,899,91.0,0,425.0,209.0
104154,1,900,91.0,0,425.0,209.0
104154,1,901,91.0,0,425.0,209.0
104154,1,902,91.0,0,425.0,209.0
104154,1,903,91.0,0,425.0,209.0
104154,1,904,91.0,0,425.0,209.0
104154,1,905,91.0,0,425.0,209.0
104154,1,906,91.0,0,425.0,209.0
104154,1,907,91.0,0,425.0,209.0
104154,1,908,91.0,0,414.0,209.0
104154,1,909,91.0,0,414.0,209.0
104154,1,910,91.0,0,414.0,209.0
104154,1,911,91.0,0,414.0,209.0
104154,1,912,91.0,0,414.0,209.0
104154,1,913,91.0,0,392.0,209.0
104154,1,914,91.0,0,392.0,209.0
104154,1,915,91.0,0,392.0,209.0
104154,1,916,91.0,0,392.0,209.0
104154,1,917,91.0,0,392.0,209.0
104154,1,918,91.0,0,392.0,209.0
104154,1,919,91.0,0,392.0,209.0
104154,1,920,91.0,0,371.0,209.0
104154,1,921,91.0,0,371.0,209.0
104154,1,922,91.0,0,371.0,209.0
104154,1,923,91.0,0,371.0,209.0
104154,1,924,91.0,0,371.0,209.0
104154,1,925,91.0,0,371.0,209.0
104154,1,926,91.0,0,348.0,209.0
104154,1,927,91.0,0,348.0,209.0
104154,1,928,91.0,0,348.0,209.0
104154,1,929,91.0,0,348.0,209.0
104154,1,930,91.0,0,348.0,209.0
104154,1,931,91.0,0,348.0,209.0
104154,1,932,91.0,0,348.0,209.0
104154,1,933,91.0,0,348.0,209.0
104154,1,934,105.0,0,319.0,209.0
104154,1,935,105.0,0,319.0,209.0
104154,1,936,105.0,0,319.0,209.0
104154,1,937,105.0,0,319.0,209.0
104154,1,938,105.0,0,319.0,209.0
104154,1,939,105.0,0,319.0,209.0
104154,1,940,104.0,0,318.0,209.0
104154,1,941,103.0,0,317.0,209.0
104154,1,942,102.0,0,316.0,209.0
104154,1,943,102.0,0,316.0,209.0
104154,1,944,102.0,0,316.0,209.0
104154,1,945,102.0,0,316.0,209.0
104154,1,946,102.0,0,316.0,209.0
104154,1,947,102.0,0,316.0,209.0
104154,1,948,102.0,0,316.0,209.0
104154,1,949,122.0,0,280.0,209.0
104154,1,950,122.0,0,280.0,209.0
104154,1,951,122.0,0,280.0,209.0
104154,1,952,122.0,0,280.0,209.0
104154,1,953,122.0,0,280.0,209.0
104154,1,954,122.0,0,280.0,209.0
104154,1,955,122.0,0,280.0,209.0
104154,1,956,122.0,0,280.0,209.0
104154,1,957,122.0,0,280.0,209.0
104154,1,958,122.0,0,280.0,209.0
104154,1,959,122.0,0,280.0,209.0
104154,1,960,122.0,0,280.0,209.0
104154,1,961,122.0,0,280.0,209.0
104154,1,962,122.0,0,280.0,209.0
104154,1,963,122.0,0,280.0,209.0
104154,1,964,122.0,0,280.0,209.0
104154,1,965,122.0,0,280.0,209.0
104154,1,966,122.0,0,278.0,209.0
104154,1,967,122.0,0,278.0,209.0
104154,1,968,122.0,0,278.0,209.0
104154,1,969,122.0,0,278.0,209.0
104154,1,970,122.0,0,278.0,209.0
104154,1,971,122.0,0,278.0,209.0
104154,1,972,122.0,0,278.0,209.0
104154,1,973,122.0,0,278.0,209.0
104154,1,974,122.0,0,278.0,235.0
104154,1,975,122.0,0,278.0,235.0
104154,1,976,122.0,0,278.0,235.0
104154,1,977,122.0,0,278.0,235.0
104154,1,978,122.0,0,278.0,235.0
104154,1,979,122.0,0,278.0,235.0
104154,1,980,122.0,0,278.0,235.0
104154,1,981,122.0,0,278.0,235.0
104154,1,982,122.0,14.0,278.0,236.0
104154,1,983,122.0,14.0,278.0,236.0
104154,1,984,122.0,14.0,278.0,236.0
104154,1,985,122.0,14.0,278.0,236.0
104154,1,986,122.0,14.0,278.0,236.0
104154,1,987,122.0,14.0,278.0,236.0
104154,1,988,122.0,14.0,278.0,236.0
104154,1,989,122.0,14.0,278.0,236.0
104154,1,990,122.0,14.0,278.0,236.0
104154,1,991,122.0,14.0,278.0,236.0
104154,1,992,122.0,14.0,278.0,236.0
104154,1,993,122.0,18.0,278.0,248.0
104154,1,994,122.0,18.0,278.0,248.0
104154,1,995,122.0,18.0,278.0,248.0
104154,1,996,122.0,18.0,278.0,248.0
104154,1,997,122.0,18.0,278.0,248.0
104154,1,998,122.0,18.0,278.0,248.0
104154,1,999,122.0,18.0,278.0,248.0
104154,1,1000,122.0,18.0,278.0,248.0
104154,1,1001,122.0,18.0,278.0,248.0
104154,1,1002,122.0,18.0,278.0,248.0
104154,1,1003,122.0,18.0,278.0,248.0
104154,1,1004,122.0,18.0,278.0,248.0
104154,1,1005,122.0,18.0,278.0,248.0
104154,1,1006,122.0,18.0,278.0,248.0
104154,1,1007,122.0,18.0,278.0,248.0
104154,1,1008,122.0,18.0,278.0,248.0
104154,1,1009,122.0,18.0,278.0,248.0
104154,1,1010,122.0,18.0,258.0,248.0
104154,1,1011,122.0,18.0,258.0,248.0
104154,1,1012,122.0,18.0,258.0,248.0
104154,1,1013,122.0,18.0,258.0,248.0
104154,1,1014,122.0,18.0,258.0,248.0
104154,1,1015,122.0,18.0,258.0,248.0
104154,1,1016,122.0,18.0,258.0,248.0
104154,1,1017,122.0,18.0,258.0,248.0
104154,1,1018,122.0,18.0,258.0,248.0
104154,1,1019,122.0,18.0,258.0,248.0
104154,1,1020,122.0,18.0,258.0,248.0
104154,1,1021,122.0,18.0,258.0,248.0
104154,1,1022,122.0,18.0,258.0,248.0
104154,1,1023,122.0,18.0,258.0,248.0
104154,1,1024,122.0,18.0,258.0,248.0
104154,1,1025,122.0,18.0,258.0,248.0
104154,1,1026,122.0,18.0,258.0,248.0
104154,1,1027,122.0,18.0,258.0,248.0
104154,1,1028,122.0,18.0,258.0,248.0
104154,1,1029,122.0,18.0,258.0,248.0
104154,1,1030,122.0,18.0,258.0,248.0
104154,1,1031,122.0,18.0,258.0,248.0
104154,1,1032,122.0,18.0,258.0,248.0
104154,1,1033,122.0,18.0,258.0,248.0
104154,1,1034,122.0,18.0,258.0,248.0
104154,1,1035,122.0,18.0,258.0,248.0
104154,1,1036,122.0,18.0,258.0,248.0
104154,1,1037,122.0,18.0,258.0,248.0
104154,1,1038,122.0,18.0,258.0,248.0
104154,1,1039,122.0,18.0,258.0,248.0
104154,1,1040,122.0,18.0,258.0,248.0
104154,1,1041,122.0,18.0,258.0,248.0
104154,1,1042,122.0,18.0,258.0,248.0
104154,1,1043,122.0,18.0,258.0,248.0
104154,1,1044,122.0,18.0,258.0,248.0
104154,1,1045,122.0,18.0,258.0,248.0
104154,1,1046,122.0,18.0,258.0,248.0
104154,1,1047,122.0,18.0,258.0,248.0
104154,1,1048,122.0,18.0,258.0,248.0
104154,1,1049,122.0,18.0,258.0,248.0
104154,1,1050,122.0,18.0,258.0,248.0
104154,1,1051,122.0,18.0,258.0,248.0
104154,1,1052,122.0,18.0,258.0,248.0
104154,1,1053,122.0,18.0,258.0,248.0
104154,1,1054,122.0,18.0,258.0,248.0
104154,1,1055,122.0,18.0,258.0,248.0
104154,1,1056,122.0,18.0,258.0,248.0
104154,1,1057,122.0,18.0,258.0,248.0
104154,1,1058,122.0,18.0,258.0,248.0
104154,1,1059,122.0,18.0,258.0,248.0
104154,1,1060,122.0,18.0,258.0,248.0
104154,1,1061,122.0,18.0,258.0,248.0
104154,1,1062,122.0,18.0,258.0,248.0
104154,1,1063,122.0,18.0,258.0,248.0
104154,1,1064,122.0,18.0,258.0,248.0
104154,1,1065,122.0,18.0,258.0,248.0
104154,1,1066,122.0,18.0,258.0,248.0
104154,1,1067,122.0,18.0,258.0,248.0
104154,1,1068,122.0,18.0,258.0,248.0
104154,1,1069,122.0,18.0,258.0,248.0
104154,1,1070,122.0,18.0,258.0,248.0
104154,1,1071,122.0,18.0,258.0,248.0
104154,1,1072,122.0,18.0,258.0,248.0
104154,1,1073,122.0,18.0,258.0,248.0
104154,1,1074,122.0,18.0,258.0,248.0
104154,1,1075,122.0,18.0,258.0,248.0
104154,1,1076,122.0,18.0,258.0,248.0
104154,1,1077,122.0,18.0,258.0,248.0
104154,1,1078,122.0,18.0,258.0,248.0
104154,1,1079,122.0,18.0,258.0,248.0
104154,1,1080,122.0,18.0,258.0,248.0
104154,1,1081,122.0,18.0,258.0,248.0
104154,1,1082,122.0,18.0,258.0,248.0
104154,1,1083,122.0,18.0,258.0,248.0
104154,1,1084,122.0,18.0,258.0,248.0
104154,1,1085,122.0,18.0,258.0,248.0
104154,1,1086,122.0,18.0,258.0,248.0
104154,1,1087,122.0,18.0,258.0,248.0
104154,1,1088,133.0,42.0,280.0,248.0
104154,1,1089,133.0,42.0,280.0,248.0
104154,1,1090,133.0,42.0,280.0,248.0
104154,1,1091,133.0,42.0,280.0,248.0
104154,1,1092,133.0,42.0,280.0,248.0
104154,1,1093,133.0,42.0,280.0,248.0
104154,1,1094,133.0,42.0,280.0,248.0
104154,1,1095,133.0,42.0,280.0,248.0
104154,1,1096,133.0,42.0,280.0,248.0
104154,1,1097,133.0,42.0,280.0,248.0
104154,1,1098,133.0,42.0,280.0,248.0
104154,1,1099,133.0,42.0,280.0,248.0
104154,1,1100,133.0,42.0,280.0,248.0
104154,1,1101,133.0,42.0,280.0,248.0
104154,1,1102,133.0,42.0,280.0,248.0
104154,1,1103,133.0,42.0,280.0,248.0
104154,1,1104,133.0,42.0,280.0,248.0
104154,1,1105,133.0,42.0,280.0,248.0
104154,1,1106,133.0,42.0,280.0,248.0
104154,1,1107,133.0,42.0,280.0,248.0
104154,1,1108,133.0,42.0,280.0,248.0
104154,1,1109,133.0,42.0,280.0,248.0
104154,1,1110,133.0,42.0,280.0,248.0
104154,1,1111,133.0,42.0,280.0,248.0
104154,1,1112,133.0,42.0,280.0,248.0
104154,1,1113,133.0,42.0,280.0,248.0
104154,1,1114,133.0,42.0,280.0,248.0
104154,1,1115,133.0,42.0,280.0,248.0
104154,1,1116,133.0,42.0,280.0,248.0
104154,1,1117,133.0,42.0,280.0,248.0
104154,1,1118,133.0,42.0,280.0,248.0
104154,1,1119,133.0,42.0,280.0,248.0
104154,1,1120,133.0,42.0,280.0,248.0
104154,1,1121,133.0,42.0,280.0,248.0
104154,1,1122,133.0,42.0,280.0,248.0
104154,1,1123,133.0,42.0,280.0,248.0
104154,1,1124,133.0,42.0,280.0,248.0
104154,1,1125,133.0,42.0,280.0,248.0
104154,1,1126,133.0,42.0,280.0,248.0
104154,1,1127,133.0,42.0,280.0,248.0
104154,1,1128,133.0,42.0,280.0,248.0
104154,1,1129,133.0,42.0,280.0,248.0
104154,1,1130,133.0,42.0,280.0,248.0
104154,1,1131,133.0,42.0,280.0,248.0
104154,1,1132,133.0,42.0,280.0,248.0
104154,1,1133,133.0,42.0,280.0,248.0
104154,1,1134,133.0,42.0,280.0,248.0
104154,1,1135,133.0,42.0,280.0,248.0
104154,1,1136,133.0,42.0,280.0,248.0
104154,1,1137,133.0,42.0,280.0,248.0
104154,1,1138,133.0,42.0,280.0,248.0
104154,1,1139,133.0,42.0,280.0,248.0
104154,1,1140,133.0,42.0,280.0,248.0
104154,1,1141,133.0,42.0,280.0,248.0
104154,1,1142,133.0,42.0,280.0,248.0
104154,1,1143,133.0,42.0,280.0,248.0
104154,1,1144,133.0,42.0,280.0,248.0
104154,1,1145,133.0,42.0,280.0,248.0
104154,1,1146,133.0,42.0,280.0,248.0
104154,1,1147,133.0,42.0,280.0,248.0
104154,1,1148,133.0,42.0,280.0,248.0
104154,1,1149,133.0,42.0,280.0,248.0
104154,1,1150,133.0,42.0,280.0,248.0
104154,1,1151,133.0,42.0,280.0,248.0
104154,1,1152,133.0,42.0,280.0,248.0
104154,1,1153,133.0,42.0,280.0,248.0
104154,1,1154,133.0,42.0,280.0,248.0
104154,1,1155,133.0,42.0,280.0,248.0
104154,1,1156,133.0,42.0,280.0,248.0
104154,1,1157,133.0,42.0,280.0,248.0
104154,1,1158,133.0,42.0,280.0,248.0
104154,1,1159,133.0,42.0,280.0,248.0
104154,1,1160,133.0,42.0,280.0,248.0
104154,1,1161,133.0,42.0,280.0,248.0
104154,1,1162,133.0,42.0,280.0,248.0
104154,1,1163,133.0,42.0,280.0,248.0
104154,1,1164,133.0,42.0,280.0,248.0
104154,1,1165,133.0,42.0,280.0,248.0
104154,1,1166,133.0,42.0,280.0,248.0
104154,1,1167,133.0,42.0,280.0,248.0
104154,1,1168,133.0,42.0,280.0,248.0
104154,1,1169,133.0,42.0,280.0,248.0
104154,1,1170,133.0,42.0,280.0,248.0
104154,1,1171,133.0,42.0,280.0,248.0
104154,1,1172,133.0,42.0,280.0,248.0
104154,1,1173,133.0,42.0,280.0,248.0
104154,1,1174,133.0,42.0,280.0,248.0
104154,1,1175,133.0,42.0,280.0,248.0
104154,1,1176,133.0,42.0,280.0,248.0
104154,1,1177,133.0,42.0,280.0,248.0
104154,1,1178,133.0,42.0,280.0,248.0
104154,1,1179,133.0,42.0,280.0,248.0
104154,1,1180,133.0,42.0,280.0,248.0
104154,1,1181,133.0,42.0,280.0,248.0
104154,1,1182,133.0,42.0,280.0,248.0
104154,1,1183,133.0,42.0,280.0,248.0
104154,1,1184,133.0,68.0,280.0,248.0
104154,1,1185,133.0,68.0,280.0,248.0
104154,1,1186,133.0,68.0,280.0,248.0
104154,1,1187,133.0,68.0,280.0,248.0
104154,1,1188,133.0,68.0,280.0,248.0
104154,1,1189,133.0,68.0,280.0,248.0
104154,1,1190,133.0,68.0,280.0,248.0
104154,1,1191,133.0,68.0,280.0,248.0
104154,1,1192,133.0,68.0,280.0,248.0
104154,1,1193,133.0,68.0,280.0,248.0
104154,1,1194,133.0,68.0,280.0,248.0
104154,1,1195,133.0,68.0,280.0,248.0
104154,1,1196,133.0,68.0,280.0,248.0
104154,1,1197,133.0,68.0,280.0,248.0
104154,1,1198,133.0,68.0,280.0,248.0
104154,1,1199,133.0,68.0,280.0,248.0
104154,1,1200,133.0,68.0,280.0,248.0
104154,1,1201,133.0,68.0,280.0,248.0
104154,1,1202,133.0,68.0,280.0,248.0
104154,1,1203,133.0,68.0,280.0,248.0
104154,1,1204,133.0,68.0,280.0,248.0
104154,1,1205,133.0,68.0,280.0,248.0
104154,1,1206,133.0,68.0,280.0,248.0
104154,1,1207,133.0,68.0,280.0,248.0
104154,1,1208,133.0,68.0,280.0,248.0
104154,1,1209,133.0,68.0,280.0,248.0
104154,1,1210,133.0,68.0,280.0,248.0
104154,1,1211,133.0,68.0,280.0,248.0
104154,1,1212,133.0,68.0,280.0,248.0
104154,1,1213,133.0,68.0,280.0,248.0
104154,1,1214,133.0,68.0,280.0,248.0
104154,1,1215,133.0,68.0,280.0,248.0
104154,1,1216,133.0,68.0,280.0,248.0
104154,1,1217,133.0,68.0,280.0,248.0
104154,1,1218,133.0,68.0,280.0,248.0
104154,1,1219,133.0,68.0,280.0,248.0
104154,1,1220,133.0,68.0,280.0,248.0
104154,1,1221,133.0,68.0,280.0,248.0
104154,1,1222,133.0,68.0,280.0,248.0
104154,1,1223,133.0,68.0,280.0,248.0
104154,1,1224,133.0,68.0,280.0,248.0
104154,1,1225,133.0,68.0,280.0,248.0
104154,1,1226,133.0,68.0,280.0,248.0
104154,1,1227,133.0,68.0,280.0,248.0
104154,1,1228,133.0,68.0,280.0,248.0
104154,1,1229,133.0,68.0,280.0,248.0
104154,1,1230,133.0,68.0,280.0,248.0
104154,1,1231,133.0,68.0,280.0,248.0
104154,1,1232,133.0,68.0,280.0,248.0
104154,1,1233,133.0,68.0,280.0,248.0
104154,1,1234,133.0,68.0,280.0,248.0
104154,1,1235,133.0,68.0,280.0,248.0
104154,1,1236,133.0,68.0,280.0,248.0
104154,1,1237,133.0,68.0,280.0,248.0
104154,1,1238,133.0,68.0,280.0,248.0
104154,1,1239,133.0,68.0,280.0,248.0
104154,1,1240,133.0,68.0,280.0,248.0
104154,1,1241,133.0,68.0,280.0,248.0
104154,1,1242,133.0,68.0,280.0,248.0
104154,1,1243,133.0,68.0,280.0,248.0
104154,1,1244,133.0,68.0,280.0,248.0
104154,1,1245,133.0,68.0,280.0,248.0
104154,1,1246,133.0,68.0,280.0,248.0
104154,1,1247,133.0,68.0,280.0,248.0
104154,1,1248,133.0,68.0,280.0,248.0
104154,1,1249,133.0,77.0,280.0,238.0
104154,1,1250,133.0,77.0,280.0,238.0
104154,1,1251,133.0,77.0,280.0,238.0
104154,1,1252,133.0,77.0,280.0,238.0
104154,1,1253,133.0,77.0,280.0,238.0
104154,1,1254,133.0,77.0,280.0,238.0
104154,1,1255,133.0,77.0,280.0,238.0
104154,1,1256,133.0,77.0,280.0,238.0
104154,1,1257,133.0,77.0,280.0,238.0
104154,1,1258,133.0,77.0,280.0,238.0
104154,1,1259,133.0,77.0,280.0,238.0
104154,1,1260,133.0,77.0,280.0,238.0
104154,1,1261,133.0,77.0,280.0,238.0
104154,1,1262,133.0,77.0,280.0,238.0
104154,1,1263,133.0,77.0,280.0,238.0
104154,1,1264,133.0,77.0,280.0,238.0
104154,1,1265,133.0,77.0,280.0,238.0
104154,1,1266,133.0,77.0,280.0,238.0
104154,1,1267,133.0,77.0,280.0,238.0
104154,1,1268,133.0,77.0,280.0,238.0
104154,1,1269,133.0,77.0,280.0,238.0
104154,1,1270,133.0,77.0,280.0,238.0
104154,1,1271,133.0,77.0,280.0,238.0
104154,1,1272,133.0,77.0,280.0,238.0
104154,1,1273,133.0,77.0,280.0,238.0
104154,1,1274,133.0,77.0,280.0,238.0
104154,1,1275,133.0,77.0,280.0,238.0
104154,1,1276,133.0,77.0,280.0,238.0
104154,1,1277,133.0,77.0,280.0,238.0
104154,1,1278,133.0,77.0,280.0,238.0
104154,1,1279,133.0,77.0,280.0,238.0
104154,1,1280,133.0,77.0,280.0,238.0
104154,1,1281,133.0,77.0,280.0,238.0
104154,1,1282,133.0,77.0,280.0,238.0
104154,1,1283,133.0,77.0,280.0,238.0
104154,1,1284,133.0,77.0,280.0,238.0
104154,1,1285,133.0,77.0,280.0,238.0
104154,1,1286,133.0,77.0,280.0,238.0
104154,1,1287,133.0,77.0,280.0,238.0
104154,1,1288,133.0,77.0,280.0,238.0
104154,1,1289,133.0,77.0,280.0,238.0
104154,1,1290,133.0,77.0,280.0,238.0
104154,1,1291,133.0,77.0,280.0,238.0
104154,1,1292,133.0,77.0,280.0,238.0
104154,1,1293,133.0,77.0,280.0,238.0
104154,1,1294,133.0,77.0,280.0,238.0
104154,1,1295,133.0,77.0,280.0,238.0
104154,1,1296,133.0,77.0,280.0,238.0
104154,1,1297,133.0,77.0,280.0,238.0
104154,1,1298,133.0,77.0,280.0,238.0
104154,1,1299,133.0,77.0,280.0,238.0
104154,1,1300,133.0,77.0,280.0,238.0
104154,1,1301,133.0,77.0,280.0,238.0
104154,1,1302,133.0,57.0,280.0,238.0
104154,1,1303,133.0,57.0,280.0,238.0
104154,1,1304,133.0,57.0,280.0,238.0
104154,1,1305,133.0,57.0,280.0,238.0
104154,1,1306,133.0,57.0,280.0,238.0
104154,1,1307,133.0,57.0,280.0,238.0
104154,1,1308,133.0,57.0,280.0,238.0
104154,1,1309,133.0,57.0,280.0,238.0
104154,1,1310,133.0,57.0,280.0,238.0
104154,1,1311,133.0,57.0,280.0,238.0
104154,1,1312,133.0,57.0,280.0,238.0
104154,1,1313,133.0,57.0,280.0,238.0
104154,1,1314,133.0,57.0,280.0,238.0
104154,1,1315,133.0,57.0,280.0,238.0
104154,1,1316,133.0,57.0,280.0,238.0
104154,1,1317,133.0,57.0,280.0,238.0
104154,1,1318,133.0,57.0,280.0,238.0
104154,1,1319,133.0,57.0,280.0,238.0
104154,1,1320,133.0,57.0,280.0,238.0
104154,1,1321,133.0,57.0,280.0,238.0
104154,1,1322,133.0,57.0,280.0,238.0
104154,1,1323,133.0,57.0,280.0,238.0
104154,1,1324,133.0,36.0,280.0,238.0
104154,1,1325,133.0,36.0,280.0,238.0
104154,1,1326,133.0,36.0,280.0,238.0
104154,1,1327,133.0,36.0,280.0,238.0
104154,1,1328,133.0,36.0,280.0,238.0
104154,1,1329,133.0,36.0,280.0,238.0
104154,1,1330,133.0,36.0,280.0,238.0
104154,1,1331,133.0,36.0,280.0,238.0
104154,1,1332,133.0,36.0,280.0,238.0
104154,1,1333,133.0,36.0,280.0,238.0
104154,1,1334,133.0,36.0,280.0,238.0
104154,1,1335,133.0,36.0,280.0,238.0
104154,1,1336,133.0,36.0,280.0,238.0
104154,1,1337,133.0,36.0,280.0,238.0
104154,1,1338,133.0,36.0,280.0,238.0
104154,1,1339,133.0,36.0,280.0,238.0
104154,1,1340,133.0,36.0,280.0,238.0
104154,1,1341,133.0,36.0,280.0,238.0
104154,1,1342,133.0,36.0,280.0,238.0
104154,1,1343,133.0,36.0,280.0,238.0
104154,1,1344,133.0,36.0,280.0,238.0
104154,1,1345,133.0,36.0,280.0,238.0
104154,1,1346,133.0,36.0,280.0,238.0
104154,1,1347,133.0,36.0,280.0,238.0
104154,1,1348,133.0,36.0,280.0,238.0
104154,1,1349,133.0,36.0,280.0,238.0
104154,1,1350,133.0,36.0,280.0,238.0
104154,1,1351,133.0,36.0,280.0,238.0
104154,1,1352,133.0,36.0,280.0,238.0
104154,1,1353,133.0,36.0,280.0,238.0
104154,1,1354,133.0,36.0,280.0,238.0
104154,1,1355,133.0,36.0,280.0,238.0
104154,1,1356,133.0,36.0,280.0,238.0
104154,1,1357,133.0,36.0,280.0,238.0
104154,1,1358,133.0,36.0,280.0,238.0
104154,1,1359,133.0,36.0,280.0,238.0
104154,1,1360,133.0,36.0,280.0,238.0
104154,1,1361,133.0,36.0,280.0,238.0
104154,1,1362,133.0,36.0,280.0,238.0
104154,1,1363,133.0,36.0,280.0,238.0
104154,1,1364,133.0,36.0,280.0,238.0
104154,1,1365,133.0,36.0,280.0,238.0
104154,1,1366,133.0,36.0,280.0,238.0
104154,1,1367,133.0,36.0,280.0,238.0
104154,1,1368,133.0,36.0,280.0,238.0
104154,1,1369,133.0,36.0,280.0,238.0
104154,1,1370,133.0,36.0,280.0,238.0
104154,1,1371,133.0,36.0,280.0,238.0
104154,1,1372,133.0,36.0,280.0,238.0
104154,1,1373,133.0,36.0,280.0,238.0
104154,1,1374,133.0,36.0,280.0,238.0
104154,1,1375,133.0,36.0,280.0,238.0
104154,1,1376,133.0,36.0,280.0,238.0
104154,1,1377,133.0,36.0,280.0,238.0
104154,1,1378,133.0,36.0,280.0,238.0
104154,1,1379,133.0,36.0,280.0,238.0
104154,1,1380,133.0,36.0,280.0,238.0
104154,1,1381,133.0,36.0,280.0,238.0
104154,1,1382,133.0,36.0,280.0,238.0
104154,1,1383,133.0,36.0,280.0,238.0
104154,1,1384,133.0,36.0,280.0,238.0
104154,1,1385,133.0,36.0,280.0,238.0
104154,1,1386,133.0,36.0,280.0,238.0
104154,1,1387,133.0,36.0,280.0,238.0
104154,1,1388,133.0,36.0,280.0,238.0
104154,1,1389,133.0,36.0,280.0,238.0
104154,1,1390,133.0,36.0,280.0,238.0
104154,1,1391,133.0,36.0,280.0,238.0
104154,1,1392,133.0,36.0,280.0,238.0
104154,1,1393,133.0,36.0,280.0,238.0
104154,1,1394,133.0,36.0,280.0,238.0
104154,1,1395,133.0,36.0,280.0,238.0
104154,1,1396,133.0,36.0,280.0,238.0
104154,1,1397,133.0,36.0,280.0,238.0
104154,1,1398,133.0,36.0,280.0,238.0
104154,1,1399,133.0,36.0,280.0,238.0
104154,1,1400,133.0,36.0,280.0,238.0
104154,1,1401,133.0,36.0,280.0,238.0
104154,1,1402,133.0,36.0,280.0,238.0
104154,1,1403,133.0,36.0,280.0,238.0
104154,1,1404,133.0,36.0,280.0,238.0
104154,1,1405,133.0,36.0,280.0,238.0
104154,1,1406,133.0,36.0,280.0,238.0
104154,1,1407,133.0,36.0,280.0,238.0
104154,1,1408,133.0,36.0,280.0,238.0
104154,1,1409,133.0,36.0,280.0,238.0
104154,1,1410,133.0,36.0,280.0,238.0
104154,1,1411,133.0,36.0,280.0,238.0
104154,1,1412,133.0,16.0,299.0,238.0
104154,1,1413,133.0,16.0,299.0,238.0
104154,1,1414,133.0,16.0,299.0,238.0
104154,1,1415,133.0,16.0,299.0,238.0
104154,1,1416,133.0,16.0,299.0,238.0
104154,1,1417,133.0,16.0,299.0,238.0
104154,1,1418,133.0,16.0,299.0,238.0
104154,1,1419,133.0,16.0,299.0,238.0
104154,1,1420,133.0,16.0,299.0,238.0
104154,1,1421,133.0,16.0,299.0,238.0
104154,1,1422,133.0,16.0,299.0,238.0
104154,1,1423,133.0,16.0,299.0,238.0
104154,1,1424,133.0,16.0,299.0,238.0
104154,1,1425,133.0,16.0,299.0,238.0
104154,1,1426,133.0,16.0,299.0,238.0
104154,1,1427,117.0,16.0,317.0,221.0
104154,1,1428,117.0,16.0,317.0,221.0
104154,1,1429,117.0,16.0,317.0,221.0
104154,1,1430,117.0,16.0,317.0,221.0
104154,1,1431,117.0,16.0,317.0,221.0
104154,1,1432,117.0,16.0,317.0,221.0
104154,1,1433,117.0,16.0,317.0,221.0
104154,1,1434,117.0,16.0,317.0,221.0
104154,1,1435,117.0,16.0,317.0,221.0
104154,1,1436,117.0,16.0,317.0,221.0
104154,1,1437,117.0,16.0,317.0,221.0
104154,1,1438,117.0,0,297.0,220.0
104154,1,1439,117.0,0,297.0,220.0
104154,1,1440,117.0,0,297.0,220.0
104154,1,1441,117.0,0,297.0,220.0
104154,1,1442,117.0,0,297.0,220.0
104154,1,1443,117.0,0,297.0,220.0
104154,1,1444,117.0,0,297.0,220.0
104154,1,1445,117.0,0,297.0,220.0
104154,1,1446,117.0,0,323.0,220.0
104154,1,1447,117.0,0,323.0,220.0
104154,1,1448,117.0,0,323.0,220.0
104154,1,1449,117.0,0,323.0,220.0
104154,1,1450,117.0,0,323.0,220.0
104154,1,1451,117.0,0,323.0,220.0
104154,1,1452,117.0,0,323.0,220.0
104154,1,1453,117.0,0,323.0,220.0
104154,1,1454,117.0,0,323.0,220.0
104154,1,1455,117.0,0,323.0,220.0
104154,1,1456,96.0,0,356.0,220.0
104154,1,1457,96.0,0,356.0,220.0
104154,1,1458,96.0,0,356.0,220.0
104154,1,1459,96.0,0,356.0,220.0
104154,1,1460,96.0,0,356.0,220.0
104154,1,1461,96.0,0,356.0,220.0
104154,1,1462,96.0,0,356.0,220.0
104154,1,1463,96.0,0,356.0,220.0
104154,1,1464,96.0,0,356.0,220.0
104154,1,1465,96.0,0,356.0,220.0
104154,1,1466,96.0,0,376.0,220.0
104154,1,1467,96.0,0,376.0,220.0
104154,1,1468,96.0,0,376.0,220.0
104154,1,1469,96.0,0,376.0,220.0
104154,1,1470,96.0,0,376.0,220.0
104154,1,1471,96.0,0,376.0,220.0
104154,1,1472,96.0,0,376.0,220.0
104154,1,1473,96.0,0,376.0,220.0
104154,1,1474,96.0,0,376.0,220.0
104154,1,1475,96.0,0,376.0,220.0
104154,1,1476,79.0,0,397.0,220.0
104154,1,1477,79.0,0,397.0,220.0
104154,1,1478,79.0,0,397.0,220.0
104154,1,1479,79.0,0,397.0,220.0
104154,1,1480,79.0,0,397.0,220.0
104154,1,1481,79.0,0,397.0,220.0
104154,1,1482,79.0,0,397.0,220.0
104154,1,1483,79.0,0,397.0,220.0
104154,1,1484,79.0,0,397.0,220.0
104154,1,1485,79.0,0,397.0,220.0
104154,1,1486,79.0,0,397.0,220.0
104154,1,1487,79.0,0,424.0,220.0
104154,1,1488,79.0,0,424.0,220.0
104154,1,1489,79.0,0,424.0,220.0
104154,1,1490,79.0,0,424.0,220.0
104154,1,1491,79.0,0,424.0,220.0
104154,1,1492,79.0,0,424.0,220.0
104154,1,1493,79.0,0,424.0,220.0
104154,1,1494,79.0,0,424.0,220.0
104154,1,1495,79.0,0,424.0,220.0
104154,1,1496,79.0,0,424.0,220.0
104154,1,1497,79.0,0,424.0,220.0
104154,1,1498,79.0,0,424.0,220.0
104154,1,1499,79.0,0,424.0,220.0
104154,1,1500,79.0,0,424.0,220.0
104154,1,1501,79.0,0,424.0,220.0
104154,1,1502,79.0,0,424.0,220.0
104154,1,1503,79.0,0,424.0,220.0
104154,1,1504,79.0,0,424.0,220.0
104154,1,1505,79.0,0,424.0,220.0
104154,1,1506,79.0,0,424.0,220.0
104154,1,1507,79.0,0,424.0,220.0
104154,1,1508,79.0,0,424.0,220.0
104154,1,1509,79.0,0,424.0,220.0
104154,1,1510,79.0,0,424.0,220.0
104154,1,1511,79.0,0,424.0,220.0
104154,1,1512,79.0,0,424.0,220.0
104154,1,1513,90.0,0,424.0,220.0
104154,1,1514,90.0,0,424.0,220.0
104154,1,1515,90.0,0,424.0,220.0
104154,1,1516,90.0,0,424.0,220.0
104154,1,1517,90.0,0,424.0,220.0
104154,1,1518,90.0,0,424.0,220.0
104154,1,1519,90.0,0,424.0,220.0
104154,1,1520,90.0,0,424.0,220.0
104154,1,1521,90.0,0,424.0,220.0
104154,1,1522,90.0,0,424.0,220.0
104154,1,1523,90.0,0,424.0,220.0
104154,1,1524,90.0,0,424.0,220.0
104154,1,1525,90.0,0,424.0,220.0
104154,1,1526,90.0,0,424.0,220.0
104154,1,1527,90.0,0,424.0,220.0
104154,1,1528,90.0,0,424.0,220.0
104154,1,1529,90.0,0,424.0,220.0
104154,1,1530,90.0,0,424.0,220.0
104154,1,1531,90.0,0,424.0,220.0
104154,1,1532,90.0,0,424.0,220.0
104154,1,1533,90.0,0,424.0,220.0
104154,1,1534,90.0,0,424.0,220.0
104154,1,1535,90.0,0,424.0,220.0
104154,1,1536,90.0,0,424.0,220.0
104154,1,1537,90.0,0,424.0,220.0
104154,1,1538,90.0,0,424.0,220.0
104154,1,1539,90.0,0,424.0,220.0
104154,1,1540,90.0,0,424.0,220.0
104154,1,1541,90.0,0,424.0,220.0
104154,1,1542,90.0,0,424.0,220.0
104154,1,1543,90.0,0,424.0,220.0
104154,1,1544,90.0,0,424.0,220.0
104154,1,1545,90.0,0,424.0,220.0
104154,1,1546,90.0,0,424.0,220.0
104154,1,1547,90.0,0,424.0,220.0
104154,1,1548,90.0,0,424.0,220.0
104154,1,1549,90.0,0,424.0,220.0
104154,1,1550,90.0,0,424.0,220.0
104154,1,1551,90.0,3.0,443.0,220.0
104154,1,1552,90.0,3.0,443.0,220.0
104154,1,1553,90.0,3.0,443.0,220.0
104154,1,1554,90.0,3.0,443.0,220.0
104154,1,1555,90.0,3.0,443.0,220.0
104154,1,1556,90.0,3.0,443.0,220.0
104154,1,1557,90.0,3.0,443.0,220.0
104154,1,1558,90.0,3.0,443.0,220.0
104154,1,1559,90.0,3.0,443.0,220.0
104154,1,1560,90.0,3.0,443.0,220.0
104154,1,1561,90.0,3.0,443.0,220.0
104154,1,1562,90.0,3.0,443.0,220.0
104154,1,1563,90.0,3.0,443.0,220.0
104154,1,1564,90.0,3.0,443.0,220.0
104154,1,1565,90.0,3.0,443.0,220.0
104154,1,1566,90.0,3.0,443.0,220.0
104154,1,1567,90.0,3.0,443.0,220.0
104154,1,1568,90.0,3.0,443.0,220.0
104154,1,1569,90.0,3.0,443.0,220.0
104154,1,1570,90.0,3.0,443.0,220.0
104154,1,1571,90.0,3.0,443.0,220.0
104154,1,1572,90.0,3.0,443.0,220.0
104154,1,1573,90.0,3.0,443.0,220.0
104154,1,1574,90.0,3.0,443.0,220.0
104154,1,1575,90.0,3.0,443.0,220.0
104154,1,1576,90.0,3.0,443.0,220.0
104154,1,1577,90.0,3.0,443.0,220.0
104154,1,1578,90.0,3.0,443.0,220.0
104154,1,1579,90.0,3.0,443.0,220.0
104154,1,1580,90.0,3.0,443.0,220.0
104154,1,1581,90.0,3.0,443.0,220.0
104154,1,1582,90.0,13.0,456.0,220.0
104154,1,1583,90.0,13.0,456.0,220.0
104154,1,1584,90.0,13.0,456.0,220.0
104154,1,1585,90.0,13.0,456.0,220.0
104154,1,1586,90.0,13.0,456.0,220.0
104154,1,1587,90.0,13.0,456.0,220.0
104154,1,1588,90.0,13.0,456.0,220.0
104154,1,1589,90.0,13.0,456.0,220.0
104154,1,1590,90.0,13.0,456.0,220.0
104154,1,1591,90.0,13.0,456.0,220.0
104154,1,1592,90.0,13.0,456.0,220.0
104154,1,1593,90.0,13.0,456.0,220.0
104154,1,1594,90.0,13.0,456.0,220.0
104154,1,1595,90.0,13.0,456.0,220.0
104154,1,1596,90.0,13.0,456.0,220.0
104154,1,1597,90.0,13.0,456.0,220.0
104154,1,1598,90.0,13.0,456.0,220.0
104154,1,1599,90.0,13.0,456.0,220.0
104154,1,1600,90.0,13.0,456.0,220.0
104154,1,1601,90.0,13.0,456.0,220.0
104154,1,1602,90.0,13.0,456.0,220.0
104154,1,1603,90.0,13.0,456.0,220.0
104154,1,1604,90.0,13.0,456.0,220.0
104154,1,1605,90.0,13.0,456.0,220.0
104154,1,1606,90.0,13.0,456.0,220.0
104154,1,1607,90.0,13.0,456.0,220.0
104154,1,1608,90.0,13.0,456.0,220.0
104154,1,1609,90.0,13.0,456.0,220.0
104154,1,1610,90.0,13.0,456.0,220.0
104154,1,1611,90.0,13.0,456.0,220.0
104154,1,1612,90.0,13.0,456.0,220.0
104154,1,1613,90.0,13.0,456.0,220.0
104154,1,1614,90.0,13.0,456.0,220.0
104154,1,1615,90.0,13.0,456.0,220.0
104154,1,1616,90.0,13.0,456.0,220.0
104154,1,1617,90.0,13.0,456.0,220.0
104154,1,1618,90.0,13.0,456.0,220.0
104154,1,1619,90.0,13.0,456.0,220.0
104154,1,1620,90.0,13.0,456.0,220.0
104154,1,1621,90.0,13.0,456.0,220.0
104154,1,1622,90.0,13.0,456.0,220.0
104154,1,1623,90.0,13.0,456.0,220.0
104154,1,1624,90.0,13.0,456.0,220.0
104154,1,1625,90.0,13.0,456.0,220.0
104154,1,1626,90.0,13.0,456.0,220.0
104154,1,1627,90.0,13.0,456.0,220.0
104154,1,1628,90.0,13.0,456.0,220.0
104154,1,1629,90.0,13.0,456.0,220.0
104154,1,1630,90.0,13.0,456.0,220.0
104154,1,1631,90.0,13.0,456.0,220.0
104154,1,1632,90.0,13.0,456.0,220.0
104154,1,1633,90.0,13.0,456.0,220.0
104154,1,1634,90.0,13.0,456.0,220.0
104154,1,1635,90.0,13.0,456.0,220.0
104154,1,1636,90.0,13.0,456.0,220.0
104154,1,1637,90.0,13.0,456.0,220.0
104154,1,1638,90.0,13.0,456.0,220.0
104154,1,1639,90.0,13.0,456.0,220.0
104154,1,1640,90.0,13.0,456.0,220.0
104154,1,1641,90.0,13.0,456.0,220.0
104154,1,1642,90.0,13.0,456.0,220.0
104154,1,1643,90.0,13.0,456.0,220.0
104154,1,1644,90.0,13.0,456.0,220.0
104154,1,1645,90.0,13.0,456.0,220.0
104154,1,1646,90.0,13.0,456.0,220.0
104154,1,1647,90.0,13.0,456.0,220.0
104154,1,1648,90.0,13.0,456.0,220.0
104154,1,1649,90.0,13.0,456.0,220.0
104154,1,1650,90.0,13.0,456.0,220.0
104154,1,1651,90.0,13.0,456.0,220.0
104154,1,1652,90.0,13.0,456.0,220.0
104154,1,1653,90.0,13.0,456.0,220.0
104154,1,1654,90.0,13.0,456.0,220.0
104154,1,1655,90.0,13.0,456.0,220.0
104154,1,1656,90.0,13.0,456.0,220.0
104154,1,1657,90.0,13.0,456.0,220.0
104154,1,1658,90.0,13.0,456.0,220.0
104154,1,1659,90.0,13.0,456.0,220.0
104154,1,1660,90.0,13.0,456.0,220.0
104154,1,1661,90.0,13.0,456.0,220.0
104154,1,1662,90.0,13.0,456.0,220.0
104154,1,1663,90.0,13.0,456.0,220.0
104154,1,1664,90.0,13.0,456.0,220.0
104154,1,1665,90.0,13.0,456.0,220.0
104154,1,1666,90.0,0,456.0,220.0
104154,1,1667,90.0,0,456.0,220.0
104154,1,1668,90.0,0,456.0,220.0
104154,1,1669,90.0,0,456.0,220.0
104154,1,1670,90.0,0,456.0,220.0
104154,1,1671,90.0,0,456.0,220.0
104154,1,1672,90.0,0,456.0,220.0
104154,1,1673,90.0,0,456.0,220.0
104154,1,1674,90.0,0,456.0,220.0
104154,1,1675,90.0,0,456.0,220.0
104154,1,1676,90.0,0,456.0,220.0
104154,1,1677,90.0,0,456.0,220.0
104154,1,1678,90.0,0,456.0,220.0
104154,1,1679,90.0,0,456.0,220.0
104154,1,1680,90.0,0,456.0,220.0
104154,1,1681,90.0,0,456.0,220.0
104154,1,1682,90.0,0,456.0,220.0
104154,1,1683,90.0,0,456.0,220.0
104154,1,1684,90.0,0,456.0,220.0
104154,1,1685,90.0,0,456.0,220.0
104154,1,1686,90.0,0,456.0,220.0
104154,1,1687,90.0,0,456.0,220.0
104154,1,1688,90.0,0,456.0,220.0
104154,1,1689,90.0,0,456.0,220.0
104154,1,1690,90.0,0,456.0,220.0
104154,1,1691,90.0,0,456.0,220.0
104154,1,1692,90.0,0,456.0,220.0
104154,1,1693,90.0,0,456.0,220.0
104154,1,1694,90.0,0,456.0,220.0
104154,1,1695,90.0,0,456.0,220.0
104154,1,1696,90.0,0,456.0,220.0
104154,1,1697,90.0,0,456.0,220.0
104154,1,1698,90.0,0,456.0,220.0
104154,1,1699,90.0,0,456.0,220.0
104154,1,1700,90.0,0,456.0,220.0
104154,1,1701,90.0,0,456.0,220.0
104154,1,1702,90.0,0,456.0,220.0
104154,1,1703,90.0,0,456.0,220.0
104154,1,1704,90.0,0,456.0,220.0
104154,1,1705,90.0,0,456.0,220.0
104154,1,1706,90.0,0,456.0,220.0
104154,1,1707,90.0,0,456.0,220.0
104154,1,1708,90.0,0,456.0,220.0
104154,1,1709,90.0,0,456.0,220.0
104154,1,1710,90.0,0,456.0,220.0
104154,1,1711,90.0,0,456.0,220.0
104154,1,1712,90.0,0,436.0,220.0
104154,1,1713,90.0,0,436.0,220.0
104154,1,1714,90.0,0,436.0,220.0
104154,1,1715,90.0,0,436.0,220.0
104154,1,1716,90.0,0,436.0,220.0
104154,1,1717,90.0,0,436.0,220.0
104154,1,1718,90.0,0,436.0,220.0
104154,1,1719,90.0,0,436.0,220.0
104154,1,1720,90.0,0,436.0,220.0
104154,1,1721,90.0,0,436.0,220.0
104154,1,1722,90.0,0,436.0,220.0
104154,1,1723,90.0,0,423.0,220.0
104154,1,1724,90.0,0,423.0,220.0
104154,1,1725,90.0,0,423.0,220.0
104154,1,1726,90.0,0,423.0,220.0
104154,1,1727,90.0,0,423.0,220.0
104154,1,1728,90.0,0,423.0,220.0
104154,1,1729,90.0,0,423.0,220.0
104154,1,1730,90.0,0,423.0,220.0
104154,1,1731,90.0,0,423.0,220.0
104154,1,1732,90.0,0,423.0,220.0
104154,1,1733,90.0,0,423.0,220.0
104154,1,1734,90.0,0,423.0,220.0
104154,1,1735,90.0,0,423.0,220.0
104154,1,1736,90.0,0,406.0,220.0
104154,1,1737,90.0,0,406.0,220.0
104154,1,1738,90.0,0,406.0,220.0
104154,1,1739,90.0,0,406.0,220.0
104154,1,1740,90.0,0,406.0,220.0
104154,1,1741,90.0,0,406.0,220.0
104154,1,1742,90.0,0,406.0,220.0
104154,1,1743,90.0,0,406.0,220.0
104154,1,1744,90.0,0,406.0,220.0
104154,1,1745,90.0,0,406.0,220.0
104154,1,1746,90.0,0,406.0,220.0
104154,1,1747,90.0,0,406.0,220.0
104154,1,1748,90.0,0,406.0,220.0
104154,1,1749,90.0,0,406.0,220.0
104154,1,1750,90.0,0,406.0,220.0
104154,1,1751,90.0,0,406.0,220.0
104154,1,1752,90.0,0,406.0,220.0
104154,1,1753,90.0,0,406.0,220.0
104154,1,1754,90.0,0,388.0,220.0
104154,1,1755,90.0,0,388.0,220.0
104154,1,1756,90.0,0,388.0,220.0
104154,1,1757,90.0,0,388.0,220.0
104154,1,1758,90.0,0,388.0,220.0
104154,1,1759,90.0,0,388.0,220.0
104154,1,1760,90.0,0,388.0,220.0
104154,1,1761,90.0,0,388.0,220.0
104154,1,1762,90.0,0,388.0,220.0
104154,1,1763,90.0,0,388.0,220.0
104154,1,1764,90.0,0,388.0,220.0
104154,1,1765,118.0,0,388.0,220.0
104154,1,1766,118.0,0,388.0,220.0
104154,1,1767,118.0,0,349.0,220.0
104154,1,1768,118.0,0,349.0,220.0
104154,1,1769,118.0,0,349.0,220.0
104154,1,1770,118.0,0,349.0,220.0
104154,1,1771,118.0,0,349.0,220.0
104154,1,1772,118.0,0,349.0,220.0
104154,1,1773,118.0,0,349.0,220.0
104154,1,1774,118.0,0,349.0,220.0
104154,1,1775,118.0,0,349.0,220.0
104154,1,1776,118.0,0,318.0,220.0
104154,1,1777,118.0,0,318.0,220.0
104154,1,1778,118.0,0,318.0,220.0
104154,1,1779,118.0,0,318.0,220.0
104154,1,1780,118.0,0,318.0,220.0
104154,1,1781,130.0,0,299.0,220.0
104154,1,1782,130.0,0,299.0,220.0
104154,1,1783,130.0,0,299.0,220.0
104154,1,1784,130.0,0,299.0,220.0
104154,1,1785,130.0,0,299.0,220.0
104154,1,1786,130.0,0,299.0,220.0
104154,1,1787,130.0,0,299.0,220.0
104154,1,1788,130.0,0,299.0,220.0
104154,1,1789,130.0,0,299.0,220.0
104154,1,1790,130.0,0,299.0,220.0
104154,1,1791,130.0,0,299.0,220.0
104154,1,1792,130.0,0,299.0,220.0
104154,1,1793,130.0,0,276.0,220.0
104154,1,1794,130.0,0,276.0,220.0
104154,1,1795,130.0,0,276.0,220.0
104154,1,1796,130.0,0,276.0,220.0
104154,1,1797,130.0,0,276.0,220.0
104154,1,1798,130.0,0,276.0,220.0
104154,1,1799,129.0,0,275.0,220.0
104154,1,1800,128.0,0,274.0,220.0
104154,1,1801,127.0,0,273.0,220.0
104154,1,1802,126.0,0,272.0,220.0
104154,1,1803,125.0,0,271.0,220.0
104154,1,1804,82.0,0,270.0,220.0
104154,1,1805,81.0,0,269.0,220.0
104154,1,1806,80.0,0,268.0,220.0
104154,1,1807,79.0,0,267.0,220.0
104154,1,1808,78.0,0,266.0,220.0
104154,1,1809,77.0,0,265.0,220.0
104154,1,1810,76.0,0,264.0,220.0
104154,1,1811,76.0,0,291.0,220.0
104154,1,1812,76.0,0,291.0,220.0
104154,1,1813,76.0,0,291.0,220.0
104154,1,1814,76.0,0,291.0,220.0
104154,1,1815,76.0,0,291.0,220.0
104154,1,1816,76.0,0,291.0,220.0
104154,1,1817,50.0,0,290.0,220.0
104154,1,1818,50.0,0,290.0,220.0
104154,1,1819,50.0,0,290.0,220.0
104154,1,1820,50.0,0,290.0,220.0
104154,1,1821,50.0,0,290.0,220.0
104154,1,1822,50.0,0,290.0,220.0
104154,1,1823,50.0,0,290.0,220.0
104154,1,1824,50.0,0,290.0,220.0
104154,1,1825,50.0,0,290.0,220.0
104154,1,1826,50.0,0,290.0,220.0
104154,1,1827,50.0,0,290.0,220.0
104154,1,1828,50.0,0,290.0,220.0
104154,1,1829,50.0,0,290.0,220.0
104154,1,1830,50.0,0,290.0,220.0
104154,1,1831,50.0,0,290.0,220.0
104154,1,1832,50.0,0,290.0,220.0
104154,1,1833,50.0,0,290.0,220.0
104154,1,1834,50.0,0,290.0,220.0
104154,1,1835,50.0,0,290.0,220.0
104154,1,1836,50.0,0,290.0,220.0
104154,1,1837,50.0,0,290.0,220.0
104154,1,1838,50.0,0,290.0,220.0
104154,1,1839,50.0,0,290.0,220.0
104154,1,1840,25.0,0,289.0,220.0
104154,1,1841,25.0,0,289.0,220.0
104154,1,1842,25.0,0,289.0,220.0
104154,1,1843,25.0,0,289.0,220.0
104154,1,1844,25.0,0,289.0,220.0
104154,1,1845,25.0,0,289.0,220.0
104154,1,1846,25.0,0,289.0,220.0
104154,1,1847,25.0,0,289.0,220.0
104154,1,1848,25.0,0,289.0,220.0
104154,1,1849,25.0,0,289.0,220.0
104154,1,1850,25.0,0,289.0,220.0
104154,1,1851,25.0,0,289.0,220.0
104154,1,1852,25.0,0,289.0,220.0
104154,1,1853,25.0,0,289.0,220.0
104154,1,1854,25.0,0,289.0,220.0
104154,1,1855,25.0,0,289.0,220.0
104154,1,1856,25.0,0,289.0,220.0
104154,1,1857,25.0,0,289.0,220.0
104154,1,1858,25.0,0,289.0,220.0
104154,1,1859,25.0,0,289.0,220.0
104154,1,1860,46.0,0,288.0,220.0
104154,1,1861,46.0,0,288.0,220.0
104154,1,1862,46.0,0,288.0,220.0
104154,1,1863,46.0,0,288.0,220.0
104154,1,1864,46.0,0,288.0,220.0
104154,1,1865,46.0,0,288.0,220.0
104154,1,1866,46.0,0,288.0,220.0
104154,1,1867,46.0,0,288.0,220.0
104154,1,1868,46.0,0,288.0,220.0
104154,1,1869,46.0,0,288.0,220.0
104154,1,1870,46.0,0,288.0,220.0
104154,1,1871,46.0,0,288.0,220.0
104154,1,1872,46.0,0,288.0,220.0
104154,1,1873,46.0,0,288.0,220.0
104154,1,1874,46.0,0,288.0,220.0
104154,1,1875,46.0,0,288.0,220.0
104154,1,1876,46.0,0,288.0,220.0
104154,1,1877,46.0,0,288.0,220.0
104154,1,1878,56.0,0,288.0,220.0
104154,1,1879,56.0,0,288.0,220.0
104154,1,1880,56.0,0,288.0,220.0
104154,1,1881,56.0,0,288.0,220.0
104154,1,1882,56.0,0,288.0,220.0
104154,1,1883,56.0,0,288.0,220.0
104154,1,1884,56.0,0,288.0,220.0
104154,1,1885,56.0,0,288.0,220.0
104154,1,1886,56.0,0,288.0,220.0
104154,1,1887,56.0,0,288.0,220.0
104154,1,1888,56.0,0,288.0,220.0
104154,1,1889,56.0,0,288.0,220.0
104154,1,1890,56.0,0,288.0,220.0
104154,1,1891,56.0,0,288.0,220.0
104154,1,1892,56.0,0,288.0,220.0
104154,1,1893,56.0,0,288.0,220.0
104154,1,1894,56.0,0,288.0,220.0
104154,1,1895,56.0,0,288.0,220.0
104154,1,1896,56.0,0,288.0,220.0
104154,1,1897,56.0,0,288.0,220.0
104154,1,1898,56.0,0,288.0,220.0
104154,1,1899,30.0,32.0,288.0,220.0
104154,1,1900,30.0,32.0,288.0,220.0
104154,1,1901,30.0,32.0,288.0,220.0
104154,1,1902,30.0,32.0,288.0,220.0
104154,1,1903,30.0,32.0,288.0,220.0
104154,1,1904,30.0,32.0,288.0,220.0
104154,1,1905,30.0,32.0,288.0,220.0
104154,1,1906,30.0,32.0,305.0,220.0
104154,1,1907,30.0,32.0,305.0,220.0
104154,1,1908,30.0,32.0,305.0,220.0
104154,1,1909,30.0,32.0,305.0,220.0
104154,1,1910,30.0,32.0,305.0,220.0
104154,1,1911,30.0,32.0,305.0,220.0
104154,1,1912,30.0,32.0,305.0,220.0
104154,1,1913,30.0,52.0,305.0,220.0
104154,1,1914,30.0,52.0,305.0,220.0
104154,1,1915,30.0,52.0,305.0,220.0
104154,1,1916,30.0,52.0,305.0,220.0
104154,1,1917,30.0,52.0,305.0,220.0
104154,1,1918,30.0,52.0,305.0,220.0
104154,1,1919,30.0,52.0,305.0,220.0
104154,1,1920,30.0,52.0,305.0,220.0
104154,1,1921,30.0,52.0,305.0,220.0
104154,1,1922,12.0,62.0,305.0,220.0
104154,1,1923,12.0,62.0,305.0,220.0
104154,1,1924,12.0,62.0,305.0,220.0
104154,1,1925,12.0,62.0,305.0,220.0
104154,1,1926,12.0,62.0,305.0,220.0
104154,1,1927,12.0,62.0,305.0,220.0
104154,1,1928,12.0,62.0,305.0,220.0
104154,1,1929,12.0,62.0,305.0,220.0
104154,1,1930,12.0,62.0,305.0,220.0
104154,1,1931,12.0,62.0,305.0,220.0
104154,1,1932,12.0,62.0,305.0,220.0
104154,1,1933,12.0,62.0,305.0,220.0
104154,1,1934,12.0,62.0,305.0,220.0
104154,1,1935,21.0,62.0,305.0,220.0
104154,1,1936,21.0,62.0,305.0,220.0
104154,1,1937,21.0,62.0,305.0,220.0
104154,1,1938,21.0,62.0,305.0,220.0
104154,1,1939,21.0,62.0,305.0,220.0
104154,1,1940,21.0,62.0,305.0,220.0
104154,1,1941,21.0,62.0,305.0,220.0
104154,1,1942,21.0,62.0,305.0,220.0
104154,1,1943,21.0,62.0,305.0,220.0
104154,1,1944,21.0,62.0,305.0,220.0
104154,1,1945,21.0,62.0,305.0,220.0
104154,1,1946,21.0,74.0,305.0,220.0
104154,1,1947,21.0,74.0,305.0,220.0
104154,1,1948,21.0,74.0,305.0,220.0
104154,1,1949,21.0,74.0,305.0,220.0
104154,1,1950,21.0,74.0,305.0,220.0
104154,1,1951,21.0,74.0,305.0,220.0
104154,1,1952,21.0,74.0,305.0,220.0
104154,1,1953,21.0,74.0,305.0,220.0
104154,1,1954,21.0,74.0,305.0,220.0
104154,1,1955,21.0,74.0,305.0,220.0
104154,1,1956,21.0,74.0,305.0,220.0
104154,1,1957,21.0,74.0,305.0,220.0
104154,1,1958,21.0,74.0,305.0,220.0
104154,1,1959,21.0,74.0,305.0,220.0
104154,1,1960,21.0,74.0,305.0,220.0
104154,1,1961,21.0,74.0,305.0,220.0
104154,1,1962,21.0,74.0,305.0,220.0
104154,1,1963,21.0,74.0,305.0,220.0
104154,1,1964,21.0,74.0,305.0,220.0
104154,1,1965,21.0,74.0,305.0,220.0
104154,1,1966,21.0,74.0,305.0,220.0
104154,1,1967,21.0,74.0,305.0,220.0
104154,1,1968,21.0,74.0,305.0,220.0
104154,1,1969,21.0,74.0,305.0,220.0
104154,1,1970,21.0,74.0,305.0,220.0
104154,1,1971,21.0,74.0,305.0,220.0
104154,1,1972,21.0,74.0,305.0,220.0
104154,1,1973,21.0,74.0,305.0,220.0
104154,1,1974,21.0,74.0,305.0,220.0
104154,1,1975,21.0,74.0,305.0,220.0
104154,1,1976,21.0,74.0,305.0,220.0
104154,1,1977,21.0,74.0,305.0,220.0
104154,1,1978,35.0,55.0,305.0,219.0
104154,1,1979,35.0,55.0,305.0,219.0
104154,1,1980,35.0,55.0,305.0,219.0
104154,1,1981,35.0,55.0,305.0,219.0
104154,1,1982,35.0,55.0,305.0,219.0
104154,1,1983,35.0,55.0,305.0,219.0
104154,1,1984,35.0,55.0,305.0,219.0
104154,1,1985,35.0,55.0,305.0,219.0
104154,1,1986,35.0,55.0,305.0,219.0
104154,1,1987,35.0,55.0,305.0,219.0
104154,1,1988,35.0,55.0,305.0,219.0
104154,1,1989,35.0,55.0,305.0,219.0
104154,1,1990,35.0,55.0,305.0,219.0
104154,1,1991,35.0,55.0,305.0,219.0
104154,1,1992,35.0,55.0,305.0,219.0
104154,1,1993,35.0,55.0,305.0,219.0
104154,1,1994,35.0,55.0,305.0,219.0
104154,1,1995,60.0,55.0,305.0,218.0
104154,1,1996,60.0,55.0,305.0,218.0
104154,1,1997,60.0,55.0,305.0,218.0
104154,1,1998,60.0,55.0,305.0,218.0
104154,1,1999,60.0,55.0,305.0,218.0
104154,1,2000,60.0,55.0,305.0,218.0
104154,1,2001,60.0,55.0,305.0,218.0
104154,1,2002,60.0,55.0,305.0,218.0
104154,1,2003,60.0,55.0,305.0,218.0
104154,1,2004,60.0,55.0,305.0,218.0
104154,1,2005,60.0,55.0,305.0,218.0
104154,1,2006,60.0,55.0,305.0,218.0
104154,1,2007,60.0,55.0,305.0,218.0
104154,1,2008,60.0,55.0,305.0,218.0
104154,1,2009,60.0,55.0,305.0,218.0
104154,1,2010,60.0,41.0,305.0,218.0
104154,1,2011,60.0,41.0,305.0,218.0
104154,1,2012,60.0,41.0,305.0,218.0
104154,1,2013,60.0,41.0,305.0,218.0
104154,1,2014,60.0,41.0,305.0,218.0
104154,1,2015,60.0,41.0,305.0,218.0
104154,1,2016,60.0,41.0,305.0,218.0
104154,1,2017,60.0,41.0,305.0,218.0
104154,1,2018,60.0,41.0,305.0,218.0
104154,1,2019,60.0,41.0,305.0,218.0
104154,1,2020,60.0,41.0,305.0,218.0
104154,1,2021,60.0,41.0,305.0,218.0
104154,1,2022,60.0,41.0,305.0,218.0
104154,1,2023,60.0,41.0,305.0,218.0
104154,1,2024,60.0,41.0,305.0,218.0
104154,1,2025,60.0,41.0,305.0,218.0
104154,1,2026,60.0,41.0,305.0,218.0
104154,1,2027,60.0,41.0,305.0,218.0
104154,1,2028,60.0,41.0,290.0,218.0
104154,1,2029,60.0,41.0,290.0,218.0
104154,1,2030,60.0,41.0,290.0,218.0
104154,1,2031,60.0,41.0,290.0,218.0
104154,1,2032,60.0,41.0,290.0,218.0
104154,1,2033,60.0,41.0,290.0,218.0
104154,1,2034,60.0,41.0,290.0,218.0
104154,1,2035,60.0,41.0,290.0,218.0
104154,1,2036,60.0,41.0,290.0,218.0
104154,1,2037,91.0,41.0,290.0,218.0
104154,1,2038,91.0,41.0,290.0,218.0
104154,1,2039,91.0,41.0,290.0,218.0
104154,1,2040,91.0,41.0,290.0,218.0
104154,1,2041,91.0,41.0,290.0,218.0
104154,1,2042,91.0,41.0,290.0,218.0
104154,1,2043,91.0,41.0,290.0,218.0
104154,1,2044,91.0,41.0,290.0,218.0
104154,1,2045,91.0,41.0,290.0,234.0
104154,1,2046,91.0,41.0,290.0,234.0
104154,1,2047,91.0,41.0,290.0,234.0
104154,1,2048,91.0,41.0,290.0,234.0
104154,1,2049,91.0,41.0,290.0,234.0
104154,1,2050,91.0,41.0,290.0,234.0
104154,1,2051,91.0,41.0,290.0,234.0
104154,1,2052,91.0,41.0,290.0,234.0
104154,1,2053,91.0,41.0,290.0,234.0
104154,1,2054,91.0,41.0,290.0,234.0
104154,1,2055,91.0,41.0,290.0,234.0
104154,1,2056,91.0,41.0,290.0,234.0
104154,1,2057,91.0,41.0,290.0,234.0
104154,1,2058,91.0,41.0,290.0,234.0
104154,1,2059,91.0,41.0,290.0,234.0
104154,1,2060,91.0,41.0,290.0,234.0
104154,1,2061,91.0,41.0,290.0,234.0
104154,1,2062,91.0,41.0,290.0,234.0
104154,1,2063,91.0,41.0,290.0,234.0
104154,1,2064,91.0,41.0,290.0,234.0
104154,1,2065,91.0,41.0,290.0,234.0
104154,1,2066,91.0,41.0,290.0,234.0
104154,1,2067,91.0,41.0,290.0,234.0
104154,1,2068,91.0,41.0,290.0,234.0
104154,1,2069,91.0,41.0,290.0,234.0
104154,1,2070,91.0,41.0,290.0,234.0
104154,1,2071,91.0,41.0,290.0,234.0
104154,1,2072,91.0,41.0,290.0,234.0
104154,1,2073,91.0,41.0,290.0,234.0
104154,1,2074,91.0,41.0,290.0,234.0
104154,1,2075,91.0,41.0,290.0,234.0
104154,1,2076,91.0,41.0,290.0,234.0
104154,1,2077,91.0,41.0,290.0,234.0
104154,1,2078,91.0,41.0,290.0,234.0
104154,1,2079,91.0,41.0,290.0,234.0
104154,1,2080,91.0,41.0,290.0,234.0
104154,1,2081,91.0,41.0,290.0,234.0
104154,1,2082,91.0,41.0,290.0,234.0
104154,1,2083,91.0,41.0,290.0,234.0
104154,1,2084,137.0,41.0,290.0,234.0
104154,1,2085,138.0,41.0,291.0,234.0
104154,1,2086,139.0,41.0,292.0,234.0
104154,1,2087,140.0,41.0,293.0,234.0
104154,1,2088,141.0,41.0,294.0,234.0
104154,1,2089,142.0,41.0,295.0,234.0
104154,1,2090,143.0,41.0,296.0,234.0
104154,1,2091,143.0,41.0,296.0,234.0
104154,1,2092,143.0,41.0,296.0,234.0
104154,1,2093,143.0,41.0,296.0,234.0
104154,1,2094,143.0,41.0,296.0,234.0
104154,1,2095,143.0,41.0,296.0,234.0
104154,1,2096,143.0,41.0,296.0,234.0
104154,1,2097,143.0,41.0,296.0,234.0
104154,1,2098,143.0,41.0,296.0,234.0
104154,1,2099,143.0,41.0,296.0,234.0
104154,1,2100,143.0,41.0,296.0,234.0
104154,1,2101,143.0,41.0,296.0,234.0
104154,1,2102,143.0,41.0,296.0,234.0
104154,1,2103,143.0,41.0,296.0,234.0
104154,1,2104,143.0,41.0,296.0,234.0
104154,1,2105,143.0,41.0,296.0,234.0
104154,1,2106,143.0,41.0,296.0,234.0
104154,1,2107,143.0,41.0,296.0,234.0
104154,1,2108,143.0,41.0,296.0,234.0
104154,1,2109,143.0,41.0,296.0,234.0
104154,1,2110,143.0,41.0,296.0,234.0
104154,1,2111,143.0,41.0,296.0,234.0
104154,1,2112,143.0,41.0,296.0,234.0
104154,1,2113,143.0,41.0,296.0,234.0
104154,1,2114,143.0,41.0,296.0,234.0
104154,1,2115,143.0,41.0,296.0,234.0
104154,1,2116,143.0,41.0,296.0,234.0
104154,1,2117,143.0,41.0,296.0,234.0
104154,1,2118,143.0,41.0,296.0,234.0
104154,1,2119,143.0,41.0,296.0,234.0
104154,1,2120,143.0,41.0,296.0,234.0
104154,1,2121,143.0,41.0,296.0,234.0
104154,1,2122,143.0,41.0,296.0,234.0
104154,1,2123,143.0,41.0,296.0,234.0
104154,1,2124,143.0,41.0,296.0,234.0
104154,1,2125,143.0,41.0,296.0,234.0
104154,1,2126,143.0,41.0,296.0,234.0
104154,1,2127,143.0,41.0,296.0,234.0
104154,1,2128,143.0,41.0,296.0,234.0
104154,1,2129,143.0,41.0,296.0,234.0
104154,1,2130,143.0,41.0,296.0,234.0
104154,1,2131,143.0,32.0,296.0,235.0
104154,1,2132,143.0,32.0,296.0,235.0
104154,1,2133,143.0,32.0,296.0,235.0
104154,1,2134,143.0,32.0,296.0,235.0
104154,1,2135,143.0,32.0,296.0,235.0
104154,1,2136,143.0,32.0,296.0,235.0
104154,1,2137,143.0,32.0,296.0,235.0
104154,1,2138,143.0,32.0,296.0,235.0
104154,1,2139,143.0,32.0,296.0,235.0
104154,1,2140,143.0,32.0,296.0,235.0
104154,1,2141,143.0,32.0,296.0,235.0
104154,1,2142,143.0,32.0,296.0,235.0
104154,1,2143,143.0,14.0,296.0,236.0
104154,1,2144,143.0,14.0,296.0,236.0
104154,1,2145,143.0,14.0,296.0,236.0
104154,1,2146,143.0,14.0,296.0,236.0
104154,1,2147,143.0,14.0,296.0,236.0
104154,1,2148,143.0,14.0,296.0,236.0
104154,1,2149,143.0,14.0,296.0,236.0
104154,1,2150,143.0,14.0,296.0,236.0
104154,1,2151,143.0,14.0,296.0,236.0
104154,1,2152,143.0,14.0,296.0,236.0
104154,1,2153,143.0,14.0,296.0,236.0
104154,1,2154,143.0,14.0,296.0,236.0
104154,1,2155,118.0,14.0,296.0,237.0
104154,1,2156,118.0,14.0,296.0,237.0
104154,1,2157,118.0,14.0,296.0,237.0
104154,1,2158,118.0,14.0,296.0,237.0
104154,1,2159,118.0,14.0,296.0,237.0
104154,1,2160,118.0,14.0,296.0,237.0
104154,1,2161,118.0,14.0,296.0,237.0
104154,1,2162,118.0,14.0,296.0,237.0
104154,1,2163,118.0,14.0,296.0,237.0
104154,1,2164,118.0,14.0,296.0,237.0
104154,1,2165,118.0,23.0,285.0,237.0
104154,1,2166,118.0,23.0,285.0,237.0
104154,1,2167,118.0,23.0,285.0,237.0
104154,1,2168,118.0,23.0,285.0,237.0
104154,1,2169,117.0,23.0,284.0,237.0
104154,1,2170,116.0,23.0,283.0,237.0
104154,1,2171,88.0,23.0,293.0,221.0
104154,1,2172,87.0,23.0,292.0,221.0
104154,1,2173,86.0,23.0,291.0,221.0
104154,1,2174,85.0,23.0,290.0,221.0
104154,1,2175,84.0,23.0,289.0,221.0
104154,1,2176,84.0,23.0,289.0,221.0
104154,1,2177,84.0,23.0,289.0,221.0
104154,1,2178,84.0,23.0,289.0,221.0
104154,1,2179,84.0,23.0,289.0,221.0
104154,1,2180,84.0,23.0,289.0,221.0
104154,1,2181,84.0,23.0,289.0,221.0
104154,1,2182,55.0,23.0,307.0,221.0
104154,1,2183,55.0,23.0,307.0,221.0
104154,1,2184,55.0,23.0,307.0,221.0
104154,1,2185,55.0,23.0,307.0,221.0
104154,1,2186,55.0,23.0,307.0,221.0
104154,1,2187,55.0,23.0,307.0,221.0
104154,1,2188,55.0,23.0,307.0,221.0
104154,1,2189,55.0,23.0,307.0,221.0
104154,1,2190,55.0,23.0,307.0,221.0
104154,1,2191,55.0,23.0,307.0,221.0
104154,1,2192,55.0,23.0,307.0,221.0
104154,1,2193,55.0,23.0,307.0,221.0
104154,1,2194,55.0,23.0,307.0,221.0
104154,1,2195,55.0,23.0,307.0,221.0
104154,1,2196,55.0,51.0,307.0,221.0
104154,1,2197,55.0,51.0,307.0,221.0
104154,1,2198,55.0,51.0,307.0,221.0
104154,1,2199,55.0,51.0,307.0,221.0
104154,1,2200,55.0,51.0,307.0,221.0
104154,1,2201,55.0,51.0,307.0,221.0
104154,1,2202,55.0,51.0,307.0,221.0
104154,1,2203,55.0,51.0,307.0,221.0
104154,1,2204,55.0,51.0,307.0,221.0
104154,1,2205,55.0,51.0,307.0,221.0
104154,1,2206,55.0,51.0,307.0,221.0
104154,1,2207,23.0,65.0,307.0,220.0
104154,1,2208,23.0,65.0,307.0,220.0
104154,1,2209,23.0,65.0,307.0,220.0
104154,1,2210,23.0,65.0,307.0,220.0
104154,1,2211,23.0,65.0,307.0,220.0
104154,1,2212,23.0,65.0,307.0,220.0
104154,1,2213,23.0,65.0,307.0,220.0
104154,1,2214,23.0,65.0,307.0,220.0
104154,1,2215,23.0,65.0,307.0,220.0
104154,1,2216,23.0,65.0,307.0,220.0
104154,1,2217,38.0,65.0,307.0,219.0
104154,1,2218,38.0,65.0,307.0,219.0
104154,1,2219,38.0,65.0,307.0,219.0
104154,1,2220,38.0,65.0,307.0,219.0
104154,1,2221,38.0,65.0,307.0,219.0
104154,1,2222,38.0,65.0,307.0,219.0
104154,1,2223,38.0,65.0,307.0,219.0
104154,1,2224,38.0,65.0,307.0,219.0
104154,1,2225,38.0,82.0,307.0,218.0
104154,1,2226,38.0,82.0,307.0,218.0
104154,1,2227,38.0,82.0,307.0,218.0
104154,1,2228,38.0,82.0,307.0,218.0
104154,1,2229,38.0,82.0,307.0,218.0
104154,1,2230,38.0,82.0,307.0,218.0
104154,1,2231,38.0,82.0,307.0,218.0
104154,1,2232,38.0,82.0,307.0,218.0
104154,1,2233,38.0,82.0,307.0,218.0
104154,1,2234,38.0,82.0,307.0,218.0
104154,1,2235,38.0,82.0,307.0,218.0
104154,1,2236,38.0,82.0,307.0,218.0
104154,1,2237,38.0,82.0,307.0,218.0
104154,1,2238,38.0,82.0,307.0,218.0
104154,1,2239,38.0,82.0,307.0,218.0
104154,1,2240,38.0,82.0,307.0,218.0
104154,1,2241,38.0,82.0,307.0,218.0
104154,1,2242,38.0,82.0,307.0,218.0
104154,1,2243,38.0,82.0,307.0,218.0
104154,1,2244,38.0,82.0,307.0,218.0
104154,1,2245,38.0,82.0,307.0,218.0
104154,1,2246,38.0,82.0,307.0,218.0
104154,1,2247,38.0,82.0,307.0,218.0
104154,1,2248,38.0,82.0,307.0,218.0
104154,1,2249,38.0,82.0,307.0,218.0
104154,1,2250,38.0,82.0,307.0,218.0
104154,1,2251,38.0,82.0,307.0,218.0
104154,1,2252,38.0,82.0,307.0,218.0
104154,1,2253,38.0,70.0,307.0,218.0
104154,1,2254,38.0,70.0,307.0,218.0
104154,1,2255,38.0,70.0,307.0,218.0
104154,1,2256,38.0,70.0,307.0,218.0
104154,1,2257,38.0,70.0,307.0,218.0
104154,1,2258,38.0,70.0,307.0,218.0
104154,1,2259,38.0,70.0,307.0,218.0
104154,1,2260,38.0,70.0,307.0,218.0
104154,1,2261,38.0,70.0,307.0,218.0
104154,1,2262,38.0,70.0,307.0,218.0
104154,1,2263,38.0,70.0,307.0,218.0
104154,1,2264,38.0,70.0,307.0,218.0
104154,1,2265,38.0,70.0,307.0,218.0
104154,1,2266,38.0,70.0,307.0,218.0
104154,1,2267,38.0,70.0,307.0,218.0
104154,1,2268,38.0,70.0,307.0,218.0
104154,1,2269,70.0,46.0,307.0,218.0
104154,1,2270,70.0,46.0,307.0,218.0
104154,1,2271,70.0,46.0,307.0,218.0
104154,1,2272,70.0,46.0,307.0,218.0
104154,1,2273,70.0,46.0,307.0,218.0
104154,1,2274,70.0,46.0,307.0,218.0
104154,1,2275,70.0,46.0,307.0,218.0
104154,1,2276,70.0,46.0,307.0,218.0
104154,1,2277,70.0,46.0,307.0,218.0
104154,1,2278,70.0,46.0,307.0,218.0
104154,1,2279,70.0,34.0,292.0,218.0
104154,1,2280,70.0,34.0,292.0,218.0
104154,1,2281,70.0,34.0,292.0,218.0
104154,1,2282,70.0,34.0,292.0,218.0
104154,1,2283,70.0,34.0,292.0,218.0
104154,1,2284,70.0,34.0,292.0,218.0
104154,1,2285,70.0,34.0,292.0,218.0
104154,1,2286,70.0,34.0,292.0,218.0
104154,1,2287,70.0,34.0,292.0,218.0
104154,1,2288,70.0,34.0,292.0,218.0
104154,1,2289,70.0,34.0,292.0,218.0
104154,1,2290,106.0,47.0,291.0,218.0
104154,1,2291,106.0,47.0,291.0,218.0
104154,1,2292,106.0,47.0,291.0,218.0
104154,1,2293,106.0,47.0,291.0,218.0
104154,1,2294,106.0,47.0,291.0,218.0
104154,1,2295,106.0,47.0,291.0,218.0
104154,1,2296,106.0,47.0,291.0,218.0
104154,1,2297,106.0,47.0,291.0,218.0
104154,1,2298,106.0,47.0,291.0,218.0
104154,1,2299,106.0,47.0,291.0,218.0
104154,1,2300,106.0,47.0,291.0,218.0
104154,1,2301,106.0,47.0,291.0,218.0
104154,1,2302,106.0,47.0,291.0,218.0
104154,1,2303,106.0,47.0,291.0,218.0
104154,1,2304,106.0,47.0,291.0,218.0
104154,1,2305,106.0,47.0,291.0,218.0
104154,1,2306,142.0,23.0,290.0,236.0
104154,1,2307,142.0,23.0,290.0,236.0
104154,1,2308,142.0,23.0,290.0,236.0
104154,1,2309,142.0,23.0,290.0,236.0
104154,1,2310,142.0,23.0,290.0,236.0
104154,1,2311,142.0,23.0,290.0,236.0
104154,1,2312,142.0,23.0,290.0,236.0
104154,1,2313,142.0,23.0,290.0,236.0
104154,1,2314,142.0,23.0,290.0,236.0
104154,1,2315,142.0,23.0,290.0,236.0
104154,1,2316,142.0,23.0,274.0,236.0
104154,1,2317,142.0,23.0,274.0,236.0
104154,1,2318,142.0,23.0,274.0,236.0
104154,1,2319,142.0,23.0,274.0,236.0
104154,1,2320,142.0,23.0,274.0,236.0
104154,1,2321,142.0,23.0,274.0,236.0
104154,1,2322,142.0,23.0,274.0,236.0
104154,1,2323,142.0,23.0,274.0,236.0
104154,1,2324,142.0,12.0,291.0,229.0
104154,1,2325,142.0,12.0,291.0,229.0
104154,1,2326,142.0,12.0,291.0,229.0
104154,1,2327,142.0,12.0,291.0,229.0
104154,1,2328,142.0,12.0,291.0,229.0
104154,1,2329,142.0,12.0,291.0,229.0
104154,1,2330,142.0,12.0,291.0,229.0
104154,1,2331,142.0,12.0,291.0,229.0
104154,1,2332,142.0,12.0,291.0,229.0
104154,1,2333,142.0,19.0,291.0,229.0
104154,1,2334,142.0,19.0,291.0,229.0
104154,1,2335,142.0,19.0,291.0,229.0
104154,1,2336,142.0,19.0,291.0,229.0
104154,1,2337,142.0,19.0,291.0,229.0
104154,1,2338,142.0,19.0,291.0,229.0
104154,1,2339,142.0,19.0,291.0,229.0
104154,1,2340,142.0,19.0,291.0,229.0
104154,1,2341,142.0,19.0,291.0,229.0
104154,1,2342,142.0,19.0,291.0,229.0
104154,1,2343,142.0,19.0,291.0,229.0
104154,1,2344,142.0,19.0,291.0,229.0
104154,1,2345,142.0,19.0,291.0,229.0
104154,1,2346,143.0,19.0,291.0,229.0
104154,1,2347,143.0,19.0,291.0,229.0
104154,1,2348,143.0,19.0,291.0,229.0
104154,1,2349,143.0,19.0,291.0,229.0
104154,1,2350,143.0,19.0,291.0,229.0
104154,1,2351,143.0,19.0,291.0,229.0
104154,1,2352,143.0,19.0,291.0,229.0
104154,1,2353,143.0,19.0,291.0,229.0
104154,1,2354,143.0,19.0,291.0,229.0
104154,1,2355,143.0,19.0,291.0,229.0
104154,1,2356,143.0,19.0,291.0,229.0
104154,1,2357,143.0,19.0,291.0,229.0
104154,1,2358,143.0,19.0,291.0,229.0
104154,1,2359,143.0,19.0,291.0,229.0
104154,1,2360,143.0,19.0,291.0,229.0
104154,1,2361,143.0,19.0,291.0,229.0
104154,1,2362,143.0,19.0,291.0,229.0
104154,1,2363,143.0,19.0,291.0,229.0
104154,1,2364,143.0,25.0,291.0,228.0
104154,1,2365,143.0,25.0,291.0,228.0
104154,1,2366,143.0,25.0,291.0,228.0
104154,1,2367,143.0,25.0,291.0,228.0
104154,1,2368,143.0,25.0,291.0,228.0
104154,1,2369,143.0,25.0,291.0,228.0
104154,1,2370,143.0,25.0,291.0,228.0
104154,1,2371,143.0,25.0,291.0,228.0
104154,1,2372,143.0,25.0,291.0,228.0
104154,1,2373,143.0,25.0,291.0,228.0
104154,1,2374,143.0,25.0,291.0,228.0
104154,1,2375,143.0,25.0,285.0,228.0
104154,1,2376,143.0,25.0,285.0,228.0
104154,1,2377,143.0,25.0,285.0,228.0
104154,1,2378,143.0,25.0,285.0,228.0
104154,1,2379,143.0,25.0,285.0,228.0
104154,1,2380,143.0,25.0,285.0,228.0
104154,1,2381,143.0,25.0,285.0,228.0
104154,1,2382,143.0,25.0,285.0,228.0
104154,1,2383,143.0,54.0,286.0,228.0
104154,1,2384,143.0,54.0,286.0,228.0
104154,1,2385,143.0,54.0,286.0,228.0
104154,1,2386,143.0,54.0,286.0,228.0
104154,1,2387,143.0,54.0,286.0,228.0
104154,1,2388,143.0,54.0,286.0,228.0
104154,1,2389,143.0,54.0,286.0,228.0
104154,1,2390,143.0,54.0,286.0,228.0
104154,1,2391,143.0,54.0,286.0,228.0
104154,1,2392,143.0,54.0,286.0,228.0
104154,1,2393,143.0,54.0,286.0,228.0
104154,1,2394,143.0,54.0,286.0,228.0
104154,1,2395,143.0,54.0,286.0,228.0
104154,1,2396,143.0,54.0,286.0,228.0
104154,1,2397,143.0,54.0,286.0,228.0
104154,1,2398,143.0,54.0,286.0,228.0
104154,1,2399,143.0,54.0,286.0,228.0
104154,1,2400,143.0,54.0,286.0,228.0
104154,1,2401,143.0,54.0,286.0,228.0
104154,1,2402,143.0,54.0,286.0,228.0
104154,1,2403,143.0,54.0,286.0,228.0
104154,1,2404,143.0,54.0,286.0,228.0
104154,1,2405,143.0,54.0,286.0,228.0
104154,1,2406,143.0,54.0,286.0,228.0
104154,1,2407,143.0,54.0,286.0,228.0
104154,1,2408,143.0,54.0,286.0,228.0
104154,1,2409,143.0,54.0,286.0,228.0
104154,1,2410,143.0,54.0,286.0,228.0
104154,1,2411,143.0,54.0,286.0,228.0
104154,1,2412,143.0,54.0,286.0,228.0
104154,1,2413,143.0,54.0,286.0,228.0
104154,1,2414,143.0,54.0,286.0,228.0
104154,1,2415,143.0,73.0,286.0,228.0
104154,1,2416,143.0,73.0,286.0,228.0
104154,1,2417,143.0,73.0,286.0,228.0
104154,1,2418,143.0,73.0,286.0,228.0
104154,1,2419,143.0,73.0,286.0,228.0
104154,1,2420,143.0,73.0,286.0,228.0
104154,1,2421,143.0,73.0,286.0,228.0
104154,1,2422,143.0,73.0,286.0,228.0
104154,1,2423,143.0,73.0,286.0,228.0
104154,1,2424,143.0,73.0,286.0,228.0
104154,1,2425,143.0,73.0,286.0,228.0
104154,1,2426,143.0,73.0,286.0,228.0
104154,1,2427,143.0,73.0,286.0,228.0
104154,1,2428,143.0,73.0,286.0,228.0
104154,1,2429,143.0,73.0,286.0,228.0
104154,1,2430,143.0,73.0,286.0,228.0
104154,1,2431,143.0,73.0,286.0,228.0
104154,1,2432,143.0,73.0,286.0,228.0
104154,1,2433,143.0,73.0,286.0,228.0
104154,1,2434,143.0,73.0,286.0,228.0
104154,1,2435,143.0,73.0,286.0,228.0
104154,1,2436,143.0,73.0,286.0,228.0
104154,1,2437,143.0,73.0,286.0,228.0
104154,1,2438,143.0,73.0,286.0,228.0
104154,1,2439,143.0,73.0,286.0,228.0
104154,1,2440,143.0,73.0,286.0,228.0
104154,1,2441,143.0,73.0,286.0,228.0
104154,1,2442,143.0,73.0,286.0,228.0
104154,1,2443,143.0,73.0,286.0,228.0
104154,1,2444,143.0,73.0,286.0,228.0
104154,1,2445,143.0,73.0,286.0,228.0
104154,1,2446,143.0,73.0,286.0,228.0
104154,1,2447,143.0,73.0,286.0,228.0
104154,1,2448,143.0,73.0,286.0,228.0
104154,1,2449,143.0,73.0,286.0,228.0
104154,1,2450,143.0,73.0,286.0,228.0
104154,1,2451,143.0,73.0,286.0,228.0
104154,1,2452,143.0,73.0,286.0,228.0
104154,1,2453,143.0,73.0,286.0,228.0
104154,1,2454,143.0,73.0,286.0,228.0
104154,1,2455,143.0,62.0,304.0,245.0
104154,1,2456,143.0,62.0,304.0,245.0
104154,1,2457,143.0,62.0,304.0,245.0
104154,1,2458,143.0,62.0,304.0,245.0
104154,1,2459,143.0,62.0,304.0,245.0
104154,1,2460,143.0,62.0,304.0,245.0
104154,1,2461,143.0,62.0,304.0,245.0
104154,1,2462,143.0,62.0,304.0,245.0
104154,1,2463,143.0,62.0,304.0,245.0
104154,1,2464,143.0,62.0,304.0,245.0
104154,1,2465,143.0,62.0,304.0,245.0
104154,1,2466,143.0,62.0,304.0,245.0
104154,1,2467,143.0,62.0,304.0,245.0
104154,1,2468,143.0,62.0,304.0,245.0
104154,1,2469,143.0,62.0,304.0,245.0
104154,1,2470,143.0,62.0,304.0,245.0
104154,1,2471,143.0,62.0,304.0,245.0
104154,1,2472,143.0,62.0,304.0,245.0
104154,1,2473,143.0,62.0,304.0,245.0
104154,1,2474,143.0,62.0,304.0,245.0
104154,1,2475,143.0,62.0,304.0,245.0
104154,1,2476,143.0,62.0,304.0,245.0
104154,1,2477,143.0,62.0,304.0,245.0
104154,1,2478,143.0,62.0,304.0,245.0
104154,1,2479,143.0,62.0,304.0,245.0
104154,1,2480,143.0,62.0,304.0,245.0
104154,1,2481,143.0,62.0,304.0,245.0
104154,1,2482,143.0,62.0,304.0,245.0
104154,1,2483,143.0,62.0,304.0,245.0
104154,1,2484,143.0,62.0,304.0,245.0
104154,1,2485,143.0,62.0,304.0,245.0
104154,1,2486,143.0,62.0,304.0,245.0
104154,1,2487,143.0,62.0,304.0,245.0
104154,1,2488,143.0,46.0,282.0,240.0
104154,1,2489,143.0,46.0,282.0,240.0
104154,1,2490,143.0,46.0,282.0,240.0
104154,1,2491,143.0,46.0,282.0,240.0
104154,1,2492,143.0,46.0,282.0,240.0
104154,1,2493,143.0,46.0,282.0,240.0
104154,1,2494,143.0,46.0,282.0,240.0
104154,1,2495,143.0,46.0,282.0,240.0
104154,1,2496,143.0,46.0,282.0,240.0
104154,1,2497,143.0,46.0,282.0,240.0
104154,1,2498,143.0,46.0,282.0,240.0
104154,1,2499,143.0,46.0,282.0,240.0
104154,1,2500,143.0,46.0,282.0,240.0
104154,1,2501,143.0,46.0,282.0,240.0
104154,1,2502,143.0,46.0,282.0,240.0
104154,1,2503,143.0,46.0,282.0,240.0
104154,1,2504,143.0,22.0,282.0,221.0
104154,1,2505,143.0,22.0,282.0,221.0
104154,1,2506,143.0,22.0,282.0,221.0
104154,1,2507,143.0,22.0,282.0,221.0
104154,1,2508,143.0,22.0,282.0,221.0
104154,1,2509,143.0,22.0,282.0,221.0
104154,1,2510,143.0,22.0,282.0,221.0
104154,1,2511,143.0,22.0,282.0,221.0
104154,1,2512,143.0,22.0,282.0,221.0
104154,1,2513,143.0,22.0,282.0,221.0
104154,1,2514,143.0,22.0,282.0,221.0
104154,1,2515,143.0,22.0,282.0,221.0
104154,1,2516,143.0,22.0,282.0,221.0
104154,1,2517,143.0,22.0,282.0,221.0
104154,1,2518,143.0,22.0,282.0,221.0
104154,1,2519,143.0,22.0,282.0,221.0
104154,1,2520,143.0,22.0,282.0,221.0
104154,1,2521,143.0,22.0,282.0,221.0
104154,1,2522,143.0,22.0,282.0,221.0
104154,1,2523,143.0,22.0,282.0,221.0
104154,1,2524,143.0,22.0,282.0,221.0
104154,1,2525,143.0,22.0,282.0,221.0
104154,1,2526,143.0,22.0,282.0,221.0
104154,1,2527,143.0,22.0,282.0,221.0
104154,1,2528,143.0,22.0,282.0,221.0
104154,1,2529,144.0,22.0,283.0,221.0
104154,1,2530,144.0,22.0,305.0,221.0
104154,1,2531,144.0,22.0,305.0,221.0
104154,1,2532,144.0,22.0,305.0,221.0
104154,1,2533,145.0,22.0,306.0,221.0
104154,1,2534,146.0,22.0,307.0,221.0
104154,1,2535,147.0,22.0,308.0,221.0
104154,1,2536,148.0,22.0,309.0,221.0
104154,1,2537,149.0,22.0,310.0,221.0
104154,1,2538,150.0,22.0,311.0,221.0
104154,1,2539,151.0,22.0,312.0,221.0
104154,1,2540,117.0,22.0,311.0,221.0
104154,1,2541,118.0,22.0,312.0,221.0
104154,1,2542,119.0,22.0,313.0,221.0
104154,1,2543,120.0,22.0,314.0,221.0
104154,1,2544,121.0,22.0,315.0,221.0
104154,1,2545,122.0,22.0,316.0,221.0
104154,1,2546,103.0,35.0,335.0,220.0
104154,1,2547,103.0,35.0,335.0,220.0
104154,1,2548,103.0,35.0,335.0,220.0
104154,1,2549,103.0,35.0,335.0,220.0
104154,1,2550,103.0,35.0,335.0,220.0
104154,1,2551,103.0,35.0,335.0,220.0
104154,1,2552,103.0,35.0,335.0,220.0
104154,1,2553,103.0,35.0,335.0,220.0
104154,1,2554,103.0,35.0,335.0,220.0
104154,1,2555,103.0,35.0,335.0,220.0
104154,1,2556,103.0,35.0,335.0,220.0
104154,1,2557,103.0,35.0,335.0,220.0
104154,1,2558,103.0,35.0,335.0,220.0
104154,1,2559,103.0,35.0,335.0,220.0
104154,1,2560,103.0,50.0,354.0,237.0
104154,1,2561,103.0,50.0,354.0,237.0
104154,1,2562,103.0,50.0,354.0,237.0
104154,1,2563,103.0,50.0,354.0,237.0
104154,1,2564,103.0,50.0,354.0,237.0
104154,1,2565,103.0,50.0,354.0,237.0
104154,1,2566,103.0,50.0,354.0,237.0
104154,1,2567,103.0,50.0,354.0,237.0
104154,1,2568,103.0,50.0,354.0,237.0
104154,1,2569,103.0,50.0,354.0,237.0
104154,1,2570,103.0,50.0,354.0,237.0
104154,1,2571,103.0,50.0,354.0,237.0
104154,1,2572,103.0,50.0,354.0,237.0
104154,1,2573,103.0,50.0,354.0,237.0
104154,1,2574,103.0,50.0,354.0,237.0
104154,1,2575,103.0,50.0,354.0,237.0
104154,1,2576,103.0,50.0,354.0,237.0
104154,1,2577,103.0,50.0,354.0,237.0
104154,1,2578,103.0,50.0,354.0,237.0
104154,1,2579,103.0,50.0,354.0,237.0
104154,1,2580,103.0,50.0,354.0,237.0
104154,1,2581,103.0,50.0,354.0,237.0
104154,1,2582,103.0,50.0,354.0,237.0
104154,1,2583,103.0,50.0,354.0,237.0
104154,1,2584,103.0,50.0,354.0,237.0
104154,1,2585,103.0,50.0,354.0,237.0
104154,1,2586,103.0,50.0,354.0,237.0
104154,1,2587,103.0,50.0,354.0,237.0
104154,1,2588,103.0,50.0,354.0,237.0
104154,1,2589,103.0,50.0,354.0,237.0
104154,1,2590,103.0,50.0,354.0,237.0
104154,1,2591,103.0,50.0,354.0,237.0
104154,1,2592,103.0,50.0,354.0,237.0
104154,1,2593,103.0,50.0,354.0,237.0
104154,1,2594,103.0,50.0,354.0,237.0
104154,1,2595,103.0,50.0,354.0,237.0
104154,1,2596,103.0,50.0,354.0,237.0
104154,1,2597,103.0,50.0,354.0,237.0
104154,1,2598,103.0,50.0,354.0,237.0
104154,1,2599,103.0,50.0,354.0,237.0
104154,1,2600,103.0,50.0,354.0,237.0
104154,1,2601,103.0,50.0,354.0,237.0
104154,1,2602,103.0,50.0,354.0,237.0
104154,1,2603,103.0,50.0,354.0,237.0
104154,1,2604,103.0,50.0,354.0,237.0
104154,1,2605,103.0,50.0,354.0,237.0
104154,1,2606,103.0,50.0,354.0,237.0
104154,1,2607,103.0,50.0,354.0,237.0
104154,1,2608,103.0,50.0,354.0,237.0
104154,1,2609,125.0,50.0,305.0,237.0
104154,1,2610,125.0,50.0,305.0,237.0
104154,1,2611,125.0,50.0,305.0,237.0
104154,1,2612,125.0,50.0,305.0,237.0
104154,1,2613,125.0,50.0,305.0,237.0
104154,1,2614,125.0,50.0,305.0,237.0
104154,1,2615,125.0,50.0,305.0,237.0
104154,1,2616,125.0,50.0,305.0,237.0
104154,1,2617,125.0,50.0,305.0,237.0
104154,1,2618,125.0,50.0,305.0,237.0
104154,1,2619,125.0,50.0,305.0,237.0
104154,1,2620,125.0,50.0,305.0,237.0
104154,1,2621,125.0,50.0,305.0,237.0
104154,1,2622,125.0,50.0,305.0,237.0
104154,1,2623,125.0,50.0,305.0,237.0
104154,1,2624,125.0,50.0,305.0,237.0
104154,1,2625,125.0,15.0,305.0,237.0
104154,1,2626,125.0,15.0,305.0,237.0
104154,1,2627,125.0,15.0,305.0,237.0
104154,1,2628,125.0,15.0,305.0,237.0
104154,1,2629,125.0,15.0,305.0,237.0
104154,1,2630,125.0,15.0,305.0,237.0
104154,1,2631,125.0,15.0,305.0,237.0
104154,1,2632,125.0,15.0,305.0,237.0
104154,1,2633,125.0,15.0,305.0,237.0
104154,1,2634,125.0,15.0,305.0,237.0
104154,1,2635,125.0,15.0,305.0,237.0
104154,1,2636,125.0,15.0,305.0,237.0
104154,1,2637,125.0,15.0,305.0,237.0
104154,1,2638,125.0,15.0,305.0,237.0
104154,1,2639,125.0,15.0,305.0,237.0
104154,1,2640,125.0,15.0,305.0,237.0
104154,1,2641,125.0,15.0,305.0,237.0
104154,1,2642,125.0,15.0,305.0,237.0
104154,1,2643,125.0,15.0,305.0,237.0
104154,1,2644,125.0,15.0,305.0,237.0
104154,1,2645,125.0,15.0,305.0,237.0
104154,1,2646,125.0,15.0,305.0,237.0
104154,1,2647,125.0,15.0,305.0,237.0
104154,1,2648,125.0,15.0,305.0,237.0
104154,1,2649,125.0,15.0,305.0,237.0
104154,1,2650,125.0,15.0,305.0,237.0
104154,1,2651,125.0,15.0,305.0,237.0
104154,1,2652,125.0,15.0,305.0,237.0
104154,1,2653,125.0,15.0,305.0,237.0
104154,1,2654,125.0,15.0,305.0,237.0
104154,1,2655,125.0,15.0,305.0,237.0
104154,1,2656,125.0,15.0,305.0,237.0
104154,1,2657,125.0,15.0,305.0,237.0
104154,1,2658,125.0,15.0,305.0,237.0
104154,1,2659,125.0,15.0,305.0,237.0
104154,1,2660,125.0,15.0,305.0,237.0
104154,1,2661,125.0,15.0,305.0,237.0
104154,1,2662,125.0,15.0,305.0,237.0
104154,1,2663,125.0,15.0,305.0,237.0
104154,1,2664,125.0,15.0,305.0,237.0
104154,1,2665,125.0,15.0,305.0,237.0
104154,1,2666,125.0,49.0,305.0,237.0
104154,1,2667,125.0,49.0,305.0,237.0
104154,1,2668,125.0,49.0,305.0,237.0
104154,1,2669,125.0,49.0,305.0,237.0
104154,1,2670,125.0,49.0,305.0,237.0
104154,1,2671,125.0,49.0,305.0,237.0
104154,1,2672,125.0,49.0,305.0,237.0
104154,1,2673,125.0,49.0,305.0,237.0
104154,1,2674,125.0,49.0,305.0,237.0
104154,1,2675,125.0,49.0,305.0,237.0
104154,1,2676,125.0,49.0,305.0,237.0
104154,1,2677,125.0,49.0,305.0,237.0
104154,1,2678,125.0,49.0,305.0,237.0
104154,1,2679,125.0,49.0,305.0,237.0
104154,1,2680,125.0,49.0,305.0,237.0
104154,1,2681,125.0,49.0,305.0,237.0
104154,1,2682,125.0,49.0,305.0,237.0
104154,1,2683,125.0,49.0,305.0,237.0
104154,1,2684,125.0,49.0,305.0,237.0
104154,1,2685,138.0,59.0,286.0,237.0
104154,1,2686,138.0,59.0,286.0,237.0
104154,1,2687,138.0,59.0,286.0,237.0
104154,1,2688,138.0,59.0,286.0,237.0
104154,1,2689,138.0,59.0,286.0,237.0
104154,1,2690,138.0,59.0,286.0,237.0
104154,1,2691,138.0,59.0,286.0,237.0
104154,1,2692,138.0,59.0,286.0,237.0
104154,1,2693,138.0,59.0,286.0,237.0
104154,1,2694,138.0,59.0,286.0,237.0
104154,1,2695,138.0,59.0,286.0,237.0
104154,1,2696,138.0,59.0,286.0,237.0
104154,1,2697,138.0,59.0,286.0,237.0
104154,1,2698,138.0,59.0,286.0,237.0
104154,1,2699,138.0,59.0,286.0,237.0
104154,1,2700,138.0,59.0,286.0,237.0
104154,1,2701,138.0,59.0,286.0,237.0
104154,1,2702,138.0,59.0,286.0,237.0
104154,1,2703,138.0,59.0,286.0,237.0
104154,1,2704,138.0,59.0,286.0,237.0
104154,1,2705,138.0,59.0,286.0,237.0
104154,1,2706,138.0,59.0,286.0,237.0
104154,1,2707,138.0,59.0,286.0,237.0
104154,1,2708,138.0,59.0,286.0,237.0
104154,1,2709,138.0,59.0,286.0,237.0
104154,1,2710,138.0,59.0,286.0,237.0
104154,1,2711,138.0,59.0,286.0,237.0
104154,1,2712,138.0,59.0,286.0,237.0
104154,1,2713,138.0,59.0,286.0,237.0
104154,1,2714,138.0,59.0,286.0,237.0
104154,1,2715,138.0,59.0,286.0,237.0
104154,1,2716,138.0,59.0,286.0,237.0
104154,1,2717,138.0,59.0,286.0,237.0
104154,1,2718,138.0,59.0,286.0,237.0
104154,1,2719,138.0,59.0,286.0,237.0
104154,1,2720,138.0,59.0,286.0,237.0
104154,1,2721,138.0,59.0,286.0,237.0
104154,1,2722,138.0,59.0,286.0,237.0
104154,1,2723,138.0,59.0,286.0,237.0
104154,1,2724,138.0,59.0,286.0,237.0
104154,1,2725,138.0,59.0,286.0,237.0
104154,1,2726,138.0,59.0,286.0,237.0
104154,1,2727,138.0,59.0,286.0,237.0
104154,1,2728,138.0,59.0,286.0,237.0
104154,1,2729,138.0,59.0,286.0,237.0
104154,1,2730,138.0,59.0,286.0,237.0
104154,1,2731,138.0,59.0,286.0,237.0
104154,1,2732,138.0,59.0,286.0,237.0
104154,1,2733,138.0,59.0,286.0,237.0
104154,1,2734,138.0,59.0,286.0,237.0
104154,1,2735,138.0,59.0,286.0,237.0
104154,1,2736,138.0,59.0,286.0,237.0
104154,1,2737,138.0,59.0,286.0,237.0
104154,1,2738,138.0,59.0,286.0,237.0
104154,1,2739,138.0,59.0,286.0,237.0
104154,1,2740,138.0,59.0,286.0,237.0
104154,1,2741,138.0,59.0,286.0,237.0
104154,1,2742,138.0,59.0,286.0,237.0
104154,1,2743,138.0,59.0,286.0,237.0
104154,1,2744,138.0,59.0,286.0,237.0
104154,1,2745,138.0,59.0,286.0,237.0
104154,1,2746,138.0,59.0,286.0,237.0
104154,1,2747,138.0,59.0,286.0,237.0
104154,1,2748,138.0,59.0,286.0,237.0
104154,1,2749,138.0,59.0,286.0,237.0
104154,1,2750,138.0,59.0,286.0,237.0
104154,1,2751,138.0,59.0,286.0,237.0
104154,1,2752,138.0,59.0,286.0,237.0
104154,1,2753,138.0,59.0,286.0,237.0
104154,1,2754,138.0,59.0,286.0,237.0
104154,1,2755,138.0,59.0,286.0,237.0
104154,1,2756,138.0,59.0,286.0,237.0
104154,1,2757,138.0,59.0,286.0,237.0
104154,1,2758,138.0,59.0,286.0,237.0
104154,1,2759,138.0,59.0,286.0,237.0
104154,1,2760,138.0,59.0,286.0,237.0
104154,1,2761,138.0,59.0,286.0,237.0
104154,1,2762,138.0,59.0,286.0,237.0
104154,1,2763,138.0,59.0,286.0,237.0
104154,1,2764,138.0,59.0,286.0,237.0
104154,1,2765,138.0,59.0,286.0,237.0
104154,1,2766,138.0,59.0,286.0,237.0
104154,1,2767,138.0,59.0,286.0,237.0
104154,1,2768,138.0,59.0,286.0,237.0
104154,1,2769,138.0,59.0,286.0,237.0
104154,1,2770,138.0,59.0,286.0,237.0
104154,1,2771,138.0,59.0,286.0,237.0
104154,1,2772,138.0,59.0,286.0,237.0
104154,1,2773,138.0,59.0,286.0,237.0
104154,1,2774,138.0,59.0,286.0,237.0
104154,1,2775,138.0,59.0,286.0,237.0
104154,1,2776,138.0,59.0,286.0,237.0
104154,1,2777,138.0,59.0,286.0,237.0
104154,1,2778,138.0,59.0,286.0,237.0
104154,1,2779,138.0,59.0,286.0,237.0
104154,1,2780,138.0,59.0,286.0,237.0
104154,1,2781,138.0,59.0,286.0,237.0
104154,1,2782,138.0,59.0,286.0,237.0
104154,1,2783,138.0,59.0,286.0,237.0
104154,1,2784,138.0,59.0,286.0,237.0
104154,1,2785,138.0,43.0,286.0,237.0
104154,1,2786,138.0,43.0,286.0,237.0
104154,1,2787,138.0,43.0,286.0,237.0
104154,1,2788,138.0,43.0,286.0,237.0
104154,1,2789,138.0,43.0,286.0,237.0
104154,1,2790,138.0,43.0,286.0,237.0
104154,1,2791,138.0,43.0,286.0,237.0
104154,1,2792,138.0,43.0,286.0,237.0
104154,1,2793,138.0,43.0,286.0,237.0
104154,1,2794,138.0,43.0,286.0,237.0
104154,1,2795,138.0,43.0,286.0,237.0
104154,1,2796,138.0,43.0,286.0,237.0
104154,1,2797,138.0,43.0,286.0,237.0
104154,1,2798,138.0,43.0,286.0,237.0
104154,1,2799,138.0,28.0,286.0,237.0
104154,1,2800,138.0,28.0,286.0,237.0
104154,1,2801,138.0,28.0,286.0,237.0
104154,1,2802,138.0,28.0,286.0,237.0
104154,1,2803,138.0,28.0,286.0,237.0
104154,1,2804,139.0,28.0,287.0,237.0
104154,1,2805,139.0,28.0,287.0,237.0
104154,1,2806,139.0,28.0,287.0,237.0
104154,1,2807,139.0,28.0,287.0,237.0
104154,1,2808,139.0,28.0,287.0,237.0
104154,1,2809,139.0,28.0,287.0,237.0
104154,1,2810,139.0,28.0,287.0,237.0
104154,1,2811,115.0,33.0,308.0,220.0
104154,1,2812,115.0,33.0,308.0,220.0
104154,1,2813,115.0,33.0,308.0,220.0
104154,1,2814,115.0,33.0,308.0,220.0
104154,1,2815,115.0,33.0,308.0,220.0
104154,1,2816,115.0,33.0,308.0,220.0
104154,1,2817,115.0,33.0,308.0,220.0
104154,1,2818,115.0,33.0,308.0,220.0
104154,1,2819,115.0,33.0,308.0,220.0
104154,1,2820,115.0,33.0,324.0,220.0
104154,1,2821,115.0,33.0,324.0,220.0
104154,1,2822,115.0,33.0,324.0,220.0
104154,1,2823,115.0,33.0,324.0,220.0
104154,1,2824,115.0,33.0,324.0,220.0
104154,1,2825,115.0,33.0,324.0,220.0
104154,1,2826,115.0,33.0,324.0,220.0
104154,1,2827,115.0,33.0,324.0,220.0
104154,1,2828,115.0,33.0,324.0,220.0
104154,1,2829,97.0,23.0,350.0,220.0
104154,1,2830,97.0,23.0,350.0,220.0
104154,1,2831,97.0,23.0,350.0,220.0
104154,1,2832,97.0,23.0,350.0,220.0
104154,1,2833,97.0,23.0,350.0,220.0
104154,1,2834,97.0,23.0,350.0,220.0
104154,1,2835,97.0,23.0,350.0,220.0
104154,1,2836,97.0,23.0,350.0,220.0
104154,1,2837,97.0,23.0,350.0,220.0
104154,1,2838,97.0,23.0,350.0,220.0
104154,1,2839,97.0,23.0,350.0,220.0
104154,1,2840,97.0,23.0,350.0,220.0
104154,1,2841,97.0,23.0,350.0,220.0
104154,1,2842,97.0,23.0,350.0,220.0
104154,1,2843,97.0,16.0,383.0,219.0
104154,1,2844,97.0,16.0,383.0,219.0
104154,1,2845,97.0,16.0,383.0,219.0
104154,1,2846,97.0,16.0,383.0,219.0
104154,1,2847,97.0,16.0,383.0,219.0
104154,1,2848,97.0,16.0,383.0,219.0
104154,1,2849,97.0,16.0,383.0,219.0
104154,1,2850,97.0,16.0,383.0,219.0
104154,1,2851,97.0,16.0,383.0,219.0
104154,1,2852,97.0,16.0,383.0,219.0
104154,1,2853,97.0,16.0,383.0,219.0
104154,1,2854,97.0,16.0,383.0,219.0
104154,1,2855,97.0,16.0,383.0,219.0
104154,1,2856,97.0,16.0,383.0,219.0
104154,1,2857,97.0,3.0,401.0,211.0
104154,1,2858,97.0,3.0,401.0,211.0
104154,1,2859,97.0,3.0,401.0,211.0
104154,1,2860,97.0,3.0,401.0,211.0
104154,1,2861,97.0,3.0,401.0,211.0
104154,1,2862,97.0,3.0,401.0,211.0
104154,1,2863,97.0,3.0,401.0,211.0
104154,1,2864,97.0,3.0,401.0,211.0
104154,1,2865,97.0,3.0,401.0,211.0
104154,1,2866,97.0,3.0,401.0,211.0
104154,1,2867,97.0,3.0,401.0,211.0
104154,1,2868,97.0,3.0,401.0,211.0
104154,1,2869,97.0,3.0,401.0,211.0
104154,1,2870,97.0,3.0,401.0,211.0
104154,1,2871,97.0,3.0,401.0,211.0
104154,1,2872,97.0,3.0,401.0,211.0
104154,1,2873,97.0,3.0,401.0,211.0
104154,1,2874,97.0,3.0,401.0,211.0
104154,1,2875,97.0,3.0,401.0,211.0
104154,1,2876,97.0,3.0,401.0,211.0
104154,1,2877,97.0,3.0,401.0,211.0
104154,1,2878,97.0,3.0,401.0,211.0
104154,1,2879,97.0,3.0,401.0,211.0
104154,1,2880,97.0,3.0,401.0,211.0
104154,1,2881,97.0,3.0,401.0,211.0
104154,1,2882,97.0,3.0,401.0,211.0
104154,1,2883,97.0,3.0,401.0,211.0
104154,1,2884,97.0,3.0,418.0,211.0
104154,1,2885,97.0,3.0,418.0,211.0
104154,1,2886,97.0,3.0,418.0,211.0
104154,1,2887,97.0,3.0,418.0,211.0
104154,1,2888,97.0,3.0,418.0,211.0
104154,1,2889,97.0,3.0,418.0,211.0
104154,1,2890,97.0,3.0,418.0,211.0
104154,1,2891,97.0,3.0,418.0,211.0
104154,1,2892,97.0,3.0,418.0,211.0
104154,1,2893,97.0,3.0,418.0,211.0
104154,1,2894,97.0,3.0,418.0,211.0
104154,1,2895,97.0,3.0,418.0,211.0
104154,1,2896,97.0,3.0,418.0,211.0
104154,1,2897,97.0,3.0,418.0,211.0
104154,1,2898,97.0,3.0,418.0,211.0
104154,1,2899,97.0,3.0,418.0,211.0
104154,1,2900,97.0,3.0,418.0,211.0
104154,1,2901,97.0,3.0,439.0,211.0
104154,1,2902,97.0,3.0,439.0,211.0
104154,1,2903,97.0,3.0,439.0,211.0
104154,1,2904,97.0,3.0,439.0,211.0
104154,1,2905,97.0,3.0,439.0,211.0
104154,1,2906,97.0,3.0,439.0,211.0
104154,1,2907,97.0,3.0,439.0,211.0
104154,1,2908,97.0,3.0,439.0,211.0
104154,1,2909,97.0,3.0,439.0,211.0
104154,1,2910,97.0,3.0,439.0,211.0
104154,1,2911,97.0,3.0,439.0,211.0
104154,1,2912,97.0,3.0,439.0,211.0
104154,1,2913,97.0,3.0,439.0,211.0
104154,1,2914,97.0,3.0,439.0,211.0
104154,1,2915,97.0,3.0,439.0,211.0
104154,1,2916,97.0,3.0,439.0,211.0
104154,1,2917,97.0,3.0,439.0,211.0
104154,1,2918,97.0,3.0,439.0,211.0
104154,1,2919,97.0,3.0,439.0,211.0
104154,1,2920,97.0,3.0,439.0,211.0
104154,1,2921,97.0,3.0,439.0,211.0
104154,1,2922,85.0,0,449.0,211.0
104154,1,2923,85.0,0,449.0,211.0
104154,1,2924,85.0,0,449.0,211.0
104154,1,2925,85.0,0,449.0,211.0
104154,1,2926,85.0,0,449.0,211.0
104154,1,2927,85.0,0,449.0,211.0
104154,1,2928,85.0,0,449.0,211.0
104154,1,2929,85.0,0,449.0,211.0
104154,1,2930,85.0,0,449.0,211.0
104154,1,2931,85.0,0,449.0,211.0
104154,1,2932,85.0,0,449.0,211.0
104154,1,2933,85.0,0,449.0,211.0
104154,1,2934,85.0,0,449.0,211.0
104154,1,2935,85.0,0,449.0,211.0
104154,1,2936,85.0,0,449.0,211.0
104154,1,2937,85.0,0,449.0,211.0
104154,1,2938,85.0,0,449.0,211.0
104154,1,2939,85.0,0,449.0,211.0
104154,1,2940,85.0,0,449.0,211.0
104154,1,2941,85.0,0,449.0,211.0
104154,1,2942,85.0,0,449.0,211.0
104154,1,2943,85.0,0,449.0,211.0
104154,1,2944,85.0,0,449.0,211.0
104154,1,2945,85.0,0,449.0,211.0
104154,1,2946,85.0,0,449.0,211.0
104154,1,2947,85.0,0,449.0,211.0
104154,1,2948,85.0,0,449.0,211.0
104154,1,2949,85.0,0,449.0,211.0
104154,1,2950,85.0,0,449.0,211.0
104154,1,2951,85.0,0,449.0,211.0
104154,1,2952,85.0,0,449.0,211.0
104154,1,2953,85.0,0,449.0,211.0
104154,1,2954,85.0,0,449.0,211.0
104154,1,2955,85.0,0,449.0,211.0
104154,1,2956,85.0,0,449.0,211.0
104154,1,2957,85.0,0,449.0,211.0
104154,1,2958,85.0,0,449.0,211.0
104154,1,2959,85.0,0,449.0,211.0
104154,1,2960,85.0,0,449.0,211.0
104154,1,2961,85.0,0,449.0,211.0
104154,1,2962,85.0,0,449.0,211.0
104154,1,2963,85.0,0,449.0,211.0
104154,1,2964,85.0,0,449.0,211.0
104154,1,2965,85.0,0,449.0,211.0
104154,1,2966,85.0,0,449.0,211.0
104154,1,2967,85.0,0,449.0,211.0
104154,1,2968,85.0,0,449.0,211.0
104154,1,2969,85.0,0,449.0,211.0
104154,1,2970,85.0,0,449.0,211.0
104154,1,2971,85.0,0,449.0,211.0
104154,1,2972,85.0,0,449.0,211.0
104154,1,2973,85.0,0,449.0,211.0
104154,1,2974,85.0,0,449.0,211.0
104154,1,2975,85.0,0,449.0,211.0
104154,1,2976,85.0,0,449.0,211.0
104154,1,2977,85.0,0,449.0,211.0
104154,1,2978,85.0,0,449.0,211.0
104154,1,2979,85.0,0,449.0,211.0
104154,1,2980,85.0,0,449.0,211.0
104154,1,2981,85.0,0,449.0,211.0
104154,1,2982,85.0,0,449.0,211.0
104154,1,2983,85.0,0,449.0,211.0
104154,1,2984,85.0,0,449.0,211.0
104154,1,2985,85.0,0,449.0,211.0
104154,1,2986,85.0,0,449.0,211.0
104154,1,2987,85.0,0,449.0,211.0
104154,1,2988,85.0,0,449.0,211.0
104154,1,2989,85.0,0,449.0,211.0
104154,1,2990,85.0,0,449.0,211.0
104154,1,2991,85.0,11.0,448.0,211.0
104154,1,2992,85.0,11.0,448.0,211.0
104154,1,2993,85.0,11.0,448.0,211.0
104154,1,2994,85.0,11.0,448.0,211.0
104154,1,2995,85.0,11.0,448.0,211.0
104154,1,2996,85.0,11.0,448.0,211.0
104154,1,2997,85.0,11.0,448.0,211.0
104154,1,2998,85.0,11.0,448.0,211.0
104154,1,2999,85.0,11.0,448.0,211.0
104154,1,3000,85.0,11.0,448.0,211.0
104154,1,3001,85.0,11.0,448.0,211.0
104154,1,3002,85.0,11.0,448.0,211.0
104154,1,3003,85.0,11.0,448.0,211.0
104154,1,3004,85.0,11.0,448.0,211.0
104154,1,3005,85.0,11.0,448.0,211.0
104154,1,3006,85.0,11.0,448.0,211.0
104154,1,3007,85.0,11.0,448.0,211.0
104154,1,3008,85.0,11.0,448.0,211.0
104154,1,3009,85.0,11.0,465.0,211.0
104154,1,3010,85.0,11.0,465.0,211.0
104154,1,3011,85.0,11.0,465.0,211.0
104154,1,3012,85.0,11.0,465.0,211.0
104154,1,3013,85.0,11.0,465.0,211.0
104154,1,3014,85.0,11.0,465.0,211.0
104154,1,3015,85.0,11.0,465.0,211.0
104154,1,3016,85.0,11.0,465.0,211.0
104154,1,3017,85.0,11.0,465.0,211.0
104154,1,3018,85.0,11.0,465.0,211.0
104154,1,3019,85.0,11.0,465.0,211.0
104154,1,3020,85.0,11.0,465.0,211.0
104154,1,3021,85.0,11.0,465.0,211.0
104154,1,3022,85.0,11.0,465.0,211.0
104154,1,3023,85.0,11.0,465.0,211.0
104154,1,3024,85.0,11.0,465.0,211.0
104154,1,3025,85.0,11.0,465.0,211.0
104154,1,3026,85.0,11.0,465.0,211.0
104154,1,3027,85.0,11.0,465.0,211.0
104154,1,3028,85.0,11.0,465.0,211.0
104154,1,3029,85.0,11.0,465.0,211.0
104154,1,3030,85.0,11.0,465.0,211.0
104154,1,3031,85.0,11.0,465.0,211.0
104154,1,3032,85.0,11.0,465.0,211.0
104154,1,3033,85.0,11.0,465.0,211.0
104154,1,3034,85.0,11.0,478.0,211.0
104154,1,3035,85.0,11.0,478.0,211.0
104154,1,3036,85.0,11.0,478.0,211.0
104154,1,3037,85.0,11.0,478.0,211.0
104154,1,3038,85.0,11.0,478.0,211.0
104154,1,3039,85.0,11.0,478.0,211.0
104154,1,3040,85.0,11.0,478.0,211.0
104154,1,3041,85.0,11.0,478.0,211.0
104154,1,3042,85.0,11.0,478.0,211.0
104154,1,3043,85.0,11.0,478.0,211.0
104154,1,3044,85.0,11.0,478.0,211.0
104154,1,3045,85.0,11.0,478.0,211.0
104154,1,3046,85.0,11.0,478.0,211.0
104154,1,3047,85.0,11.0,478.0,211.0
104154,1,3048,85.0,11.0,478.0,211.0
104154,1,3049,85.0,11.0,478.0,211.0
104154,1,3050,85.0,11.0,478.0,211.0
104154,1,3051,85.0,11.0,478.0,211.0
104154,1,3052,85.0,11.0,478.0,211.0
104154,1,3053,85.0,11.0,478.0,211.0
104154,1,3054,85.0,11.0,478.0,211.0
104154,1,3055,85.0,11.0,478.0,211.0
104154,1,3056,85.0,11.0,478.0,211.0
104154,1,3057,85.0,11.0,478.0,211.0
104154,1,3058,85.0,11.0,478.0,211.0
104154,1,3059,85.0,11.0,478.0,211.0
104154,1,3060,85.0,11.0,478.0,211.0
104154,1,3061,85.0,11.0,478.0,211.0
104154,1,3062,85.0,11.0,478.0,211.0
104154,1,3063,85.0,11.0,478.0,211.0
104154,1,3064,85.0,11.0,478.0,211.0
104154,1,3065,85.0,11.0,478.0,211.0
104154,1,3066,85.0,11.0,478.0,211.0
104154,1,3067,85.0,11.0,478.0,211.0
104154,1,3068,85.0,11.0,478.0,211.0
104154,1,3069,85.0,11.0,478.0,211.0
104154,1,3070,85.0,11.0,478.0,211.0
104154,1,3071,85.0,11.0,478.0,211.0
104154,1,3072,85.0,11.0,478.0,211.0
104154,1,3073,85.0,11.0,478.0,211.0
104154,1,3074,85.0,11.0,478.0,211.0
104154,1,3075,85.0,11.0,478.0,211.0
104154,1,3076,85.0,11.0,478.0,211.0
104154,1,3077,85.0,11.0,478.0,211.0
104154,1,3078,85.0,11.0,478.0,211.0
104154,1,3079,85.0,11.0,478.0,211.0
104154,1,3080,85.0,11.0,478.0,211.0
104154,1,3081,85.0,11.0,478.0,211.0
104154,1,3082,85.0,11.0,478.0,211.0
104154,1,3083,85.0,11.0,478.0,211.0
104154,1,3084,85.0,11.0,478.0,211.0
104154,1,3085,85.0,11.0,478.0,211.0
104154,1,3086,85.0,11.0,478.0,211.0
104154,1,3087,85.0,11.0,478.0,211.0
104154,1,3088,85.0,11.0,478.0,211.0
104154,1,3089,85.0,11.0,478.0,211.0
104154,1,3090,85.0,11.0,478.0,211.0
104154,1,3091,85.0,11.0,478.0,211.0
104154,1,3092,85.0,11.0,478.0,211.0
104154,1,3093,85.0,11.0,478.0,211.0
104154,1,3094,85.0,11.0,478.0,211.0
104154,1,3095,85.0,11.0,478.0,211.0
104154,1,3096,85.0,11.0,478.0,211.0
104154,1,3097,85.0,11.0,478.0,211.0
104154,1,3098,85.0,11.0,478.0,211.0
104154,1,3099,85.0,11.0,478.0,211.0
104154,1,3100,85.0,11.0,478.0,211.0
104154,1,3101,85.0,11.0,478.0,211.0
104154,1,3102,85.0,11.0,478.0,211.0
104154,1,3103,85.0,11.0,478.0,211.0
104154,1,3104,85.0,11.0,478.0,211.0
104154,1,3105,85.0,11.0,478.0,211.0
104154,1,3106,85.0,11.0,478.0,211.0
104154,1,3107,85.0,11.0,478.0,211.0
104154,1,3108,85.0,11.0,478.0,211.0
104154,1,3109,85.0,11.0,478.0,211.0
104154,1,3110,85.0,11.0,478.0,211.0
104154,1,3111,85.0,11.0,478.0,211.0
104154,1,3112,85.0,11.0,478.0,211.0
104154,1,3113,85.0,11.0,478.0,211.0
104154,1,3114,85.0,11.0,478.0,211.0
104154,1,3115,85.0,11.0,478.0,211.0
104154,1,3116,85.0,11.0,478.0,211.0
104154,1,3117,85.0,11.0,478.0,211.0
104154,1,3118,85.0,11.0,478.0,211.0
104154,1,3119,85.0,11.0,478.0,211.0
104154,1,3120,85.0,11.0,478.0,211.0
104154,1,3121,85.0,11.0,478.0,211.0
104154,1,3122,85.0,11.0,478.0,211.0
104154,1,3123,85.0,11.0,478.0,211.0
104154,1,3124,85.0,11.0,478.0,211.0
104154,1,3125,85.0,11.0,478.0,211.0
104154,1,3126,85.0,11.0,478.0,211.0
104154,1,3127,85.0,11.0,478.0,211.0
104154,1,3128,85.0,11.0,478.0,211.0
104154,1,3129,85.0,11.0,478.0,211.0
104154,1,3130,85.0,11.0,478.0,211.0
104154,1,3131,85.0,11.0,468.0,211.0
104154,1,3132,85.0,11.0,468.0,211.0
104154,1,3133,85.0,11.0,468.0,211.0
104154,1,3134,85.0,11.0,468.0,211.0
104154,1,3135,85.0,11.0,468.0,211.0
104154,1,3136,85.0,11.0,468.0,211.0
104154,1,3137,85.0,11.0,468.0,211.0
104154,1,3138,85.0,11.0,468.0,211.0
104154,1,3139,85.0,11.0,468.0,211.0
104154,1,3140,85.0,11.0,468.0,211.0
104154,1,3141,85.0,11.0,468.0,211.0
104154,1,3142,85.0,0,468.0,211.0
104154,1,3143,85.0,0,468.0,211.0
104154,1,3144,85.0,0,468.0,211.0
104154,1,3145,85.0,0,468.0,211.0
104154,1,3146,85.0,0,468.0,211.0
104154,1,3147,85.0,0,468.0,211.0
104154,1,3148,85.0,0,468.0,211.0
104154,1,3149,85.0,0,468.0,211.0
104154,1,3150,102.0,0,468.0,211.0
104154,1,3151,102.0,0,468.0,211.0
104154,1,3152,102.0,0,468.0,211.0
104154,1,3153,102.0,0,468.0,211.0
104154,1,3154,102.0,0,468.0,211.0
104154,1,3155,102.0,0,468.0,211.0
104154,1,3156,102.0,0,468.0,211.0
104154,1,3157,102.0,0,468.0,211.0
104154,1,3158,102.0,0,468.0,211.0
104154,1,3159,102.0,0,468.0,211.0
104154,1,3160,102.0,0,468.0,211.0
104154,1,3161,102.0,0,468.0,211.0
104154,1,3162,102.0,0,468.0,211.0
104154,1,3163,102.0,0,468.0,211.0
104154,1,3164,102.0,0,468.0,211.0
104154,1,3165,102.0,0,468.0,211.0
104154,1,3166,102.0,0,468.0,211.0
104154,1,3167,102.0,0,468.0,211.0
104154,1,3168,102.0,0,468.0,211.0
104154,1,3169,102.0,0,468.0,211.0
104154,1,3170,102.0,0,468.0,211.0
104154,1,3171,102.0,0,468.0,211.0
104154,1,3172,102.0,0,468.0,211.0
104154,1,3173,102.0,0,468.0,211.0
104154,1,3174,102.0,0,468.0,211.0
104154,1,3175,102.0,0,468.0,211.0
104154,1,3176,102.0,0,477.0,211.0
104154,1,3177,102.0,0,477.0,211.0
104154,1,3178,102.0,0,477.0,211.0
104154,1,3179,102.0,0,477.0,211.0
104154,1,3180,102.0,0,477.0,211.0
104154,1,3181,102.0,0,477.0,211.0
104154,1,3182,102.0,0,477.0,211.0
104154,1,3183,102.0,0,477.0,211.0
104154,1,3184,102.0,0,477.0,211.0
104154,1,3185,102.0,0,477.0,211.0
104154,1,3186,102.0,0,477.0,211.0
104154,1,3187,102.0,0,477.0,211.0
104154,1,3188,102.0,0,477.0,211.0
104154,1,3189,102.0,0,477.0,211.0
104154,1,3190,102.0,0,477.0,211.0
104154,1,3191,102.0,0,477.0,211.0
104154,1,3192,102.0,0,477.0,211.0
104154,1,3193,102.0,0,477.0,211.0
104154,1,3194,102.0,0,477.0,211.0
104154,1,3195,102.0,0,477.0,211.0
104154,1,3196,102.0,0,477.0,211.0
104154,1,3197,102.0,0,477.0,211.0
104154,1,3198,102.0,0,477.0,211.0
104154,1,3199,102.0,0,455.0,211.0
104154,1,3200,102.0,0,455.0,211.0
104154,1,3201,102.0,0,455.0,211.0
104154,1,3202,102.0,0,455.0,211.0
104154,1,3203,102.0,0,455.0,211.0
104154,1,3204,102.0,0,455.0,211.0
104154,1,3205,102.0,0,455.0,211.0
104154,1,3206,102.0,0,455.0,211.0
104154,1,3207,102.0,0,455.0,211.0
104154,1,3208,102.0,0,455.0,211.0
104154,1,3209,102.0,0,455.0,211.0
104154,1,3210,102.0,0,455.0,211.0
104154,1,3211,102.0,0,455.0,211.0
104154,1,3212,102.0,0,408.0,211.0
104154,1,3213,102.0,0,408.0,211.0
104154,1,3214,101.0,0,407.0,211.0
104154,1,3215,101.0,0,407.0,211.0
104154,1,3216,101.0,0,407.0,211.0
104154,1,3217,101.0,0,379.0,211.0
104154,1,3218,100.0,0,378.0,211.0
104154,1,3219,99.0,0,377.0,211.0
104154,1,3220,98.0,0,376.0,211.0
104154,1,3221,97.0,0,375.0,211.0
104154,1,3222,96.0,0,374.0,211.0
104154,1,3223,121.0,0,354.0,211.0
104154,1,3224,120.0,0,353.0,211.0
104154,1,3225,119.0,0,352.0,211.0
104154,1,3226,118.0,0,351.0,211.0
104154,1,3227,117.0,0,350.0,211.0
104154,1,3228,116.0,0,349.0,211.0
104154,1,3229,115.0,0,348.0,211.0
104154,1,3230,128.0,0,317.0,211.0
104154,1,3231,127.0,0,316.0,211.0
104154,1,3232,126.0,0,315.0,211.0
104154,1,3233,125.0,0,314.0,211.0
104154,1,3234,124.0,0,313.0,211.0
104154,1,3235,123.0,0,312.0,211.0
104154,1,3236,123.0,13.0,312.0,211.0
104154,1,3237,122.0,13.0,311.0,211.0
104154,1,3238,121.0,13.0,310.0,211.0
104154,1,3239,120.0,13.0,309.0,211.0
104154,1,3240,119.0,13.0,308.0,211.0
104154,1,3241,118.0,13.0,307.0,211.0
104154,1,3242,118.0,13.0,307.0,211.0
104154,1,3243,118.0,13.0,307.0,211.0
104154,1,3244,126.0,24.0,283.0,211.0
104154,1,3245,126.0,24.0,283.0,211.0
104154,1,3246,126.0,24.0,283.0,211.0
104154,1,3247,126.0,24.0,283.0,211.0
104154,1,3248,125.0,24.0,282.0,211.0
104154,1,3249,125.0,24.0,282.0,211.0
104154,1,3250,125.0,24.0,282.0,211.0
104154,1,3251,125.0,24.0,282.0,211.0
104154,1,3252,125.0,24.0,282.0,211.0
104154,1,3253,125.0,24.0,282.0,211.0
104154,1,3254,125.0,24.0,282.0,211.0
104154,1,3255,125.0,24.0,282.0,211.0
104154,1,3256,125.0,24.0,282.0,211.0
104154,1,3257,125.0,24.0,282.0,211.0
104154,1,3258,125.0,41.0,281.0,211.0
104154,1,3259,125.0,41.0,281.0,211.0
104154,1,3260,125.0,41.0,281.0,211.0
104154,1,3261,125.0,41.0,281.0,211.0
104154,1,3262,125.0,41.0,281.0,211.0
104154,1,3263,125.0,41.0,281.0,211.0
104154,1,3264,125.0,41.0,281.0,211.0
104154,1,3265,125.0,41.0,281.0,211.0
104154,1,3266,125.0,41.0,281.0,211.0
104154,1,3267,125.0,41.0,281.0,211.0
104154,1,3268,125.0,41.0,280.0,239.0
104154,1,3269,125.0,41.0,280.0,239.0
104154,1,3270,125.0,41.0,280.0,239.0
104154,1,3271,125.0,41.0,280.0,239.0
104154,1,3272,125.0,41.0,280.0,239.0
104154,1,3273,125.0,41.0,280.0,239.0
104154,1,3274,125.0,41.0,280.0,239.0
104154,1,3275,125.0,41.0,280.0,239.0
104154,1,3276,125.0,41.0,280.0,239.0
104154,1,3277,125.0,41.0,280.0,239.0
104154,1,3278,125.0,41.0,280.0,239.0
104154,1,3279,125.0,41.0,280.0,239.0
104154,1,3280,125.0,41.0,280.0,239.0
104154,1,3281,110.0,50.0,279.0,251.0
104154,1,3282,110.0,50.0,279.0,251.0
104154,1,3283,110.0,50.0,279.0,251.0
104154,1,3284,110.0,50.0,279.0,251.0
104154,1,3285,110.0,50.0,279.0,251.0
104154,1,3286,110.0,50.0,279.0,251.0
104154,1,3287,110.0,50.0,279.0,251.0
104154,1,3288,110.0,50.0,279.0,251.0
104154,1,3289,110.0,50.0,279.0,251.0
104154,1,3290,110.0,50.0,279.0,251.0
104154,1,3291,110.0,50.0,279.0,251.0
104154,1,3292,110.0,50.0,279.0,251.0
104154,1,3293,110.0,50.0,279.0,251.0
104154,1,3294,110.0,50.0,279.0,251.0
104154,1,3295,110.0,50.0,279.0,251.0
104154,1,3296,110.0,50.0,279.0,251.0
104154,1,3297,110.0,50.0,279.0,251.0
104154,1,3298,110.0,50.0,279.0,251.0
104154,1,3299,110.0,50.0,279.0,251.0
104154,1,3300,110.0,50.0,279.0,251.0
104154,1,3301,110.0,50.0,279.0,251.0
104154,1,3302,110.0,50.0,279.0,251.0
104154,1,3303,110.0,50.0,279.0,251.0
104154,1,3304,110.0,50.0,279.0,251.0
104154,1,3305,110.0,50.0,279.0,251.0
104154,1,3306,110.0,50.0,279.0,251.0
104154,1,3307,110.0,50.0,279.0,251.0
104154,1,3308,110.0,50.0,279.0,251.0
104154,1,3309,110.0,50.0,279.0,251.0
104154,1,3310,110.0,50.0,279.0,251.0
104154,1,3311,110.0,50.0,279.0,251.0
104154,1,3312,110.0,50.0,279.0,251.0
104154,1,3313,110.0,50.0,279.0,251.0
104154,1,3314,110.0,50.0,279.0,251.0
104154,1,3315,110.0,50.0,279.0,251.0
104154,1,3316,110.0,50.0,279.0,251.0
104154,1,3317,110.0,50.0,279.0,251.0
104154,1,3318,110.0,50.0,279.0,251.0
104154,1,3319,110.0,50.0,279.0,251.0
104154,1,3320,110.0,50.0,279.0,251.0
104154,1,3321,110.0,50.0,279.0,251.0
104154,1,3322,110.0,50.0,279.0,251.0
104154,1,3323,110.0,50.0,279.0,251.0
104154,1,3324,110.0,50.0,279.0,251.0
104154,1,3325,110.0,50.0,279.0,251.0
104154,1,3326,110.0,50.0,279.0,251.0
104154,1,3327,110.0,50.0,279.0,251.0
104154,1,3328,110.0,50.0,279.0,251.0
104154,1,3329,110.0,50.0,279.0,251.0
104154,1,3330,110.0,50.0,279.0,251.0
104154,1,3331,110.0,50.0,279.0,251.0
104154,1,3332,110.0,50.0,279.0,251.0
104154,1,3333,110.0,50.0,279.0,251.0
104154,1,3334,110.0,50.0,279.0,251.0
104154,1,3335,110.0,50.0,279.0,251.0
104154,1,3336,110.0,50.0,279.0,251.0
104154,1,3337,110.0,50.0,279.0,251.0
104154,1,3338,110.0,50.0,279.0,251.0
104154,1,3339,110.0,50.0,279.0,251.0
104154,1,3340,110.0,50.0,279.0,251.0
104154,1,3341,110.0,50.0,279.0,251.0
104154,1,3342,110.0,50.0,279.0,251.0
104154,1,3343,110.0,50.0,279.0,251.0
104154,1,3344,110.0,50.0,279.0,251.0
104154,1,3345,110.0,50.0,279.0,251.0
104154,1,3346,110.0,50.0,279.0,251.0
104154,1,3347,110.0,50.0,279.0,251.0
104154,1,3348,110.0,50.0,279.0,251.0
104154,1,3349,110.0,50.0,279.0,251.0
104154,1,3350,110.0,50.0,279.0,251.0
104154,1,3351,110.0,50.0,279.0,251.0
104154,1,3352,110.0,50.0,279.0,251.0
104154,1,3353,110.0,50.0,279.0,251.0
104154,1,3354,110.0,50.0,279.0,251.0
104154,1,3355,110.0,50.0,279.0,251.0
104154,1,3356,110.0,50.0,279.0,251.0
104154,1,3357,110.0,50.0,279.0,251.0
104154,1,3358,110.0,50.0,279.0,251.0
104154,1,3359,110.0,50.0,279.0,251.0
104154,1,3360,110.0,50.0,279.0,251.0
104154,1,3361,110.0,50.0,279.0,251.0
104154,1,3362,110.0,50.0,279.0,251.0
104154,1,3363,110.0,50.0,279.0,251.0
104154,1,3364,110.0,50.0,279.0,251.0
104154,1,3365,110.0,50.0,279.0,251.0
104154,1,3366,110.0,50.0,279.0,251.0
104154,1,3367,110.0,50.0,279.0,251.0
104154,1,3368,110.0,50.0,279.0,251.0
104154,1,3369,110.0,50.0,279.0,251.0
104154,1,3370,110.0,50.0,279.0,251.0
104154,1,3371,110.0,50.0,279.0,251.0
104154,1,3372,110.0,50.0,279.0,251.0
104154,1,3373,110.0,50.0,279.0,251.0
104154,1,3374,110.0,50.0,279.0,251.0
104154,1,3375,110.0,50.0,279.0,251.0
104154,1,3376,110.0,50.0,279.0,251.0
104154,1,3377,110.0,50.0,279.0,251.0
104154,1,3378,110.0,50.0,279.0,251.0
104154,1,3379,110.0,50.0,279.0,251.0
104154,1,3380,110.0,50.0,279.0,251.0
104154,1,3381,110.0,50.0,279.0,251.0
104154,1,3382,110.0,50.0,279.0,251.0
104154,1,3383,110.0,50.0,279.0,251.0
104154,1,3384,110.0,50.0,279.0,251.0
104154,1,3385,110.0,50.0,279.0,251.0
104154,1,3386,110.0,50.0,279.0,251.0
104154,1,3387,110.0,50.0,279.0,251.0
104154,1,3388,110.0,50.0,279.0,251.0
104154,1,3389,110.0,50.0,279.0,251.0
104154,1,3390,110.0,50.0,279.0,251.0
104154,1,3391,110.0,50.0,279.0,251.0
104154,1,3392,110.0,50.0,279.0,251.0
104154,1,3393,110.0,50.0,279.0,251.0
104154,1,3394,110.0,50.0,279.0,251.0
104154,1,3395,110.0,50.0,279.0,251.0
104154,1,3396,110.0,50.0,279.0,251.0
104154,1,3397,110.0,50.0,279.0,251.0
104154,1,3398,110.0,50.0,279.0,251.0
104154,1,3399,110.0,50.0,279.0,251.0
104154,1,3400,110.0,50.0,279.0,251.0
104154,1,3401,110.0,50.0,279.0,251.0
104154,1,3402,110.0,50.0,279.0,251.0
104154,1,3403,110.0,50.0,279.0,251.0
104154,1,3404,110.0,50.0,279.0,251.0
104154,1,3405,110.0,50.0,279.0,251.0
104154,1,3406,110.0,17.0,279.0,250.0
104154,1,3407,110.0,17.0,279.0,250.0
104154,1,3408,110.0,17.0,279.0,250.0
104154,1,3409,110.0,17.0,279.0,250.0
104154,1,3410,110.0,17.0,279.0,250.0
104154,1,3411,110.0,17.0,279.0,250.0
104154,1,3412,110.0,17.0,279.0,250.0
104154,1,3413,110.0,17.0,279.0,250.0
104154,1,3414,110.0,17.0,279.0,250.0
104154,1,3415,110.0,17.0,279.0,250.0
104154,1,3416,110.0,17.0,279.0,250.0
104154,1,3417,110.0,17.0,279.0,250.0
104154,1,3418,110.0,17.0,279.0,250.0
104154,1,3419,110.0,17.0,279.0,250.0
104154,1,3420,110.0,17.0,279.0,250.0
104154,1,3421,127.0,17.0,303.0,219.0
104154,1,3422,127.0,17.0,303.0,219.0
104154,1,3423,127.0,17.0,303.0,219.0
104154,1,3424,127.0,17.0,303.0,219.0
104154,1,3425,127.0,17.0,303.0,219.0
104154,1,3426,127.0,17.0,303.0,219.0
104154,1,3427,127.0,17.0,303.0,219.0
104154,1,3428,127.0,17.0,303.0,219.0
104154,1,3429,127.0,17.0,303.0,219.0
104154,1,3430,127.0,17.0,303.0,219.0
104154,1,3431,127.0,17.0,303.0,219.0
104154,1,3432,127.0,17.0,303.0,219.0
104154,1,3433,127.0,17.0,303.0,219.0
104154,1,3434,127.0,17.0,329.0,219.0
104154,1,3435,127.0,17.0,329.0,219.0
104154,1,3436,127.0,17.0,329.0,219.0
104154,1,3437,127.0,17.0,329.0,219.0
104154,1,3438,127.0,17.0,329.0,219.0
104154,1,3439,127.0,17.0,329.0,219.0
104154,1,3440,127.0,17.0,329.0,219.0
104154,1,3441,127.0,17.0,329.0,219.0
104154,1,3442,127.0,17.0,329.0,219.0
104154,1,3443,127.0,17.0,329.0,219.0
104154,1,3444,127.0,17.0,329.0,219.0
104154,1,3445,127.0,17.0,329.0,219.0
104154,1,3446,127.0,17.0,329.0,219.0
104154,1,3447,127.0,17.0,329.0,219.0
104154,1,3448,128.0,17.0,330.0,219.0
104154,1,3449,129.0,17.0,331.0,219.0
104154,1,3450,130.0,17.0,332.0,219.0
104154,1,3451,131.0,17.0,333.0,219.0
104154,1,3452,132.0,17.0,334.0,219.0
104154,1,3453,133.0,17.0,335.0,219.0
104154,1,3454,118.0,0,336.0,209.0
104154,1,3455,119.0,0,337.0,209.0
104154,1,3456,120.0,0,338.0,209.0
104154,1,3457,121.0,0,339.0,209.0
104154,1,3458,122.0,0,340.0,209.0
104154,1,3459,123.0,0,341.0,209.0
104154,1,3460,124.0,0,342.0,209.0
104154,1,3461,124.0,0,398.0,209.0
104154,1,3462,124.0,0,398.0,209.0
104154,1,3463,124.0,0,398.0,209.0
104154,1,3464,124.0,0,398.0,209.0
104154,1,3465,124.0,0,398.0,209.0
104154,1,3466,124.0,0,398.0,209.0
104154,1,3467,124.0,0,398.0,209.0
104154,1,3468,124.0,0,398.0,209.0
104154,1,3469,124.0,0,398.0,209.0
104154,1,3470,124.0,0,398.0,209.0
104154,1,3471,124.0,0,398.0,209.0
104154,1,3472,124.0,0,398.0,209.0
104154,1,3473,124.0,0,398.0,209.0
104154,1,3474,124.0,0,398.0,209.0
104154,1,3475,101.0,0,424.0,209.0
104154,1,3476,101.0,0,424.0,209.0
104154,1,3477,101.0,0,424.0,209.0
104154,1,3478,101.0,0,424.0,209.0
104154,1,3479,101.0,0,424.0,209.0
104154,1,3480,101.0,0,424.0,209.0
104154,1,3481,101.0,0,424.0,209.0
104154,1,3482,101.0,0,424.0,209.0
104154,1,3483,101.0,0,424.0,209.0
104154,1,3484,101.0,0,424.0,209.0
104154,1,3485,101.0,0,451.0,209.0
104154,1,3486,101.0,0,451.0,209.0
104154,1,3487,101.0,0,451.0,209.0
104154,1,3488,101.0,0,451.0,209.0
104154,1,3489,101.0,0,451.0,209.0
104154,1,3490,101.0,0,451.0,209.0
104154,1,3491,101.0,0,451.0,209.0
104154,1,3492,101.0,0,451.0,209.0
104154,1,3493,101.0,0,451.0,209.0
104154,1,3494,101.0,0,451.0,209.0
104154,1,3495,101.0,0,451.0,209.0
104154,1,3496,101.0,0,451.0,209.0
104154,1,3497,101.0,0,451.0,209.0
104154,1,3498,101.0,0,451.0,209.0
104154,1,3499,101.0,0,451.0,209.0
104154,1,3500,101.0,0,451.0,209.0
104154,1,3501,101.0,0,451.0,209.0
104154,1,3502,101.0,0,451.0,209.0
104154,1,3503,101.0,0,451.0,209.0
104154,1,3504,101.0,0,451.0,209.0
104154,1,3505,101.0,0,451.0,209.0
104154,1,3506,101.0,0,451.0,209.0
104154,1,3507,101.0,0,451.0,209.0
104154,1,3508,101.0,0,451.0,209.0
104154,1,3509,101.0,0,451.0,209.0
104154,1,3510,101.0,0,451.0,209.0
104154,1,3511,101.0,0,451.0,209.0
104154,1,3512,101.0,0,451.0,209.0
104154,1,3513,101.0,0,451.0,209.0
104154,1,3514,101.0,0,451.0,209.0
104154,1,3515,101.0,0,451.0,209.0
104154,1,3516,101.0,0,451.0,209.0
104154,1,3517,101.0,0,451.0,209.0
104154,1,3518,101.0,0,451.0,209.0
104154,1,3519,101.0,0,451.0,209.0
104154,1,3520,101.0,0,451.0,209.0
104154,1,3521,101.0,0,451.0,209.0
104154,1,3522,101.0,0,451.0,209.0
104154,1,3523,101.0,0,451.0,209.0
104154,1,3524,101.0,0,451.0,209.0
104154,1,3525,101.0,0,451.0,209.0
104154,1,3526,101.0,0,451.0,209.0
104154,1,3527,101.0,0,451.0,209.0
104154,1,3528,101.0,0,451.0,209.0
104154,1,3529,101.0,0,451.0,209.0
104154,1,3530,101.0,0,451.0,209.0
104154,1,3531,101.0,0,451.0,209.0
104154,1,3532,101.0,0,451.0,209.0
104154,1,3533,101.0,0,451.0,209.0
104154,1,3534,101.0,0,451.0,209.0
104154,1,3535,101.0,0,451.0,209.0
104154,1,3536,101.0,0,451.0,209.0
104154,1,3537,101.0,0,451.0,209.0
104154,1,3538,101.0,0,451.0,209.0
104154,1,3539,101.0,0,451.0,209.0
104154,1,3540,101.0,0,451.0,209.0
104154,1,3541,101.0,0,451.0,209.0
104154,1,3542,101.0,0,451.0,209.0
104154,1,3543,101.0,0,451.0,209.0
104154,1,3544,101.0,0,451.0,209.0
104154,1,3545,101.0,0,451.0,209.0
104154,1,3546,101.0,0,451.0,209.0
104154,1,3547,101.0,0,451.0,209.0
104154,1,3548,101.0,0,451.0,209.0
104154,1,3549,101.0,0,451.0,209.0
104154,1,3550,101.0,0,451.0,209.0
104154,1,3551,101.0,0,451.0,209.0
104154,1,3552,101.0,0,451.0,209.0
104154,1,3553,101.0,0,451.0,209.0
104154,1,3554,101.0,0,451.0,209.0
104154,1,3555,101.0,0,451.0,209.0
104154,1,3556,101.0,0,451.0,209.0
104154,1,3557,101.0,0,451.0,209.0
104154,1,3558,101.0,0,451.0,209.0
104154,1,3559,101.0,0,451.0,209.0
104154,1,3560,101.0,0,451.0,209.0
104154,1,3561,101.0,0,451.0,209.0
104154,1,3562,101.0,0,451.0,209.0
104154,1,3563,101.0,0,451.0,209.0
104154,1,3564,101.0,0,451.0,209.0
104154,1,3565,101.0,0,451.0,209.0
104154,1,3566,101.0,0,451.0,209.0
104154,1,3567,101.0,0,451.0,209.0
104154,1,3568,101.0,0,451.0,209.0
104154,1,3569,101.0,0,451.0,209.0
104154,1,3570,101.0,0,451.0,209.0
104154,1,3571,101.0,0,451.0,209.0
104154,1,3572,101.0,0,469.0,209.0
104154,1,3573,101.0,0,469.0,209.0
104154,1,3574,101.0,0,469.0,209.0
104154,1,3575,101.0,0,469.0,209.0
104154,1,3576,101.0,0,469.0,209.0
104154,1,3577,101.0,0,469.0,209.0
104154,1,3578,101.0,0,469.0,209.0
104154,1,3579,101.0,0,469.0,209.0
104154,1,3580,101.0,0,469.0,209.0
104154,1,3581,101.0,0,469.0,209.0
104154,1,3582,101.0,0,469.0,209.0
104154,1,3583,101.0,0,469.0,209.0
104154,1,3584,101.0,0,469.0,209.0
104154,1,3585,101.0,0,469.0,209.0
104154,1,3586,101.0,0,469.0,209.0
104154,1,3587,101.0,0,469.0,209.0
104154,1,3588,101.0,0,469.0,209.0
104154,1,3589,101.0,0,469.0,209.0
104154,1,3590,101.0,0,469.0,209.0
104154,1,3591,101.0,0,469.0,209.0
104154,1,3592,101.0,0,469.0,209.0
104154,1,3593,101.0,0,469.0,209.0
104154,1,3594,101.0,0,469.0,209.0
104154,1,3595,101.0,0,469.0,209.0
104154,1,3596,101.0,0,469.0,209.0
104154,1,3597,101.0,0,469.0,209.0
104154,1,3598,101.0,0,469.0,209.0
104154,1,3599,101.0,0,469.0,209.0
104154,1,3600,101.0,0,469.0,209.0
104154,1,3601,101.0,0,469.0,209.0
104154,1,3602,101.0,0,469.0,209.0
104154,1,3603,101.0,0,469.0,209.0
104154,1,3604,101.0,0,469.0,209.0
104154,1,3605,101.0,0,469.0,209.0
104154,1,3606,101.0,0,469.0,209.0
104154,1,3607,101.0,0,469.0,209.0
104154,1,3608,101.0,0,469.0,209.0
104154,1,3609,101.0,0,478.0,209.0
104154,1,3610,101.0,0,478.0,209.0
104154,1,3611,101.0,0,478.0,209.0
104154,1,3612,101.0,0,478.0,209.0
104154,1,3613,101.0,0,478.0,209.0
104154,1,3614,101.0,0,478.0,209.0
104154,1,3615,101.0,0,478.0,209.0
104154,1,3616,101.0,0,478.0,209.0
104154,1,3617,101.0,0,478.0,209.0
104154,1,3618,101.0,0,478.0,209.0
104154,1,3619,101.0,0,478.0,209.0
104154,1,3620,101.0,0,478.0,209.0
104154,1,3621,101.0,0,478.0,209.0
104154,1,3622,101.0,0,478.0,209.0
104154,1,3623,101.0,0,478.0,209.0
104154,1,3624,101.0,0,478.0,209.0
104154,1,3625,101.0,0,478.0,209.0
104154,1,3626,101.0,0,478.0,209.0
104154,1,3627,101.0,0,478.0,209.0
104154,1,3628,101.0,0,478.0,209.0
104154,1,3629,101.0,16.0,478.0,209.0
104154,1,3630,101.0,16.0,478.0,209.0
104154,1,3631,101.0,16.0,478.0,209.0
104154,1,3632,101.0,16.0,478.0,209.0
104154,1,3633,101.0,16.0,478.0,209.0
104154,1,3634,101.0,16.0,478.0,209.0
104154,1,3635,101.0,16.0,478.0,209.0
104154,1,3636,101.0,16.0,478.0,209.0
104154,1,3637,101.0,16.0,478.0,209.0
104154,1,3638,101.0,16.0,478.0,209.0
104154,1,3639,101.0,16.0,478.0,209.0
104154,1,3640,101.0,16.0,478.0,209.0
104154,1,3641,101.0,16.0,478.0,209.0
104154,1,3642,101.0,16.0,478.0,209.0
104154,1,3643,101.0,16.0,478.0,209.0
104154,1,3644,101.0,16.0,478.0,209.0
104154,1,3645,101.0,16.0,478.0,209.0
104154,1,3646,101.0,16.0,478.0,209.0
104154,1,3647,101.0,16.0,478.0,209.0
104154,1,3648,101.0,0,478.0,209.0
104154,1,3649,101.0,0,478.0,209.0
104154,1,3650,101.0,0,478.0,209.0
104154,1,3651,101.0,0,478.0,209.0
104154,1,3652,101.0,0,478.0,209.0
104154,1,3653,101.0,0,478.0,209.0
104154,1,3654,101.0,0,478.0,209.0
104154,1,3655,101.0,0,478.0,209.0
104154,1,3656,101.0,0,478.0,209.0
104154,1,3657,101.0,0,478.0,209.0
104154,1,3658,101.0,0,478.0,209.0
104154,1,3659,101.0,0,478.0,209.0
104154,1,3660,101.0,0,439.0,209.0
104154,1,3661,101.0,0,439.0,209.0
104154,1,3662,101.0,0,439.0,209.0
104154,1,3663,101.0,0,439.0,209.0
104154,1,3664,101.0,0,439.0,209.0
104154,1,3665,101.0,0,439.0,209.0
104154,1,3666,101.0,0,439.0,209.0
104154,1,3667,101.0,0,439.0,209.0
104154,1,3668,101.0,0,439.0,209.0
104154,1,3669,101.0,0,439.0,209.0
104154,1,3670,101.0,0,439.0,209.0
104154,1,3671,101.0,0,417.0,209.0
104154,1,3672,101.0,0,417.0,209.0
104154,1,3673,101.0,0,417.0,209.0
104154,1,3674,101.0,0,417.0,209.0
104154,1,3675,101.0,0,417.0,209.0
104154,1,3676,101.0,0,417.0,209.0
104154,1,3677,101.0,0,417.0,209.0
104154,1,3678,101.0,0,417.0,209.0
104154,1,3679,101.0,0,417.0,209.0
104154,1,3680,101.0,0,417.0,209.0
104154,1,3681,101.0,0,417.0,209.0
104154,1,3682,101.0,0,417.0,209.0
104154,1,3683,101.0,0,417.0,209.0
104154,1,3684,101.0,0,381.0,209.0
104154,1,3685,101.0,0,381.0,209.0
104154,1,3686,101.0,0,381.0,209.0
104154,1,3687,101.0,0,381.0,209.0
104154,1,3688,101.0,0,381.0,209.0
104154,1,3689,101.0,0,381.0,209.0
104154,1,3690,101.0,0,381.0,209.0
104154,1,3691,101.0,0,381.0,209.0
104154,1,3692,101.0,0,381.0,209.0
104154,1,3693,101.0,0,350.0,209.0
104154,1,3694,101.0,0,350.0,209.0
104154,1,3695,101.0,0,350.0,209.0
104154,1,3696,101.0,0,350.0,209.0
104154,1,3697,101.0,0,350.0,209.0
104154,1,3698,101.0,0,350.0,209.0
104154,1,3699,101.0,0,350.0,209.0
104154,1,3700,101.0,0,350.0,209.0
104154,1,3701,101.0,0,350.0,209.0
104154,1,3702,101.0,0,350.0,209.0
104154,1,3703,101.0,0,350.0,209.0
104154,1,3704,119.0,0,308.0,209.0
104154,1,3705,119.0,0,308.0,209.0
104154,1,3706,119.0,0,308.0,209.0
104154,1,3707,119.0,0,308.0,209.0
104154,1,3708,119.0,0,308.0,209.0
104154,1,3709,119.0,0,308.0,209.0
104154,1,3710,119.0,0,308.0,209.0
104154,1,3711,119.0,0,308.0,209.0
104154,1,3712,119.0,0,308.0,209.0
104154,1,3713,119.0,0,308.0,209.0
104154,1,3714,119.0,0,308.0,209.0
104154,1,3715,119.0,0,308.0,209.0
104154,1,3716,119.0,26.0,285.0,209.0
104154,1,3717,119.0,26.0,285.0,209.0
104154,1,3718,119.0,26.0,285.0,209.0
104154,1,3719,119.0,26.0,285.0,209.0
104154,1,3720,119.0,26.0,285.0,209.0
104154,1,3721,119.0,26.0,285.0,209.0
104154,1,3722,119.0,26.0,285.0,209.0
104154,1,3723,119.0,26.0,285.0,209.0
104154,1,3724,119.0,26.0,285.0,209.0
104154,1,3725,119.0,26.0,285.0,209.0
104154,1,3726,119.0,26.0,285.0,209.0
104154,1,3727,119.0,26.0,285.0,209.0
104154,1,3728,119.0,26.0,285.0,209.0
104154,1,3729,119.0,45.0,276.0,208.0
104154,1,3730,119.0,45.0,276.0,208.0
104154,1,3731,119.0,45.0,276.0,208.0
104154,1,3732,119.0,45.0,276.0,208.0
104154,1,3733,119.0,45.0,276.0,208.0
104154,1,3734,119.0,45.0,276.0,208.0
104154,1,3735,119.0,45.0,276.0,208.0
104154,1,3736,119.0,45.0,276.0,208.0
104154,1,3737,119.0,45.0,276.0,208.0
104154,1,3738,119.0,45.0,276.0,208.0
104154,1,3739,119.0,45.0,276.0,208.0
104154,1,3740,119.0,45.0,276.0,208.0
104154,1,3741,119.0,45.0,276.0,208.0
104154,1,3742,119.0,45.0,276.0,208.0
104154,1,3743,119.0,45.0,276.0,208.0
104154,1,3744,119.0,66.0,276.0,208.0
104154,1,3745,119.0,66.0,276.0,208.0
104154,1,3746,119.0,66.0,276.0,208.0
104154,1,3747,119.0,66.0,276.0,208.0
104154,1,3748,119.0,66.0,276.0,208.0
104154,1,3749,119.0,66.0,276.0,208.0
104154,1,3750,119.0,66.0,276.0,208.0
104154,1,3751,119.0,66.0,276.0,208.0
104154,1,3752,119.0,66.0,276.0,208.0
104154,1,3753,119.0,66.0,276.0,208.0
104154,1,3754,119.0,66.0,276.0,208.0
104154,1,3755,119.0,66.0,276.0,208.0
104154,1,3756,119.0,66.0,276.0,208.0
104154,1,3757,119.0,66.0,276.0,208.0
104154,1,3758,119.0,66.0,276.0,208.0
104154,1,3759,119.0,66.0,276.0,208.0
104154,1,3760,119.0,66.0,276.0,208.0
104154,1,3761,119.0,66.0,276.0,208.0
104154,1,3762,119.0,66.0,276.0,208.0
104154,1,3763,119.0,66.0,276.0,208.0
104154,1,3764,119.0,66.0,276.0,208.0
104154,1,3765,119.0,66.0,276.0,208.0
104154,1,3766,119.0,66.0,276.0,208.0
104154,1,3767,119.0,66.0,276.0,208.0
104154,1,3768,119.0,66.0,276.0,208.0
104154,1,3769,119.0,66.0,276.0,208.0
104154,1,3770,119.0,66.0,276.0,208.0
104154,1,3771,119.0,66.0,276.0,208.0
104154,1,3772,119.0,66.0,276.0,208.0
104154,1,3773,119.0,66.0,276.0,208.0
104154,1,3774,119.0,66.0,276.0,208.0
104154,1,3775,119.0,66.0,276.0,208.0
104154,1,3776,119.0,66.0,276.0,208.0
104154,1,3777,119.0,66.0,276.0,208.0
104154,1,3778,119.0,66.0,276.0,208.0
104154,1,3779,119.0,66.0,276.0,208.0
104154,1,3780,119.0,66.0,276.0,208.0
104154,1,3781,119.0,66.0,276.0,208.0
104154,1,3782,119.0,66.0,276.0,208.0
104154,1,3783,119.0,66.0,276.0,208.0
104154,1,3784,119.0,66.0,276.0,208.0
104154,1,3785,119.0,66.0,276.0,208.0
104154,1,3786,119.0,66.0,276.0,208.0
104154,1,3787,119.0,66.0,276.0,208.0
104154,1,3788,119.0,66.0,276.0,208.0
104154,1,3789,119.0,66.0,276.0,208.0
104154,1,3790,119.0,66.0,276.0,208.0
104154,1,3791,119.0,66.0,276.0,208.0
104154,1,3792,119.0,66.0,276.0,208.0
104154,1,3793,119.0,66.0,276.0,208.0
104154,1,3794,119.0,66.0,276.0,208.0
104154,1,3795,119.0,66.0,276.0,208.0
104154,1,3796,119.0,66.0,276.0,208.0
104154,1,3797,119.0,66.0,276.0,208.0
104154,1,3798,119.0,66.0,276.0,208.0
104154,1,3799,119.0,66.0,276.0,208.0
104154,1,3800,119.0,66.0,276.0,208.0
104154,1,3801,119.0,66.0,276.0,208.0
104154,1,3802,119.0,66.0,276.0,208.0
104154,1,3803,119.0,66.0,276.0,208.0
104154,1,3804,119.0,66.0,276.0,208.0
104154,1,3805,119.0,66.0,276.0,208.0
104154,1,3806,119.0,66.0,276.0,208.0
104154,1,3807,119.0,66.0,276.0,208.0
104154,1,3808,119.0,66.0,276.0,208.0
104154,1,3809,119.0,66.0,276.0,208.0
104154,1,3810,119.0,66.0,276.0,208.0
104154,1,3811,119.0,66.0,276.0,208.0
104154,1,3812,119.0,66.0,276.0,208.0
104154,1,3813,119.0,66.0,276.0,208.0
104154,1,3814,119.0,66.0,276.0,208.0
104154,1,3815,119.0,66.0,276.0,208.0
104154,1,3816,119.0,66.0,276.0,208.0
104154,1,3817,119.0,66.0,276.0,208.0
104154,1,3818,119.0,66.0,276.0,208.0
104154,1,3819,119.0,66.0,276.0,208.0
104154,1,3820,119.0,66.0,276.0,208.0
104154,1,3821,119.0,66.0,276.0,208.0
104154,1,3822,119.0,66.0,276.0,208.0
104154,1,3823,119.0,66.0,276.0,208.0
104154,1,3824,119.0,66.0,276.0,208.0
104154,1,3825,119.0,66.0,276.0,208.0
104154,1,3826,119.0,66.0,276.0,208.0
104154,1,3827,119.0,66.0,276.0,208.0
104154,1,3828,119.0,66.0,276.0,208.0
104154,1,3829,119.0,66.0,276.0,208.0
104154,1,3830,119.0,66.0,276.0,208.0
104154,1,3831,119.0,66.0,276.0,208.0
104154,1,3832,119.0,66.0,276.0,208.0
104154,1,3833,119.0,66.0,276.0,208.0
104154,1,3834,119.0,66.0,276.0,208.0
104154,1,3835,119.0,66.0,276.0,208.0
104154,1,3836,119.0,66.0,276.0,208.0
104154,1,3837,119.0,66.0,276.0,208.0
104154,1,3838,119.0,66.0,276.0,208.0
104154,1,3839,119.0,66.0,276.0,208.0
104154,1,3840,119.0,66.0,276.0,208.0
104154,1,3841,119.0,66.0,276.0,208.0
104154,1,3842,119.0,66.0,276.0,208.0
104154,1,3843,119.0,66.0,276.0,208.0
104154,1,3844,119.0,66.0,276.0,208.0
104154,1,3845,119.0,66.0,276.0,208.0
104154,1,3846,119.0,66.0,276.0,208.0
104154,1,3847,119.0,66.0,276.0,208.0
104154,1,3848,119.0,66.0,276.0,208.0
104154,1,3849,119.0,66.0,276.0,208.0
104154,1,3850,119.0,66.0,276.0,208.0
104154,1,3851,119.0,66.0,276.0,208.0
104154,1,3852,119.0,66.0,276.0,208.0
104154,1,3853,119.0,66.0,276.0,208.0
104154,1,3854,119.0,66.0,276.0,208.0
104154,1,3855,119.0,66.0,276.0,208.0
104154,1,3856,119.0,66.0,276.0,208.0
104154,1,3857,119.0,66.0,276.0,208.0
104154,1,3858,119.0,66.0,276.0,208.0
104154,1,3859,119.0,66.0,276.0,208.0
104154,1,3860,119.0,66.0,276.0,208.0
104154,1,3861,119.0,66.0,276.0,208.0
104154,1,3862,119.0,66.0,276.0,208.0
104154,1,3863,119.0,66.0,276.0,208.0
104154,1,3864,119.0,66.0,276.0,208.0
104154,1,3865,119.0,66.0,276.0,208.0
104154,1,3866,119.0,66.0,276.0,208.0
104154,1,3867,119.0,66.0,276.0,208.0
104154,1,3868,119.0,66.0,276.0,208.0
104154,1,3869,119.0,66.0,276.0,208.0
104154,1,3870,119.0,66.0,276.0,208.0
104154,1,3871,119.0,66.0,276.0,208.0
104154,1,3872,119.0,66.0,276.0,208.0
104154,1,3873,119.0,66.0,276.0,208.0
104154,1,3874,119.0,66.0,276.0,208.0
104154,1,3875,119.0,66.0,276.0,208.0
104154,1,3876,119.0,66.0,276.0,208.0
104154,1,3877,119.0,66.0,276.0,208.0
104154,1,3878,119.0,66.0,276.0,208.0
104154,1,3879,119.0,66.0,276.0,208.0
104154,1,3880,119.0,66.0,276.0,208.0
104154,1,3881,119.0,66.0,276.0,208.0
104154,1,3882,119.0,66.0,276.0,208.0
104154,1,3883,119.0,66.0,276.0,208.0
104154,1,3884,119.0,66.0,276.0,208.0
104154,1,3885,119.0,66.0,276.0,208.0
104154,1,3886,119.0,66.0,276.0,208.0
104154,1,3887,119.0,66.0,276.0,208.0
104154,1,3888,119.0,66.0,276.0,208.0
104154,1,3889,119.0,66.0,276.0,208.0
104154,1,3890,119.0,66.0,276.0,208.0
104154,1,3891,119.0,66.0,276.0,208.0
104154,1,3892,119.0,66.0,276.0,208.0
104154,1,3893,119.0,66.0,276.0,208.0
104154,1,3894,119.0,66.0,276.0,208.0
104154,1,3895,119.0,66.0,276.0,208.0
104154,1,3896,119.0,66.0,276.0,208.0
104154,1,3897,119.0,66.0,276.0,208.0
104154,1,3898,119.0,66.0,276.0,208.0
104154,1,3899,119.0,66.0,276.0,208.0
104154,1,3900,119.0,66.0,276.0,208.0
104154,1,3901,119.0,66.0,276.0,208.0
104154,1,3902,119.0,66.0,276.0,208.0
104154,1,3903,119.0,66.0,276.0,208.0
104154,1,3904,119.0,66.0,276.0,208.0
104154,1,3905,119.0,66.0,276.0,208.0
104154,1,3906,119.0,66.0,276.0,208.0
104154,1,3907,119.0,66.0,276.0,208.0
104154,1,3908,119.0,66.0,276.0,208.0
104154,1,3909,119.0,66.0,276.0,208.0
104154,1,3910,119.0,66.0,276.0,208.0
104154,1,3911,119.0,66.0,276.0,208.0
104154,1,3912,119.0,66.0,276.0,208.0
104154,1,3913,119.0,66.0,276.0,208.0
104154,1,3914,119.0,66.0,276.0,208.0
104154,1,3915,119.0,66.0,276.0,208.0
104154,1,3916,119.0,66.0,276.0,208.0
104154,1,3917,119.0,31.0,276.0,208.0
104154,1,3918,119.0,31.0,276.0,208.0
104154,1,3919,119.0,31.0,276.0,208.0
104154,1,3920,119.0,31.0,276.0,208.0
104154,1,3921,119.0,31.0,276.0,208.0
104154,1,3922,119.0,31.0,276.0,208.0
104154,1,3923,119.0,31.0,276.0,208.0
104154,1,3924,119.0,31.0,276.0,208.0
104154,1,3925,119.0,31.0,276.0,208.0
104154,1,3926,119.0,31.0,276.0,208.0
104154,1,3927,119.0,31.0,276.0,208.0
104154,1,3928,119.0,31.0,276.0,208.0
104154,1,3929,119.0,31.0,276.0,208.0
104154,1,3930,119.0,31.0,276.0,208.0
104154,1,3931,119.0,31.0,276.0,208.0
104154,1,3932,119.0,31.0,276.0,208.0
104154,1,3933,119.0,31.0,276.0,208.0
104154,1,3934,119.0,31.0,276.0,208.0
104154,1,3935,119.0,31.0,276.0,208.0
104154,1,3936,119.0,31.0,276.0,208.0
104154,1,3937,119.0,31.0,276.0,208.0
104154,1,3938,119.0,31.0,276.0,208.0
104154,1,3939,119.0,31.0,276.0,208.0
104154,1,3940,119.0,31.0,276.0,208.0
104154,1,3941,119.0,31.0,276.0,208.0
104154,1,3942,119.0,31.0,276.0,208.0
104154,1,3943,119.0,31.0,276.0,208.0
104154,1,3944,119.0,31.0,276.0,208.0
104154,1,3945,119.0,31.0,276.0,208.0
104154,1,3946,119.0,31.0,276.0,208.0
104154,1,3947,119.0,31.0,276.0,208.0
104154,1,3948,119.0,31.0,276.0,208.0
104154,1,3949,119.0,31.0,276.0,208.0
104154,1,3950,119.0,31.0,276.0,208.0
104154,1,3951,119.0,31.0,276.0,208.0
104154,1,3952,119.0,31.0,276.0,208.0
104154,1,3953,119.0,31.0,276.0,208.0
104154,1,3954,119.0,31.0,276.0,208.0
104154,1,3955,119.0,31.0,276.0,208.0
104154,1,3956,119.0,31.0,276.0,208.0
104154,1,3957,119.0,31.0,276.0,208.0
104154,1,3958,119.0,31.0,276.0,208.0
104154,1,3959,119.0,41.0,276.0,208.0
104154,1,3960,119.0,41.0,276.0,208.0
104154,1,3961,119.0,41.0,276.0,208.0
104154,1,3962,119.0,41.0,276.0,208.0
104154,1,3963,119.0,41.0,276.0,208.0
104154,1,3964,119.0,41.0,276.0,208.0
104154,1,3965,119.0,41.0,276.0,208.0
104154,1,3966,119.0,41.0,276.0,208.0
104154,1,3967,119.0,41.0,276.0,208.0
104154,1,3968,119.0,41.0,276.0,208.0
104154,1,3969,119.0,41.0,276.0,208.0
104154,1,3970,119.0,41.0,276.0,208.0
104154,1,3971,119.0,41.0,276.0,208.0
104154,1,3972,119.0,41.0,276.0,208.0
104154,1,3973,119.0,41.0,276.0,208.0
104154,1,3974,119.0,41.0,276.0,208.0
104154,1,3975,119.0,41.0,276.0,208.0
104154,1,3976,119.0,41.0,276.0,208.0
104154,1,3977,119.0,41.0,276.0,208.0
104154,1,3978,119.0,41.0,276.0,208.0
104154,1,3979,119.0,41.0,276.0,208.0
104154,1,3980,119.0,41.0,276.0,208.0
104154,1,3981,119.0,41.0,276.0,208.0
104154,1,3982,119.0,41.0,276.0,208.0
104154,1,3983,119.0,41.0,276.0,208.0
104154,1,3984,119.0,41.0,276.0,208.0
104154,1,3985,119.0,41.0,276.0,208.0
104154,1,3986,119.0,41.0,276.0,208.0
104154,1,3987,119.0,41.0,276.0,208.0
104154,1,3988,119.0,41.0,276.0,208.0
104154,1,3989,119.0,41.0,276.0,208.0
104154,1,3990,119.0,41.0,276.0,208.0
104154,1,3991,119.0,41.0,276.0,208.0
104154,1,3992,119.0,41.0,276.0,208.0
104154,1,3993,119.0,41.0,276.0,208.0
104154,1,3994,119.0,41.0,276.0,208.0
104154,1,3995,119.0,41.0,276.0,208.0
104154,1,3996,119.0,41.0,276.0,208.0
104154,1,3997,119.0,41.0,276.0,208.0
104154,1,3998,119.0,41.0,276.0,208.0
104154,1,3999,119.0,41.0,276.0,208.0
104154,1,4000,119.0,41.0,294.0,208.0
104154,1,4001,119.0,41.0,294.0,208.0
104154,1,4002,119.0,41.0,294.0,208.0
104154,1,4003,119.0,41.0,294.0,208.0
104154,1,4004,119.0,41.0,294.0,208.0
104154,1,4005,119.0,41.0,294.0,208.0
104154,1,4006,119.0,41.0,294.0,208.0
104154,1,4007,119.0,41.0,294.0,208.0
104154,1,4008,119.0,41.0,294.0,208.0
104154,1,4009,119.0,41.0,294.0,208.0
104154,1,4010,119.0,41.0,294.0,208.0
104154,1,4011,119.0,41.0,294.0,208.0
104154,1,4012,119.0,41.0,294.0,208.0
104154,1,4013,119.0,41.0,294.0,208.0
104154,1,4014,119.0,41.0,294.0,208.0
104154,1,4015,119.0,41.0,294.0,208.0
104154,1,4016,119.0,41.0,294.0,208.0
104154,1,4017,119.0,41.0,294.0,208.0
104154,1,4018,119.0,41.0,294.0,208.0
104154,1,4019,119.0,41.0,294.0,208.0
104154,1,4020,119.0,41.0,294.0,208.0
104154,1,4021,119.0,41.0,294.0,208.0
104154,1,4022,119.0,41.0,294.0,208.0
104154,1,4023,119.0,41.0,294.0,208.0
104154,1,4024,119.0,41.0,294.0,208.0
104154,1,4025,119.0,41.0,294.0,208.0
104154,1,4026,119.0,41.0,294.0,208.0
104154,1,4027,119.0,41.0,294.0,208.0
104154,1,4028,119.0,41.0,294.0,208.0
104154,1,4029,119.0,41.0,294.0,208.0
104154,1,4030,119.0,41.0,294.0,208.0
104154,1,4031,119.0,41.0,294.0,208.0
104154,1,4032,119.0,41.0,294.0,208.0
104154,1,4033,119.0,41.0,294.0,208.0
104154,1,4034,119.0,41.0,294.0,208.0
104154,1,4035,119.0,41.0,294.0,208.0
104154,1,4036,119.0,41.0,294.0,208.0
104154,1,4037,119.0,41.0,294.0,208.0
104154,1,4038,119.0,41.0,294.0,208.0
104154,1,4039,119.0,41.0,294.0,208.0
104154,1,4040,119.0,41.0,294.0,208.0
104154,1,4041,119.0,41.0,294.0,208.0
104154,1,4042,119.0,41.0,294.0,208.0
104154,1,4043,119.0,41.0,294.0,208.0
104154,1,4044,119.0,41.0,294.0,208.0
104154,1,4045,119.0,41.0,294.0,208.0
104154,1,4046,119.0,41.0,294.0,208.0
104154,1,4047,119.0,41.0,294.0,208.0
104154,1,4048,119.0,41.0,294.0,208.0
104154,1,4049,119.0,41.0,294.0,208.0
104154,1,4050,119.0,41.0,294.0,208.0
104154,1,4051,119.0,41.0,294.0,208.0
104154,1,4052,119.0,41.0,294.0,208.0
104154,1,4053,119.0,41.0,294.0,208.0
104154,1,4054,119.0,41.0,294.0,208.0
104154,1,4055,119.0,41.0,294.0,208.0
104154,1,4056,119.0,41.0,294.0,208.0
104154,1,4057,119.0,41.0,294.0,208.0
104154,1,4058,119.0,41.0,294.0,208.0
104154,1,4059,119.0,41.0,294.0,208.0
104154,1,4060,119.0,41.0,294.0,208.0
104154,1,4061,119.0,41.0,294.0,208.0
104154,1,4062,119.0,41.0,294.0,208.0
104154,1,4063,119.0,41.0,294.0,208.0
104154,1,4064,119.0,41.0,294.0,208.0
104154,1,4065,119.0,41.0,294.0,208.0
104154,1,4066,119.0,41.0,294.0,208.0
104154,1,4067,119.0,41.0,294.0,208.0
104154,1,4068,119.0,41.0,294.0,208.0
104154,1,4069,119.0,41.0,294.0,208.0
104154,1,4070,119.0,41.0,294.0,208.0
104154,1,4071,119.0,41.0,294.0,208.0
104154,1,4072,119.0,23.0,294.0,208.0
104154,1,4073,119.0,23.0,294.0,208.0
104154,1,4074,119.0,23.0,294.0,208.0
104154,1,4075,119.0,23.0,294.0,208.0
104154,1,4076,119.0,23.0,294.0,208.0
104154,1,4077,119.0,23.0,294.0,208.0
104154,1,4078,119.0,23.0,294.0,208.0
104154,1,4079,119.0,23.0,294.0,208.0
104154,1,4080,119.0,23.0,294.0,208.0
104154,1,4081,119.0,23.0,294.0,208.0
104154,1,4082,119.0,23.0,294.0,208.0
104154,1,4083,119.0,23.0,294.0,208.0
104154,1,4084,119.0,23.0,294.0,208.0
104154,1,4085,119.0,23.0,294.0,208.0
104154,1,4086,119.0,23.0,294.0,208.0
104154,1,4087,119.0,23.0,294.0,208.0
104154,1,4088,119.0,23.0,294.0,208.0
104154,1,4089,119.0,23.0,294.0,208.0
104154,1,4090,119.0,23.0,294.0,208.0
104154,1,4091,119.0,9.0,307.0,208.0
104154,1,4092,119.0,9.0,307.0,208.0
104154,1,4093,119.0,9.0,307.0,208.0
104154,1,4094,119.0,9.0,307.0,208.0
104154,1,4095,119.0,9.0,307.0,208.0
104154,1,4096,119.0,9.0,307.0,208.0
104154,1,4097,119.0,9.0,307.0,208.0
104154,1,4098,119.0,9.0,307.0,208.0
104154,1,4099,119.0,9.0,307.0,208.0
104154,1,4100,119.0,9.0,307.0,208.0
104154,1,4101,119.0,9.0,307.0,208.0
104154,1,4102,119.0,9.0,307.0,208.0
104154,1,4103,119.0,9.0,307.0,208.0
104154,1,4104,106.0,4.0,325.0,208.0
104154,1,4105,106.0,4.0,325.0,208.0
104154,1,4106,106.0,4.0,325.0,208.0
104154,1,4107,106.0,4.0,325.0,208.0
104154,1,4108,106.0,4.0,325.0,208.0
104154,1,4109,106.0,4.0,325.0,208.0
104154,1,4110,106.0,4.0,325.0,208.0
104154,1,4111,106.0,4.0,325.0,208.0
104154,1,4112,106.0,4.0,325.0,208.0
104154,1,4113,106.0,4.0,325.0,208.0
104154,1,4114,106.0,4.0,325.0,208.0
104154,1,4115,106.0,4.0,325.0,208.0
104154,1,4116,106.0,0,351.0,208.0
104154,1,4117,106.0,0,351.0,208.0
104154,1,4118,106.0,0,351.0,208.0
104154,1,4119,106.0,0,351.0,208.0
104154,1,4120,106.0,0,351.0,208.0
104154,1,4121,106.0,0,351.0,208.0
104154,1,4122,106.0,0,351.0,208.0
104154,1,4123,106.0,0,351.0,208.0
104154,1,4124,106.0,0,351.0,208.0
104154,1,4125,106.0,0,351.0,208.0
104154,1,4126,106.0,0,351.0,208.0
104154,1,4127,106.0,0,351.0,208.0
104154,1,4128,96.0,0,349.0,208.0
104154,1,4129,96.0,0,349.0,208.0
104154,1,4130,96.0,0,349.0,208.0
104154,1,4131,96.0,0,349.0,208.0
104154,1,4132,96.0,0,349.0,208.0
104154,1,4133,96.0,0,349.0,208.0
104154,1,4134,96.0,0,379.0,208.0
104154,1,4135,96.0,0,379.0,208.0
104154,1,4136,96.0,0,379.0,208.0
104154,1,4137,96.0,0,379.0,208.0
104154,1,4138,96.0,0,379.0,208.0
104154,1,4139,96.0,0,379.0,208.0
104154,1,4140,96.0,0,379.0,208.0
104154,1,4141,96.0,0,379.0,208.0
104154,1,4142,96.0,0,379.0,208.0
104154,1,4143,96.0,0,379.0,208.0
104154,1,4144,96.0,0,379.0,208.0
104154,1,4145,96.0,0,379.0,208.0
104154,1,4146,96.0,0,379.0,208.0
104154,1,4147,96.0,0,379.0,208.0
104154,1,4148,96.0,0,379.0,208.0
104154,1,4149,96.0,0,404.0,208.0
104154,1,4150,96.0,0,404.0,208.0
104154,1,4151,96.0,0,404.0,208.0
104154,1,4152,96.0,0,404.0,208.0
104154,1,4153,96.0,0,404.0,208.0
104154,1,4154,96.0,0,404.0,208.0
104154,1,4155,96.0,0,404.0,208.0
104154,1,4156,96.0,0,404.0,208.0
104154,1,4157,96.0,0,404.0,208.0
104154,1,4158,96.0,0,404.0,208.0
104154,1,4159,96.0,0,404.0,208.0
104154,1,4160,96.0,0,404.0,208.0
104154,1,4161,96.0,0,404.0,208.0
104154,1,4162,96.0,0,404.0,208.0
104154,1,4163,96.0,0,404.0,208.0
104154,1,4164,96.0,0,404.0,208.0
104154,1,4165,96.0,0,404.0,208.0
104154,1,4166,96.0,0,429.0,208.0
104154,1,4167,96.0,0,429.0,208.0
104154,1,4168,96.0,0,429.0,208.0
104154,1,4169,96.0,0,429.0,208.0
104154,1,4170,96.0,0,429.0,208.0
104154,1,4171,96.0,0,429.0,208.0
104154,1,4172,96.0,0,429.0,208.0
104154,1,4173,96.0,0,429.0,208.0
104154,1,4174,96.0,0,429.0,208.0
104154,1,4175,96.0,0,429.0,208.0
104154,1,4176,96.0,0,429.0,208.0
104154,1,4177,96.0,0,429.0,208.0
104154,1,4178,96.0,0,429.0,208.0
104154,1,4179,96.0,0,429.0,208.0
104154,1,4180,96.0,0,429.0,208.0
104154,1,4181,96.0,0,429.0,208.0
104154,1,4182,96.0,0,429.0,208.0
104154,1,4183,96.0,0,429.0,208.0
104154,1,4184,96.0,0,429.0,208.0
104154,1,4185,96.0,6.0,459.0,208.0
104154,1,4186,96.0,6.0,459.0,208.0
104154,1,4187,96.0,6.0,459.0,208.0
104154,1,4188,96.0,6.0,459.0,208.0
104154,1,4189,96.0,6.0,459.0,208.0
104154,1,4190,96.0,6.0,459.0,208.0
104154,1,4191,96.0,6.0,459.0,208.0
104154,1,4192,96.0,6.0,459.0,208.0
104154,1,4193,96.0,6.0,459.0,208.0
104154,1,4194,96.0,6.0,459.0,208.0
104154,1,4195,96.0,6.0,459.0,208.0
104154,1,4196,96.0,6.0,459.0,208.0
104154,1,4197,96.0,6.0,459.0,208.0
104154,1,4198,96.0,6.0,459.0,208.0
104154,1,4199,96.0,6.0,459.0,208.0
104154,1,4200,96.0,14.0,459.0,208.0
104154,1,4201,96.0,14.0,459.0,208.0
104154,1,4202,96.0,14.0,459.0,208.0
104154,1,4203,96.0,14.0,459.0,208.0
104154,1,4204,96.0,14.0,459.0,208.0
104154,1,4205,96.0,14.0,459.0,208.0
104154,1,4206,96.0,14.0,459.0,208.0
104154,1,4207,96.0,14.0,459.0,208.0
104154,1,4208,96.0,14.0,459.0,208.0
104154,1,4209,96.0,14.0,459.0,208.0
104154,1,4210,96.0,14.0,459.0,208.0
104154,1,4211,96.0,14.0,459.0,208.0
104154,1,4212,96.0,14.0,459.0,208.0
104154,1,4213,96.0,14.0,473.0,208.0
104154,1,4214,96.0,14.0,473.0,208.0
104154,1,4215,96.0,14.0,473.0,208.0
104154,1,4216,96.0,14.0,473.0,208.0
104154,1,4217,96.0,14.0,473.0,208.0
104154,1,4218,96.0,14.0,473.0,208.0
104154,1,4219,96.0,14.0,473.0,208.0
104154,1,4220,96.0,14.0,473.0,208.0
104154,1,4221,96.0,14.0,473.0,208.0
104154,1,4222,96.0,14.0,473.0,208.0
104154,1,4223,96.0,14.0,473.0,208.0
104154,1,4224,96.0,14.0,473.0,208.0
104154,1,4225,96.0,14.0,473.0,208.0
104154,1,4226,96.0,14.0,473.0,208.0
104154,1,4227,96.0,14.0,473.0,208.0
104154,1,4228,96.0,14.0,473.0,208.0
104154,1,4229,96.0,14.0,473.0,208.0
104154,1,4230,96.0,14.0,473.0,208.0
104154,1,4231,96.0,14.0,473.0,208.0
104154,1,4232,96.0,14.0,473.0,208.0
104154,1,4233,96.0,14.0,473.0,208.0
104154,1,4234,96.0,14.0,478.0,208.0
104154,1,4235,96.0,14.0,478.0,208.0
104154,1,4236,96.0,14.0,478.0,208.0
104154,1,4237,96.0,14.0,478.0,208.0
104154,1,4238,96.0,14.0,478.0,208.0
104154,1,4239,96.0,14.0,478.0,208.0
104154,1,4240,96.0,14.0,478.0,208.0
104154,1,4241,96.0,14.0,478.0,208.0
104154,1,4242,96.0,14.0,478.0,208.0
104154,1,4243,96.0,14.0,478.0,208.0
104154,1,4244,96.0,14.0,478.0,208.0
104154,1,4245,96.0,14.0,478.0,208.0
104154,1,4246,96.0,14.0,478.0,208.0
104154,1,4247,96.0,14.0,478.0,208.0
104154,1,4248,96.0,14.0,478.0,208.0
104154,1,4249,96.0,14.0,478.0,208.0
104154,1,4250,96.0,14.0,478.0,208.0
104154,1,4251,96.0,14.0,478.0,208.0
104154,1,4252,96.0,14.0,478.0,208.0
104154,1,4253,96.0,14.0,478.0,208.0
104154,1,4254,96.0,14.0,478.0,208.0
104154,1,4255,96.0,14.0,478.0,208.0
104154,1,4256,96.0,14.0,478.0,208.0
104154,1,4257,96.0,14.0,478.0,208.0
104154,1,4258,96.0,14.0,478.0,208.0
104154,1,4259,96.0,14.0,478.0,208.0
104154,1,4260,96.0,14.0,478.0,208.0
104154,1,4261,96.0,14.0,478.0,208.0
104154,1,4262,96.0,14.0,478.0,208.0
104154,1,4263,96.0,14.0,478.0,208.0
104154,1,4264,96.0,14.0,478.0,208.0
104154,1,4265,96.0,14.0,478.0,208.0
104154,1,4266,96.0,14.0,478.0,208.0
104154,1,4267,96.0,14.0,478.0,208.0
104154,1,4268,96.0,14.0,478.0,208.0
104154,1,4269,96.0,14.0,478.0,208.0
104154,1,4270,96.0,14.0,478.0,208.0
104154,1,4271,96.0,14.0,478.0,208.0
104154,1,4272,96.0,14.0,478.0,208.0
104154,1,4273,96.0,14.0,478.0,208.0
104154,1,4274,96.0,14.0,478.0,208.0
104154,1,4275,96.0,14.0,478.0,208.0
104154,1,4276,96.0,14.0,478.0,208.0
104154,1,4277,96.0,14.0,478.0,208.0
104154,1,4278,96.0,14.0,478.0,208.0
104154,1,4279,96.0,14.0,478.0,208.0
104154,1,4280,96.0,14.0,478.0,208.0
104154,1,4281,96.0,14.0,478.0,208.0
104154,1,4282,96.0,14.0,478.0,208.0
104154,1,4283,96.0,14.0,478.0,208.0
104154,1,4284,96.0,14.0,478.0,208.0
104154,1,4285,96.0,14.0,478.0,208.0
104154,1,4286,96.0,14.0,478.0,208.0
104154,1,4287,96.0,14.0,478.0,208.0
104154,1,4288,96.0,14.0,478.0,208.0
104154,1,4289,96.0,14.0,478.0,208.0
104154,1,4290,96.0,14.0,478.0,208.0
104154,1,4291,96.0,14.0,478.0,208.0
104154,1,4292,96.0,14.0,478.0,208.0
104154,1,4293,96.0,14.0,478.0,208.0
104154,1,4294,96.0,14.0,478.0,208.0
104154,1,4295,96.0,14.0,478.0,208.0
104154,1,4296,96.0,14.0,478.0,208.0
104154,1,4297,96.0,14.0,478.0,208.0
104154,1,4298,96.0,14.0,478.0,208.0
104154,1,4299,96.0,14.0,478.0,208.0
104154,1,4300,96.0,14.0,478.0,208.0
104154,1,4301,96.0,14.0,478.0,208.0
104154,1,4302,96.0,14.0,478.0,208.0
104154,1,4303,96.0,14.0,478.0,208.0
104154,1,4304,96.0,14.0,478.0,208.0
104154,1,4305,96.0,14.0,478.0,208.0
104154,1,4306,96.0,14.0,478.0,208.0
104154,1,4307,96.0,14.0,478.0,208.0
104154,1,4308,96.0,14.0,478.0,208.0
104154,1,4309,96.0,14.0,478.0,208.0
104154,1,4310,96.0,14.0,478.0,208.0
104154,1,4311,96.0,14.0,478.0,208.0
104154,1,4312,96.0,14.0,478.0,208.0
104154,1,4313,96.0,14.0,478.0,208.0
104154,1,4314,96.0,14.0,478.0,208.0
104154,1,4315,96.0,14.0,478.0,208.0
104154,1,4316,96.0,14.0,478.0,208.0
104154,1,4317,96.0,14.0,478.0,208.0
104154,1,4318,96.0,14.0,478.0,208.0
104154,1,4319,96.0,14.0,478.0,208.0
104154,1,4320,96.0,14.0,478.0,208.0
104154,1,4321,96.0,14.0,478.0,208.0
104154,1,4322,96.0,14.0,478.0,208.0
104154,1,4323,96.0,14.0,478.0,208.0
104154,1,4324,96.0,14.0,478.0,208.0
104154,1,4325,96.0,14.0,478.0,208.0
104154,1,4326,96.0,14.0,478.0,208.0
104154,1,4327,96.0,14.0,478.0,208.0
104154,1,4328,96.0,14.0,478.0,208.0
104154,1,4329,96.0,14.0,478.0,208.0
104154,1,4330,96.0,14.0,478.0,208.0
104154,1,4331,96.0,14.0,478.0,208.0
104154,1,4332,96.0,14.0,478.0,208.0
104154,1,4333,96.0,14.0,478.0,208.0
104154,1,4334,96.0,14.0,478.0,208.0
104154,1,4335,96.0,14.0,478.0,208.0
104154,1,4336,96.0,14.0,478.0,208.0
104154,1,4337,96.0,14.0,478.0,208.0
104154,1,4338,96.0,14.0,478.0,208.0
104154,1,4339,96.0,14.0,478.0,208.0
104154,1,4340,96.0,14.0,478.0,208.0
104154,1,4341,96.0,14.0,478.0,208.0
104154,1,4342,96.0,14.0,478.0,208.0
104154,1,4343,96.0,14.0,478.0,208.0
104154,1,4344,96.0,14.0,478.0,208.0
104154,1,4345,96.0,14.0,478.0,208.0
104154,1,4346,96.0,14.0,478.0,208.0
104154,1,4347,96.0,14.0,478.0,208.0
104154,1,4348,96.0,14.0,478.0,208.0
104154,1,4349,96.0,14.0,478.0,208.0
104154,1,4350,96.0,14.0,478.0,208.0
104154,1,4351,96.0,14.0,478.0,208.0
104154,1,4352,96.0,14.0,478.0,208.0
104154,1,4353,96.0,14.0,478.0,208.0
104154,1,4354,96.0,14.0,478.0,208.0
104154,1,4355,96.0,14.0,478.0,208.0
104154,1,4356,96.0,14.0,478.0,208.0
104154,1,4357,96.0,14.0,478.0,208.0
104154,1,4358,96.0,14.0,478.0,208.0
104154,1,4359,96.0,14.0,478.0,208.0
104154,1,4360,96.0,14.0,478.0,208.0
104154,1,4361,96.0,14.0,478.0,208.0
104154,1,4362,96.0,14.0,478.0,208.0
104154,1,4363,96.0,14.0,478.0,208.0
104154,1,4364,96.0,14.0,478.0,208.0
104154,1,4365,96.0,3.0,465.0,208.0
104154,1,4366,96.0,3.0,465.0,208.0
104154,1,4367,96.0,3.0,465.0,208.0
104154,1,4368,96.0,3.0,465.0,208.0
104154,1,4369,96.0,3.0,465.0,208.0
104154,1,4370,96.0,3.0,465.0,208.0
104154,1,4371,96.0,3.0,465.0,208.0
104154,1,4372,96.0,3.0,465.0,208.0
104154,1,4373,96.0,3.0,465.0,208.0
104154,1,4374,96.0,3.0,465.0,208.0
104154,1,4375,96.0,3.0,465.0,208.0
104154,1,4376,96.0,3.0,465.0,208.0
104154,1,4377,96.0,3.0,465.0,208.0
104154,1,4378,96.0,3.0,465.0,208.0
104154,1,4379,96.0,3.0,465.0,208.0
104154,1,4380,96.0,3.0,465.0,208.0
104154,1,4381,96.0,3.0,465.0,208.0
104154,1,4382,96.0,3.0,465.0,208.0
104154,1,4383,96.0,3.0,465.0,208.0
104154,1,4384,96.0,3.0,465.0,208.0
104154,1,4385,96.0,3.0,465.0,208.0
104154,1,4386,96.0,3.0,465.0,208.0
104154,1,4387,96.0,3.0,465.0,208.0
104154,1,4388,96.0,3.0,465.0,208.0
104154,1,4389,96.0,3.0,465.0,208.0
104154,1,4390,96.0,3.0,430.0,208.0
104154,1,4391,96.0,3.0,430.0,208.0
104154,1,4392,96.0,3.0,430.0,208.0
104154,1,4393,96.0,3.0,430.0,208.0
104154,1,4394,96.0,3.0,430.0,208.0
104154,1,4395,96.0,3.0,430.0,208.0
104154,1,4396,96.0,3.0,430.0,208.0
104154,1,4397,96.0,3.0,430.0,208.0
104154,1,4398,102.0,3.0,409.0,208.0
104154,1,4399,102.0,3.0,409.0,208.0
104154,1,4400,102.0,3.0,409.0,208.0
104154,1,4401,102.0,3.0,409.0,208.0
104154,1,4402,102.0,3.0,409.0,208.0
104154,1,4403,102.0,3.0,409.0,208.0
104154,1,4404,102.0,3.0,409.0,208.0
104154,1,4405,102.0,3.0,409.0,208.0
104154,1,4406,102.0,3.0,409.0,208.0
104154,1,4407,102.0,3.0,409.0,208.0
104154,1,4408,102.0,3.0,409.0,208.0
104154,1,4409,102.0,3.0,409.0,208.0
104154,1,4410,102.0,8.0,366.0,208.0
104154,1,4411,102.0,8.0,366.0,208.0
104154,1,4412,102.0,8.0,366.0,208.0
104154,1,4413,102.0,8.0,366.0,208.0
104154,1,4414,102.0,8.0,366.0,208.0
104154,1,4415,102.0,8.0,366.0,208.0
104154,1,4416,102.0,8.0,366.0,208.0
104154,1,4417,102.0,8.0,366.0,208.0
104154,1,4418,102.0,8.0,366.0,208.0
104154,1,4419,117.0,8.0,329.0,208.0
104154,1,4420,117.0,8.0,329.0,208.0
104154,1,4421,117.0,8.0,329.0,208.0
104154,1,4422,117.0,8.0,329.0,208.0
104154,1,4423,117.0,8.0,329.0,208.0
104154,1,4424,117.0,8.0,329.0,208.0
104154,1,4425,117.0,8.0,329.0,208.0
104154,1,4426,117.0,8.0,329.0,208.0
104154,1,4427,124.0,22.0,298.0,208.0
104154,1,4428,124.0,22.0,298.0,208.0
104154,1,4429,124.0,22.0,298.0,208.0
104154,1,4430,124.0,22.0,298.0,208.0
104154,1,4431,124.0,22.0,298.0,208.0
104154,1,4432,124.0,22.0,298.0,208.0
104154,1,4433,124.0,22.0,298.0,208.0
104154,1,4434,124.0,31.0,286.0,208.0
104154,1,4435,124.0,31.0,286.0,208.0
104154,1,4436,124.0,31.0,286.0,208.0
104154,1,4437,124.0,31.0,286.0,208.0
104154,1,4438,124.0,31.0,286.0,208.0
104154,1,4439,124.0,31.0,286.0,208.0
104154,1,4440,124.0,31.0,286.0,208.0
104154,1,4441,124.0,31.0,286.0,208.0
104154,1,4442,132.0,38.0,286.0,208.0
104154,1,4443,132.0,38.0,286.0,208.0
104154,1,4444,132.0,38.0,286.0,208.0
104154,1,4445,132.0,38.0,286.0,208.0
104154,1,4446,132.0,38.0,286.0,208.0
104154,1,4447,132.0,38.0,286.0,208.0
104154,1,4448,132.0,38.0,286.0,208.0
104154,1,4449,132.0,38.0,286.0,208.0
104154,1,4450,132.0,38.0,286.0,208.0
104154,1,4451,132.0,38.0,286.0,208.0
104154,1,4452,132.0,42.0,279.0,225.0
104154,1,4453,132.0,42.0,279.0,225.0
104154,1,4454,132.0,42.0,279.0,225.0
104154,1,4455,132.0,42.0,279.0,225.0
104154,1,4456,132.0,42.0,279.0,225.0
104154,1,4457,132.0,42.0,279.0,225.0
104154,1,4458,132.0,42.0,279.0,225.0
104154,1,4459,132.0,42.0,279.0,225.0
104154,1,4460,132.0,42.0,279.0,225.0
104154,1,4461,132.0,42.0,279.0,225.0
104154,1,4462,132.0,42.0,279.0,225.0
104154,1,4463,122.0,52.0,279.0,225.0
104154,1,4464,122.0,52.0,279.0,225.0
104154,1,4465,122.0,52.0,279.0,225.0
104154,1,4466,122.0,52.0,279.0,225.0
104154,1,4467,122.0,52.0,279.0,225.0
104154,1,4468,122.0,52.0,279.0,225.0
104154,1,4469,122.0,52.0,279.0,225.0
104154,1,4470,122.0,52.0,279.0,225.0
104154,1,4471,122.0,52.0,279.0,225.0
104154,1,4472,122.0,52.0,279.0,225.0
104154,1,4473,122.0,52.0,279.0,225.0
104154,1,4474,122.0,52.0,279.0,225.0
104154,1,4475,122.0,52.0,279.0,225.0
104154,1,4476,122.0,52.0,279.0,225.0
104154,1,4477,122.0,52.0,279.0,225.0
104154,1,4478,122.0,52.0,279.0,225.0
104154,1,4479,122.0,52.0,279.0,225.0
104154,1,4480,122.0,52.0,279.0,225.0
104154,1,4481,122.0,52.0,279.0,225.0
104154,1,4482,122.0,52.0,279.0,225.0
104154,1,4483,122.0,52.0,279.0,225.0
104154,1,4484,122.0,52.0,279.0,225.0
104154,1,4485,122.0,52.0,279.0,225.0
104154,1,4486,122.0,52.0,279.0,225.0
104154,1,4487,122.0,52.0,279.0,225.0
104154,1,4488,122.0,52.0,279.0,225.0
104154,1,4489,122.0,52.0,279.0,225.0
104154,1,4490,122.0,77.0,279.0,225.0
104154,1,4491,122.0,77.0,279.0,225.0
104154,1,4492,122.0,77.0,279.0,225.0
104154,1,4493,122.0,77.0,279.0,225.0
104154,1,4494,122.0,77.0,279.0,225.0
104154,1,4495,122.0,77.0,279.0,225.0
104154,1,4496,122.0,77.0,279.0,225.0
104154,1,4497,122.0,77.0,279.0,225.0
104154,1,4498,122.0,77.0,279.0,225.0
104154,1,4499,122.0,77.0,279.0,225.0
104154,1,4500,122.0,77.0,279.0,225.0
104154,1,4501,122.0,77.0,279.0,225.0
104154,1,4502,122.0,77.0,279.0,225.0
104154,1,4503,122.0,77.0,279.0,225.0
104154,1,4504,122.0,77.0,279.0,225.0
104154,1,4505,122.0,77.0,279.0,225.0
104154,1,4506,122.0,77.0,279.0,225.0
104154,1,4507,122.0,77.0,279.0,225.0
104154,1,4508,122.0,77.0,279.0,225.0
104154,1,4509,122.0,77.0,279.0,225.0
104154,1,4510,122.0,77.0,279.0,225.0
104154,1,4511,122.0,77.0,279.0,225.0
104154,1,4512,122.0,77.0,279.0,225.0
104154,1,4513,122.0,77.0,279.0,225.0
104154,1,4514,122.0,77.0,279.0,225.0
104154,1,4515,122.0,77.0,279.0,225.0
104154,1,4516,122.0,77.0,279.0,225.0
104154,1,4517,122.0,77.0,279.0,225.0
104154,1,4518,122.0,77.0,279.0,225.0
104154,1,4519,122.0,77.0,279.0,225.0
104154,1,4520,122.0,77.0,279.0,225.0
104154,1,4521,122.0,77.0,279.0,225.0
104154,1,4522,122.0,77.0,279.0,225.0
104154,1,4523,122.0,77.0,279.0,225.0
104154,1,4524,122.0,77.0,279.0,225.0
104154,1,4525,122.0,77.0,279.0,225.0
104154,1,4526,122.0,77.0,279.0,225.0
104154,1,4527,122.0,77.0,279.0,225.0
104154,1,4528,122.0,77.0,279.0,225.0
104154,1,4529,122.0,77.0,279.0,225.0
104154,1,4530,122.0,77.0,279.0,225.0
104154,1,4531,122.0,77.0,279.0,225.0
104154,1,4532,122.0,77.0,279.0,225.0
104154,1,4533,122.0,77.0,279.0,225.0
104154,1,4534,122.0,77.0,279.0,225.0
104154,1,4535,122.0,77.0,279.0,225.0
104154,1,4536,122.0,77.0,279.0,225.0
104154,1,4537,122.0,77.0,279.0,225.0
104154,1,4538,122.0,77.0,279.0,225.0
104154,1,4539,122.0,77.0,279.0,225.0
104154,1,4540,122.0,77.0,279.0,225.0
104154,1,4541,122.0,77.0,279.0,225.0
104154,1,4542,122.0,77.0,279.0,225.0
104154,1,4543,122.0,77.0,279.0,225.0
104154,1,4544,122.0,77.0,279.0,225.0
104154,1,4545,122.0,77.0,279.0,225.0
104154,1,4546,122.0,77.0,279.0,225.0
104154,1,4547,122.0,77.0,279.0,225.0
104154,1,4548,122.0,77.0,279.0,225.0
104154,1,4549,122.0,77.0,279.0,225.0
104154,1,4550,122.0,77.0,279.0,225.0
104154,1,4551,122.0,77.0,279.0,225.0
104154,1,4552,122.0,77.0,279.0,225.0
104154,1,4553,122.0,77.0,279.0,225.0
104154,1,4554,122.0,77.0,279.0,225.0
104154,1,4555,122.0,77.0,279.0,225.0
104154,1,4556,122.0,77.0,279.0,225.0
104154,1,4557,122.0,77.0,279.0,225.0
104154,1,4558,122.0,77.0,279.0,225.0
104154,1,4559,122.0,77.0,279.0,225.0
104154,1,4560,122.0,77.0,279.0,225.0
104154,1,4561,122.0,77.0,279.0,225.0
104154,1,4562,122.0,77.0,279.0,225.0
104154,1,4563,122.0,77.0,279.0,225.0
104154,1,4564,122.0,77.0,279.0,225.0
104154,1,4565,122.0,77.0,279.0,225.0
104154,1,4566,122.0,77.0,279.0,225.0
104154,1,4567,122.0,77.0,279.0,225.0
104154,1,4568,122.0,77.0,279.0,225.0
104154,1,4569,122.0,77.0,279.0,225.0
104154,1,4570,122.0,77.0,279.0,225.0
104154,1,4571,122.0,77.0,279.0,225.0
104154,1,4572,122.0,77.0,279.0,225.0
104154,1,4573,122.0,77.0,279.0,225.0
104154,1,4574,122.0,77.0,279.0,225.0
104154,1,4575,122.0,77.0,279.0,225.0
104154,1,4576,122.0,77.0,279.0,225.0
104154,1,4577,122.0,77.0,279.0,225.0
104154,1,4578,122.0,77.0,279.0,225.0
104154,1,4579,122.0,77.0,279.0,225.0
104154,1,4580,122.0,77.0,279.0,225.0
104154,1,4581,122.0,77.0,279.0,225.0
104154,1,4582,122.0,77.0,279.0,225.0
104154,1,4583,122.0,77.0,279.0,225.0
104154,1,4584,122.0,77.0,279.0,225.0
104154,1,4585,122.0,77.0,279.0,225.0
104154,1,4586,122.0,77.0,279.0,225.0
104154,1,4587,122.0,77.0,279.0,225.0
104154,1,4588,122.0,77.0,279.0,225.0
104154,1,4589,122.0,77.0,279.0,225.0
104154,1,4590,122.0,77.0,279.0,225.0
104154,1,4591,122.0,77.0,279.0,225.0
104154,1,4592,122.0,77.0,279.0,225.0
104154,1,4593,122.0,77.0,279.0,225.0
104154,1,4594,122.0,77.0,279.0,225.0
104154,1,4595,122.0,77.0,279.0,225.0
104154,1,4596,122.0,77.0,279.0,225.0
104154,1,4597,122.0,77.0,279.0,225.0
104154,1,4598,122.0,77.0,279.0,225.0
104154,1,4599,122.0,77.0,279.0,225.0
104154,1,4600,122.0,77.0,279.0,225.0
104154,1,4601,122.0,77.0,279.0,225.0
104154,1,4602,122.0,77.0,279.0,225.0
104154,1,4603,122.0,77.0,279.0,225.0
104154,1,4604,122.0,77.0,279.0,225.0
104154,1,4605,122.0,77.0,279.0,225.0
104154,1,4606,122.0,77.0,279.0,225.0
104154,1,4607,122.0,77.0,279.0,225.0
104154,1,4608,122.0,77.0,279.0,225.0
104154,1,4609,122.0,77.0,279.0,225.0
104154,1,4610,122.0,77.0,279.0,225.0
104154,1,4611,122.0,77.0,279.0,225.0
104154,1,4612,122.0,77.0,279.0,225.0
104154,1,4613,122.0,77.0,279.0,225.0
104154,1,4614,122.0,77.0,279.0,225.0
104154,1,4615,122.0,77.0,279.0,225.0
104154,1,4616,122.0,77.0,279.0,225.0
104154,1,4617,122.0,77.0,279.0,225.0
104154,1,4618,122.0,77.0,279.0,225.0
104154,1,4619,122.0,77.0,279.0,225.0
104154,1,4620,122.0,77.0,279.0,225.0
104154,1,4621,122.0,77.0,279.0,225.0
104154,1,4622,122.0,77.0,279.0,225.0
104154,1,4623,122.0,77.0,279.0,225.0
104154,1,4624,122.0,77.0,279.0,225.0
104154,1,4625,122.0,77.0,279.0,225.0
104154,1,4626,122.0,77.0,279.0,225.0
104154,1,4627,122.0,77.0,279.0,225.0
104154,1,4628,122.0,77.0,279.0,225.0
104154,1,4629,122.0,77.0,279.0,225.0
104154,1,4630,122.0,77.0,279.0,225.0
104154,1,4631,122.0,77.0,279.0,225.0
104154,1,4632,122.0,77.0,279.0,225.0
104154,1,4633,122.0,77.0,279.0,225.0
104154,1,4634,122.0,77.0,279.0,225.0
104154,1,4635,122.0,77.0,279.0,225.0
104154,1,4636,122.0,77.0,279.0,225.0
104154,1,4637,122.0,77.0,279.0,225.0
104154,1,4638,122.0,77.0,279.0,225.0
104154,1,4639,122.0,77.0,279.0,225.0
104154,1,4640,122.0,77.0,279.0,225.0
104154,1,4641,122.0,77.0,279.0,225.0
104154,1,4642,122.0,77.0,279.0,225.0
104154,1,4643,122.0,77.0,279.0,225.0
104154,1,4644,122.0,77.0,279.0,225.0
104154,1,4645,122.0,77.0,279.0,225.0
104154,1,4646,122.0,77.0,279.0,225.0
104154,1,4647,122.0,77.0,279.0,225.0
104154,1,4648,122.0,77.0,279.0,225.0
104154,1,4649,122.0,77.0,279.0,225.0
104154,1,4650,122.0,77.0,279.0,225.0
104154,1,4651,122.0,77.0,279.0,225.0
104154,1,4652,122.0,77.0,279.0,225.0
104154,1,4653,122.0,77.0,279.0,225.0
104154,1,4654,122.0,77.0,279.0,225.0
104154,1,4655,122.0,77.0,279.0,225.0
104154,1,4656,122.0,77.0,279.0,225.0
104154,1,4657,122.0,77.0,279.0,225.0
104154,1,4658,122.0,77.0,279.0,225.0
104154,1,4659,122.0,77.0,279.0,225.0
104154,1,4660,122.0,77.0,279.0,225.0
104154,1,4661,122.0,77.0,279.0,225.0
104154,1,4662,122.0,77.0,279.0,225.0
104154,1,4663,122.0,77.0,279.0,225.0
104154,1,4664,122.0,77.0,279.0,225.0
104154,1,4665,122.0,77.0,279.0,225.0
104154,1,4666,122.0,77.0,279.0,225.0
104154,1,4667,122.0,77.0,279.0,225.0
104154,1,4668,122.0,77.0,279.0,225.0
104154,1,4669,122.0,77.0,279.0,225.0
104154,1,4670,122.0,77.0,279.0,225.0
104154,1,4671,122.0,77.0,279.0,225.0
104154,1,4672,122.0,77.0,279.0,225.0
104154,1,4673,122.0,77.0,279.0,225.0
104154,1,4674,122.0,77.0,279.0,225.0
104154,1,4675,122.0,77.0,279.0,225.0
104154,1,4676,122.0,77.0,279.0,225.0
104154,1,4677,122.0,77.0,279.0,225.0
104154,1,4678,122.0,77.0,279.0,225.0
104154,1,4679,122.0,77.0,279.0,225.0
104154,1,4680,122.0,77.0,279.0,225.0
104154,1,4681,122.0,77.0,279.0,225.0
104154,1,4682,122.0,77.0,279.0,225.0
104154,1,4683,122.0,77.0,279.0,225.0
104154,1,4684,122.0,77.0,279.0,225.0
104154,1,4685,122.0,77.0,279.0,225.0
104154,1,4686,122.0,77.0,279.0,225.0
104154,1,4687,122.0,77.0,279.0,225.0
104154,1,4688,122.0,77.0,279.0,225.0
104154,1,4689,122.0,77.0,279.0,225.0
104154,1,4690,111.0,67.0,268.0,215.0
104154,1,4691,111.0,67.0,268.0,215.0
104154,1,4692,111.0,67.0,268.0,215.0
104154,1,4693,111.0,67.0,268.0,215.0
104154,1,4694,111.0,67.0,268.0,215.0
104154,1,4695,111.0,67.0,268.0,215.0
104154,1,4696,111.0,67.0,268.0,215.0
104154,1,4697,111.0,67.0,268.0,215.0
104154,1,4698,111.0,67.0,268.0,215.0
104154,1,4699,111.0,67.0,268.0,215.0
104154,1,4700,111.0,67.0,268.0,215.0
104154,1,4701,111.0,67.0,268.0,215.0
104154,1,4702,111.0,67.0,268.0,215.0
104154,1,4703,111.0,67.0,268.0,215.0
104154,1,4704,111.0,67.0,268.0,215.0
104154,1,4705,111.0,67.0,268.0,215.0
104154,1,4706,111.0,67.0,268.0,215.0
104154,1,4707,111.0,67.0,268.0,215.0
104154,1,4708,111.0,67.0,268.0,215.0
104154,1,4709,111.0,67.0,268.0,215.0
104154,1,4710,111.0,67.0,268.0,215.0
104154,1,4711,111.0,67.0,268.0,215.0
104154,1,4712,111.0,67.0,268.0,215.0
104154,1,4713,111.0,67.0,268.0,215.0
104154,1,4714,111.0,67.0,268.0,215.0
104154,1,4715,111.0,67.0,268.0,215.0
104154,1,4716,111.0,67.0,268.0,215.0
104154,1,4717,111.0,67.0,268.0,215.0
104154,1,4718,111.0,67.0,268.0,215.0
104154,1,4719,111.0,67.0,268.0,215.0
104154,1,4720,111.0,67.0,268.0,215.0
104154,1,4721,111.0,67.0,268.0,215.0
104154,1,4722,111.0,67.0,268.0,215.0
104154,1,4723,111.0,67.0,268.0,215.0
104154,1,4724,111.0,67.0,268.0,215.0
104154,1,4725,111.0,67.0,268.0,215.0
104154,1,4726,111.0,67.0,268.0,215.0
104154,1,4727,111.0,67.0,268.0,215.0
104154,1,4728,111.0,67.0,268.0,215.0
104154,1,4729,111.0,67.0,268.0,215.0
104154,1,4730,111.0,67.0,268.0,215.0
104154,1,4731,111.0,67.0,268.0,215.0
104154,1,4732,111.0,67.0,268.0,215.0
104154,1,4733,111.0,67.0,268.0,215.0
104154,1,4734,111.0,67.0,268.0,215.0
104154,1,4735,111.0,67.0,268.0,215.0
104154,1,4736,111.0,67.0,268.0,215.0
104154,1,4737,111.0,67.0,268.0,215.0
104154,1,4738,111.0,67.0,268.0,215.0
104154,1,4739,111.0,67.0,268.0,215.0
104154,1,4740,111.0,67.0,268.0,215.0
104154,1,4741,111.0,73.0,268.0,216.0
104154,1,4742,111.0,73.0,268.0,216.0
104154,1,4743,111.0,73.0,268.0,216.0
104154,1,4744,111.0,73.0,268.0,216.0
104154,1,4745,111.0,73.0,268.0,216.0
104154,1,4746,111.0,73.0,268.0,216.0
104154,1,4747,111.0,73.0,268.0,216.0
104154,1,4748,111.0,73.0,268.0,216.0
104154,1,4749,111.0,73.0,268.0,216.0
104154,1,4750,111.0,73.0,268.0,216.0
104154,1,4751,111.0,73.0,268.0,216.0
104154,1,4752,111.0,73.0,268.0,216.0
104154,1,4753,111.0,73.0,268.0,216.0
104154,1,4754,111.0,73.0,268.0,216.0
104154,1,4755,111.0,73.0,268.0,216.0
104154,1,4756,111.0,73.0,268.0,216.0
104154,1,4757,111.0,73.0,268.0,216.0
104154,1,4758,111.0,73.0,268.0,216.0
104154,1,4759,111.0,73.0,268.0,216.0
104154,1,4760,111.0,73.0,268.0,216.0
104154,1,4761,111.0,62.0,268.0,216.0
104154,1,4762,111.0,62.0,268.0,216.0
104154,1,4763,111.0,62.0,268.0,216.0
104154,1,4764,111.0,62.0,268.0,216.0
104154,1,4765,111.0,62.0,268.0,216.0
104154,1,4766,111.0,62.0,268.0,216.0
104154,1,4767,111.0,62.0,268.0,216.0
104154,1,4768,111.0,62.0,268.0,216.0
104154,1,4769,111.0,62.0,268.0,216.0
104154,1,4770,111.0,62.0,268.0,216.0
104154,1,4771,111.0,62.0,268.0,216.0
104154,1,4772,111.0,62.0,268.0,216.0
104154,1,4773,111.0,62.0,268.0,216.0
104154,1,4774,111.0,62.0,268.0,216.0
104154,1,4775,111.0,62.0,268.0,216.0
104154,1,4776,111.0,62.0,268.0,216.0
104154,1,4777,111.0,62.0,268.0,216.0
104154,1,4778,111.0,62.0,268.0,216.0
104154,1,4779,111.0,62.0,268.0,216.0
104154,1,4780,111.0,62.0,268.0,216.0
104154,1,4781,111.0,62.0,268.0,216.0
104154,1,4782,111.0,62.0,268.0,216.0
104154,1,4783,111.0,62.0,268.0,216.0
104154,1,4784,111.0,62.0,268.0,216.0
104154,1,4785,111.0,62.0,268.0,216.0
104154,1,4786,111.0,62.0,268.0,216.0
104154,1,4787,111.0,62.0,268.0,216.0
104154,1,4788,111.0,62.0,268.0,216.0
104154,1,4789,111.0,62.0,268.0,216.0
104154,1,4790,111.0,62.0,268.0,216.0
104154,1,4791,111.0,62.0,268.0,216.0
104154,1,4792,113.0,65.0,270.0,218.0
104154,1,4793,113.0,65.0,270.0,218.0
104154,1,4794,113.0,65.0,270.0,218.0
104154,1,4795,113.0,65.0,270.0,218.0
104154,1,4796,113.0,65.0,270.0,218.0
104154,1,4797,113.0,65.0,270.0,218.0
104154,1,4798,113.0,65.0,270.0,218.0
104154,1,4799,113.0,65.0,270.0,218.0
104154,1,4800,113.0,65.0,270.0,218.0
104154,1,4801,113.0,65.0,270.0,218.0
104154,1,4802,113.0,65.0,270.0,218.0
104154,1,4803,113.0,65.0,270.0,218.0
104154,1,4804,113.0,65.0,270.0,218.0
104154,1,4805,113.0,65.0,270.0,218.0
104154,1,4806,113.0,65.0,270.0,218.0
104154,1,4807,113.0,65.0,270.0,218.0
104154,1,4808,113.0,65.0,270.0,218.0
104154,1,4809,113.0,65.0,270.0,218.0
104154,1,4810,113.0,65.0,270.0,218.0
104154,1,4811,113.0,65.0,270.0,218.0
104154,1,4812,115.0,70.0,271.0,223.0
104154,1,4813,115.0,70.0,271.0,223.0
104154,1,4814,115.0,70.0,271.0,223.0
104154,1,4815,115.0,70.0,271.0,223.0
104154,1,4816,115.0,70.0,271.0,223.0
104154,1,4817,115.0,70.0,271.0,223.0
104154,1,4818,115.0,70.0,271.0,223.0
104154,1,4819,115.0,70.0,271.0,223.0
104154,1,4820,115.0,70.0,271.0,223.0
104154,1,4821,115.0,70.0,271.0,223.0
104154,1,4822,115.0,70.0,271.0,223.0
104154,1,4823,115.0,70.0,271.0,223.0
104154,1,4824,115.0,70.0,271.0,223.0
104154,1,4825,115.0,70.0,271.0,223.0
104154,1,4826,115.0,70.0,271.0,223.0
104154,1,4827,115.0,70.0,271.0,223.0
104154,1,4828,115.0,70.0,271.0,223.0
104154,1,4829,115.0,70.0,271.0,223.0
104154,1,4830,115.0,70.0,271.0,223.0
104154,1,4831,115.0,70.0,271.0,223.0
104154,1,4832,115.0,70.0,271.0,223.0
104154,1,4833,115.0,70.0,271.0,223.0
104154,1,4834,115.0,70.0,271.0,223.0
104154,1,4835,115.0,70.0,271.0,223.0
104154,1,4836,115.0,70.0,271.0,223.0
104154,1,4837,115.0,70.0,271.0,223.0
104154,1,4838,115.0,70.0,271.0,223.0
104154,1,4839,115.0,70.0,271.0,223.0
104154,1,4840,115.0,70.0,271.0,223.0
104154,1,4841,115.0,70.0,271.0,223.0
104154,1,4842,115.0,70.0,271.0,223.0
104154,1,4843,115.0,70.0,271.0,223.0
104154,1,4844,115.0,52.0,270.0,224.0
104154,1,4845,115.0,52.0,270.0,224.0
104154,1,4846,115.0,52.0,270.0,224.0
104154,1,4847,115.0,52.0,270.0,224.0
104154,1,4848,115.0,52.0,270.0,224.0
104154,1,4849,115.0,52.0,270.0,224.0
104154,1,4850,115.0,52.0,270.0,224.0
104154,1,4851,115.0,52.0,270.0,224.0
104154,1,4852,115.0,52.0,270.0,224.0
104154,1,4853,115.0,52.0,270.0,224.0
104154,1,4854,115.0,52.0,270.0,224.0
104154,1,4855,115.0,52.0,270.0,224.0
104154,1,4856,115.0,52.0,270.0,224.0
104154,1,4857,115.0,52.0,270.0,224.0
104154,1,4858,115.0,52.0,270.0,224.0
104154,1,4859,115.0,52.0,270.0,224.0
104154,1,4860,115.0,52.0,270.0,224.0
104154,1,4861,115.0,52.0,270.0,224.0
104154,1,4862,137.0,52.0,269.0,225.0
104154,1,4863,137.0,52.0,269.0,225.0
104154,1,4864,137.0,52.0,269.0,225.0
104154,1,4865,137.0,52.0,269.0,225.0
104154,1,4866,137.0,52.0,269.0,225.0
104154,1,4867,137.0,52.0,269.0,225.0
104154,1,4868,137.0,52.0,269.0,225.0
104154,1,4869,137.0,52.0,269.0,225.0
104154,1,4870,137.0,52.0,269.0,225.0
104154,1,4871,137.0,52.0,269.0,225.0
104154,1,4872,137.0,52.0,269.0,225.0
104154,1,4873,137.0,52.0,269.0,225.0
104154,1,4874,137.0,52.0,269.0,225.0
104154,1,4875,137.0,52.0,269.0,225.0
104154,1,4876,137.0,52.0,269.0,225.0
104154,1,4877,137.0,52.0,269.0,225.0
104154,1,4878,137.0,52.0,269.0,225.0
104154,1,4879,137.0,52.0,269.0,225.0
104154,1,4880,137.0,52.0,269.0,225.0
104154,1,4881,137.0,52.0,269.0,225.0
104154,1,4882,137.0,52.0,269.0,225.0
104154,1,4883,137.0,52.0,269.0,225.0
104154,1,4884,137.0,52.0,269.0,225.0
104154,1,4885,137.0,52.0,269.0,225.0
104154,1,4886,137.0,52.0,269.0,225.0
104154,1,4887,137.0,52.0,269.0,225.0
104154,1,4888,137.0,52.0,269.0,225.0
104154,1,4889,137.0,52.0,269.0,225.0
104154,1,4890,137.0,52.0,269.0,225.0
104154,1,4891,137.0,52.0,269.0,225.0
104154,1,4892,137.0,52.0,269.0,225.0
104154,1,4893,137.0,52.0,269.0,225.0
104154,1,4894,137.0,52.0,269.0,225.0
104154,1,4895,137.0,52.0,269.0,225.0
104154,1,4896,137.0,52.0,269.0,225.0
104154,1,4897,137.0,52.0,269.0,225.0
104154,1,4898,137.0,52.0,269.0,225.0
104154,1,4899,137.0,52.0,269.0,225.0
104154,1,4900,137.0,52.0,269.0,225.0
104154,1,4901,137.0,52.0,269.0,225.0
104154,1,4902,137.0,52.0,269.0,225.0
104154,1,4903,137.0,52.0,269.0,225.0
104154,1,4904,137.0,52.0,269.0,225.0
104154,1,4905,137.0,52.0,269.0,225.0
104154,1,4906,137.0,52.0,269.0,225.0
104154,1,4907,137.0,52.0,269.0,225.0
104154,1,4908,137.0,52.0,269.0,225.0
104154,1,4909,137.0,52.0,269.0,225.0
104154,1,4910,137.0,52.0,269.0,225.0
104154,1,4911,137.0,52.0,269.0,225.0
104154,1,4912,137.0,52.0,269.0,225.0
104154,1,4913,137.0,52.0,269.0,225.0
104154,1,4914,137.0,52.0,269.0,225.0
104154,1,4915,137.0,52.0,269.0,225.0
104154,1,4916,137.0,52.0,269.0,225.0
104154,1,4917,137.0,52.0,269.0,225.0
104154,1,4918,137.0,52.0,269.0,225.0
104154,1,4919,137.0,52.0,269.0,225.0
104154,1,4920,137.0,52.0,269.0,225.0
104154,1,4921,137.0,52.0,269.0,225.0
104154,1,4922,137.0,52.0,269.0,225.0
104154,1,4923,137.0,52.0,269.0,225.0
104154,1,4924,137.0,52.0,269.0,225.0
104154,1,4925,137.0,52.0,269.0,225.0
104154,1,4926,137.0,52.0,269.0,225.0
104154,1,4927,137.0,52.0,269.0,225.0
104154,1,4928,137.0,52.0,269.0,225.0
104154,1,4929,137.0,52.0,269.0,225.0
104154,1,4930,137.0,52.0,269.0,225.0
104154,1,4931,137.0,52.0,269.0,225.0
104154,1,4932,137.0,52.0,269.0,225.0
104154,1,4933,137.0,52.0,269.0,225.0
104154,1,4934,137.0,52.0,269.0,225.0
104154,1,4935,137.0,52.0,269.0,225.0
104154,1,4936,137.0,52.0,269.0,225.0
104154,1,4937,137.0,52.0,269.0,225.0
104154,1,4938,137.0,52.0,269.0,225.0
104154,1,4939,137.0,52.0,269.0,225.0
104154,1,4940,137.0,52.0,269.0,225.0
104154,1,4941,137.0,52.0,269.0,225.0
104154,1,4942,137.0,52.0,269.0,225.0
104154,1,4943,137.0,52.0,269.0,225.0
104154,1,4944,137.0,52.0,269.0,225.0
104154,1,4945,137.0,52.0,269.0,225.0
104154,1,4946,137.0,52.0,269.0,225.0
104154,1,4947,137.0,52.0,269.0,225.0
104154,1,4948,137.0,52.0,269.0,225.0
104154,1,4949,137.0,52.0,269.0,225.0
104154,1,4950,137.0,52.0,269.0,225.0
104154,1,4951,137.0,52.0,269.0,225.0
104154,1,4952,137.0,52.0,269.0,225.0
104154,1,4953,137.0,52.0,269.0,225.0
104154,1,4954,137.0,52.0,269.0,225.0
104154,1,4955,137.0,52.0,269.0,225.0
104154,1,4956,137.0,52.0,269.0,225.0
104154,1,4957,137.0,52.0,269.0,225.0
104154,1,4958,137.0,52.0,269.0,225.0
104154,1,4959,137.0,52.0,269.0,225.0
104154,1,4960,137.0,52.0,269.0,225.0
104154,1,4961,137.0,52.0,269.0,225.0
104154,1,4962,137.0,52.0,269.0,225.0
104154,1,4963,137.0,52.0,269.0,225.0
104154,1,4964,137.0,31.0,269.0,225.0
104154,1,4965,137.0,31.0,269.0,225.0
104154,1,4966,137.0,31.0,269.0,225.0
104154,1,4967,137.0,31.0,269.0,225.0
104154,1,4968,137.0,31.0,269.0,225.0
104154,1,4969,137.0,31.0,269.0,225.0
104154,1,4970,137.0,31.0,269.0,225.0
104154,1,4971,137.0,31.0,269.0,225.0
104154,1,4972,137.0,31.0,269.0,225.0
104154,1,4973,137.0,31.0,269.0,225.0
104154,1,4974,137.0,31.0,269.0,225.0
104154,1,4975,137.0,31.0,269.0,225.0
104154,1,4976,137.0,31.0,269.0,225.0
104154,1,4977,137.0,31.0,269.0,225.0
104154,1,4978,137.0,31.0,269.0,225.0
104154,1,4979,127.0,20.0,280.0,225.0
104154,1,4980,127.0,20.0,280.0,225.0
104154,1,4981,127.0,20.0,280.0,225.0
104154,1,4982,127.0,20.0,280.0,225.0
104154,1,4983,127.0,20.0,280.0,225.0
104154,1,4984,127.0,20.0,280.0,225.0
104154,1,4985,127.0,20.0,280.0,225.0
104154,1,4986,127.0,20.0,280.0,225.0
104154,1,4987,127.0,20.0,280.0,225.0
104154,1,4988,127.0,20.0,280.0,225.0
104154,1,4989,127.0,20.0,280.0,225.0
104154,1,4990,127.0,20.0,280.0,225.0
104154,1,4991,127.0,20.0,280.0,225.0
104154,1,4992,127.0,20.0,280.0,225.0
104154,1,4993,127.0,20.0,280.0,225.0
104154,1,4994,127.0,20.0,280.0,225.0
104154,1,4995,127.0,20.0,280.0,225.0
104154,1,4996,127.0,20.0,280.0,225.0
104154,1,4997,127.0,20.0,280.0,225.0
104154,1,4998,127.0,20.0,280.0,225.0
104154,1,4999,116.0,20.0,298.0,225.0
104154,1,5000,116.0,20.0,298.0,225.0
104154,1,5001,116.0,20.0,298.0,225.0
104154,1,5002,116.0,20.0,298.0,225.0
104154,1,5003,116.0,20.0,298.0,225.0
104154,1,5004,116.0,20.0,298.0,225.0
104154,1,5005,116.0,20.0,298.0,225.0
104154,1,5006,116.0,20.0,298.0,225.0
104154,1,5007,116.0,20.0,298.0,225.0
104154,1,5008,116.0,20.0,298.0,225.0
104154,1,5009,116.0,20.0,298.0,225.0
104154,1,5010,116.0,20.0,298.0,225.0
104154,1,5011,116.0,20.0,298.0,225.0
104154,1,5012,116.0,20.0,298.0,225.0
104154,1,5013,116.0,6.0,309.0,225.0
104154,1,5014,116.0,6.0,309.0,225.0
104154,1,5015,116.0,6.0,309.0,225.0
104154,1,5016,116.0,6.0,309.0,225.0
104154,1,5017,116.0,6.0,309.0,225.0
104154,1,5018,116.0,6.0,309.0,225.0
104154,1,5019,116.0,6.0,309.0,225.0
104154,1,5020,116.0,6.0,309.0,225.0
104154,1,5021,116.0,6.0,309.0,225.0
104154,1,5022,116.0,6.0,309.0,225.0
104154,1,5023,116.0,6.0,329.0,225.0
104154,1,5024,116.0,6.0,329.0,225.0
104154,1,5025,116.0,6.0,329.0,225.0
104154,1,5026,116.0,6.0,329.0,225.0
104154,1,5027,116.0,6.0,329.0,225.0
104154,1,5028,116.0,6.0,329.0,225.0
104154,1,5029,116.0,6.0,329.0,225.0
104154,1,5030,116.0,6.0,329.0,225.0
104154,1,5031,116.0,6.0,329.0,225.0
104154,1,5032,98.0,0,341.0,225.0
104154,1,5033,98.0,0,341.0,225.0
104154,1,5034,98.0,0,341.0,225.0
104154,1,5035,98.0,0,341.0,225.0
104154,1,5036,98.0,0,341.0,225.0
104154,1,5037,98.0,0,341.0,225.0
104154,1,5038,98.0,0,341.0,225.0
104154,1,5039,98.0,0,341.0,225.0
104154,1,5040,98.0,0,341.0,225.0
104154,1,5041,98.0,0,341.0,225.0
104154,1,5042,98.0,0,365.0,225.0
104154,1,5043,98.0,0,365.0,225.0
104154,1,5044,98.0,0,365.0,225.0
104154,1,5045,98.0,0,365.0,225.0
104154,1,5046,98.0,0,365.0,225.0
104154,1,5047,98.0,0,365.0,225.0
104154,1,5048,98.0,0,365.0,225.0
104154,1,5049,98.0,0,365.0,225.0
104154,1,5050,98.0,0,365.0,225.0
104154,1,5051,98.0,0,365.0,225.0
104154,1,5052,98.0,0,383.0,225.0
104154,1,5053,98.0,0,383.0,225.0
104154,1,5054,98.0,0,383.0,225.0
104154,1,5055,98.0,0,383.0,225.0
104154,1,5056,98.0,0,383.0,225.0
104154,1,5057,98.0,0,383.0,225.0
104154,1,5058,98.0,0,383.0,225.0
104154,1,5059,98.0,0,383.0,225.0
104154,1,5060,98.0,0,383.0,225.0
104154,1,5061,90.0,0,391.0,225.0
104154,1,5062,90.0,0,391.0,225.0
104154,1,5063,90.0,0,391.0,225.0
104154,1,5064,90.0,0,391.0,225.0
104154,1,5065,90.0,0,391.0,225.0
104154,1,5066,90.0,0,391.0,225.0
104154,1,5067,90.0,0,391.0,225.0
104154,1,5068,90.0,0,391.0,225.0
104154,1,5069,90.0,0,391.0,225.0
104154,1,5070,90.0,0,391.0,225.0
104154,1,5071,90.0,0,391.0,225.0
104154,1,5072,90.0,0,422.0,225.0
104154,1,5073,90.0,0,422.0,225.0
104154,1,5074,90.0,0,422.0,225.0
104154,1,5075,90.0,0,422.0,225.0
104154,1,5076,90.0,0,422.0,225.0
104154,1,5077,90.0,0,422.0,225.0
104154,1,5078,90.0,0,422.0,225.0
104154,1,5079,90.0,0,422.0,225.0
104154,1,5080,90.0,0,422.0,225.0
104154,1,5081,90.0,0,422.0,225.0
104154,1,5082,90.0,0,422.0,225.0
104154,1,5083,90.0,0,422.0,225.0
104154,1,5084,90.0,0,422.0,225.0
104154,1,5085,90.0,0,422.0,225.0
104154,1,5086,90.0,0,422.0,225.0
104154,1,5087,90.0,0,422.0,225.0
104154,1,5088,90.0,0,422.0,225.0
104154,1,5089,90.0,0,422.0,225.0
104154,1,5090,90.0,0,422.0,225.0
104154,1,5091,90.0,0,422.0,225.0
104154,1,5092,90.0,0,422.0,225.0
104154,1,5093,90.0,0,422.0,225.0
104154,1,5094,90.0,0,422.0,225.0
104154,1,5095,90.0,0,422.0,225.0
104154,1,5096,90.0,0,422.0,225.0
104154,1,5097,90.0,0,422.0,225.0
104154,1,5098,90.0,0,445.0,225.0
104154,1,5099,90.0,0,445.0,225.0
104154,1,5100,90.0,0,445.0,225.0
104154,1,5101,90.0,0,445.0,225.0
104154,1,5102,90.0,0,445.0,225.0
104154,1,5103,90.0,0,445.0,225.0
104154,1,5104,90.0,0,445.0,225.0
104154,1,5105,90.0,0,445.0,225.0
104154,1,5106,90.0,0,445.0,225.0
104154,1,5107,90.0,0,445.0,225.0
104154,1,5108,90.0,0,445.0,225.0
104154,1,5109,90.0,8.0,445.0,225.0
104154,1,5110,90.0,8.0,445.0,225.0
104154,1,5111,90.0,8.0,445.0,225.0
104154,1,5112,90.0,8.0,445.0,225.0
104154,1,5113,90.0,8.0,445.0,225.0
104154,1,5114,90.0,8.0,445.0,225.0
104154,1,5115,90.0,8.0,445.0,225.0
104154,1,5116,90.0,8.0,445.0,225.0
104154,1,5117,90.0,8.0,445.0,225.0
104154,1,5118,90.0,8.0,445.0,225.0
104154,1,5119,90.0,8.0,445.0,225.0
104154,1,5120,90.0,8.0,445.0,225.0
104154,1,5121,90.0,8.0,445.0,225.0
104154,1,5122,90.0,8.0,445.0,225.0
104154,1,5123,90.0,8.0,445.0,225.0
104154,1,5124,90.0,8.0,445.0,225.0
104154,1,5125,90.0,12.0,461.0,225.0
104154,1,5126,90.0,12.0,461.0,225.0
104154,1,5127,90.0,12.0,461.0,225.0
104154,1,5128,90.0,12.0,461.0,225.0
104154,1,5129,90.0,12.0,461.0,225.0
104154,1,5130,90.0,12.0,461.0,225.0
104154,1,5131,90.0,12.0,461.0,225.0
104154,1,5132,90.0,12.0,461.0,225.0
104154,1,5133,90.0,12.0,461.0,225.0
104154,1,5134,90.0,12.0,461.0,225.0
104154,1,5135,90.0,12.0,461.0,225.0
104154,1,5136,90.0,12.0,461.0,225.0
104154,1,5137,90.0,12.0,461.0,225.0
104154,1,5138,90.0,12.0,461.0,225.0
104154,1,5139,90.0,12.0,461.0,225.0
104154,1,5140,90.0,12.0,461.0,225.0
104154,1,5141,90.0,12.0,461.0,225.0
104154,1,5142,90.0,12.0,461.0,225.0
104154,1,5143,90.0,12.0,461.0,225.0
104154,1,5144,90.0,12.0,461.0,225.0
104154,1,5145,90.0,12.0,461.0,225.0
104154,1,5146,90.0,12.0,478.0,225.0
104154,1,5147,90.0,12.0,478.0,225.0
104154,1,5148,90.0,12.0,478.0,225.0
104154,1,5149,90.0,12.0,478.0,225.0
104154,1,5150,90.0,12.0,478.0,225.0
104154,1,5151,90.0,12.0,478.0,225.0
104154,1,5152,90.0,12.0,478.0,225.0
104154,1,5153,90.0,12.0,478.0,225.0
104154,1,5154,90.0,12.0,478.0,225.0
104154,1,5155,90.0,12.0,478.0,225.0
104154,1,5156,90.0,12.0,478.0,225.0
104154,1,5157,90.0,12.0,478.0,225.0
104154,1,5158,90.0,12.0,478.0,225.0
104154,1,5159,90.0,12.0,478.0,225.0
104154,1,5160,90.0,12.0,478.0,225.0
104154,1,5161,90.0,12.0,478.0,225.0
104154,1,5162,90.0,12.0,478.0,225.0
104154,1,5163,90.0,12.0,478.0,225.0
104154,1,5164,90.0,12.0,478.0,225.0
104154,1,5165,90.0,12.0,478.0,225.0
104154,1,5166,90.0,12.0,478.0,225.0
104154,1,5167,90.0,12.0,478.0,225.0
104154,1,5168,90.0,12.0,478.0,225.0
104154,1,5169,90.0,12.0,478.0,225.0
104154,1,5170,90.0,12.0,478.0,225.0
104154,1,5171,90.0,12.0,478.0,225.0
104154,1,5172,90.0,12.0,478.0,225.0
104154,1,5173,90.0,12.0,478.0,225.0
104154,1,5174,90.0,12.0,478.0,225.0
104154,1,5175,90.0,12.0,478.0,225.0
104154,1,5176,90.0,12.0,478.0,225.0
104154,1,5177,90.0,12.0,478.0,225.0
104154,1,5178,90.0,12.0,478.0,225.0
104154,1,5179,90.0,12.0,478.0,225.0
104154,1,5180,90.0,12.0,478.0,225.0
104154,1,5181,90.0,12.0,478.0,225.0
104154,1,5182,90.0,12.0,478.0,225.0
104154,1,5183,90.0,12.0,478.0,225.0
104154,1,5184,90.0,12.0,478.0,225.0
104154,1,5185,90.0,12.0,478.0,225.0
104154,1,5186,90.0,12.0,478.0,225.0
104154,1,5187,90.0,12.0,478.0,225.0
104154,1,5188,90.0,12.0,478.0,225.0
104154,1,5189,90.0,12.0,478.0,225.0
104154,1,5190,90.0,12.0,478.0,225.0
104154,1,5191,90.0,12.0,478.0,225.0
104154,1,5192,90.0,12.0,478.0,225.0
104154,1,5193,90.0,12.0,478.0,225.0
104154,1,5194,90.0,12.0,478.0,225.0
104154,1,5195,90.0,12.0,478.0,225.0
104154,1,5196,90.0,12.0,478.0,225.0
104154,1,5197,90.0,12.0,478.0,225.0
104154,1,5198,90.0,12.0,478.0,225.0
104154,1,5199,90.0,12.0,478.0,225.0
104154,1,5200,90.0,12.0,478.0,225.0
104154,1,5201,90.0,12.0,478.0,225.0
104154,1,5202,90.0,12.0,478.0,225.0
104154,1,5203,90.0,12.0,478.0,225.0
104154,1,5204,90.0,12.0,478.0,225.0
104154,1,5205,90.0,12.0,478.0,225.0
104154,1,5206,90.0,12.0,478.0,225.0
104154,1,5207,90.0,12.0,478.0,225.0
104154,1,5208,90.0,12.0,478.0,225.0
104154,1,5209,90.0,12.0,478.0,225.0
104154,1,5210,90.0,12.0,478.0,225.0
104154,1,5211,90.0,12.0,478.0,225.0
104154,1,5212,90.0,22.0,478.0,225.0
104154,1,5213,90.0,22.0,478.0,225.0
104154,1,5214,90.0,22.0,478.0,225.0
104154,1,5215,90.0,22.0,478.0,225.0
104154,1,5216,90.0,22.0,478.0,225.0
104154,1,5217,90.0,22.0,478.0,225.0
104154,1,5218,90.0,22.0,478.0,225.0
104154,1,5219,90.0,22.0,478.0,225.0
104154,1,5220,90.0,22.0,478.0,225.0
104154,1,5221,90.0,22.0,478.0,225.0
104154,1,5222,90.0,22.0,478.0,225.0
104154,1,5223,90.0,22.0,478.0,225.0
104154,1,5224,90.0,22.0,478.0,225.0
104154,1,5225,90.0,22.0,478.0,225.0
104154,1,5226,90.0,22.0,478.0,225.0
104154,1,5227,90.0,22.0,478.0,225.0
104154,1,5228,90.0,22.0,478.0,225.0
104154,1,5229,90.0,22.0,478.0,225.0
104154,1,5230,90.0,6.0,478.0,225.0
104154,1,5231,90.0,6.0,478.0,225.0
104154,1,5232,90.0,6.0,478.0,225.0
104154,1,5233,90.0,6.0,478.0,225.0
104154,1,5234,90.0,6.0,478.0,225.0
104154,1,5235,90.0,6.0,478.0,225.0
104154,1,5236,90.0,6.0,478.0,225.0
104154,1,5237,90.0,6.0,478.0,225.0
104154,1,5238,90.0,6.0,478.0,225.0
104154,1,5239,90.0,6.0,478.0,225.0
104154,1,5240,90.0,6.0,478.0,225.0
104154,1,5241,90.0,6.0,478.0,225.0
104154,1,5242,90.0,6.0,442.0,225.0
104154,1,5243,90.0,6.0,442.0,225.0
104154,1,5244,90.0,6.0,442.0,225.0
104154,1,5245,90.0,6.0,442.0,225.0
104154,1,5246,90.0,6.0,442.0,225.0
104154,1,5247,90.0,6.0,442.0,225.0
104154,1,5248,90.0,6.0,442.0,225.0
104154,1,5249,90.0,6.0,442.0,225.0
104154,1,5250,90.0,6.0,442.0,225.0
104154,1,5251,90.0,6.0,426.0,225.0
104154,1,5252,90.0,6.0,426.0,225.0
104154,1,5253,90.0,6.0,426.0,225.0
104154,1,5254,90.0,6.0,426.0,225.0
104154,1,5255,90.0,6.0,426.0,225.0
104154,1,5256,90.0,6.0,426.0,225.0
104154,1,5257,90.0,6.0,426.0,225.0
104154,1,5258,90.0,6.0,426.0,225.0
104154,1,5259,90.0,6.0,426.0,225.0
104154,1,5260,90.0,6.0,400.0,225.0
104154,1,5261,90.0,6.0,400.0,225.0
104154,1,5262,90.0,6.0,400.0,225.0
104154,1,5263,90.0,6.0,400.0,225.0
104154,1,5264,90.0,6.0,400.0,225.0
104154,1,5265,90.0,6.0,400.0,225.0
104154,1,5266,90.0,6.0,400.0,225.0
104154,1,5267,90.0,9.0,378.0,225.0
104154,1,5268,90.0,9.0,378.0,225.0
104154,1,5269,90.0,9.0,378.0,225.0
104154,1,5270,90.0,9.0,378.0,225.0
104154,1,5271,90.0,9.0,378.0,225.0
104154,1,5272,90.0,9.0,378.0,225.0
104154,1,5273,90.0,9.0,378.0,225.0
104154,1,5274,90.0,9.0,378.0,225.0
104154,1,5275,90.0,9.0,378.0,225.0
104154,1,5276,90.0,9.0,378.0,225.0
104154,1,5277,114.0,9.0,348.0,225.0
104154,1,5278,114.0,9.0,348.0,225.0
104154,1,5279,114.0,9.0,348.0,225.0
104154,1,5280,114.0,9.0,348.0,225.0
104154,1,5281,114.0,9.0,348.0,225.0
104154,1,5282,114.0,9.0,348.0,225.0
104154,1,5283,114.0,9.0,348.0,225.0
104154,1,5284,122.0,9.0,320.0,225.0
104154,1,5285,122.0,9.0,320.0,225.0
104154,1,5286,122.0,9.0,320.0,225.0
104154,1,5287,122.0,9.0,320.0,225.0
104154,1,5288,122.0,9.0,320.0,225.0
104154,1,5289,122.0,9.0,320.0,225.0
104154,1,5290,122.0,9.0,320.0,225.0
104154,1,5291,122.0,9.0,320.0,225.0
104154,1,5292,122.0,9.0,320.0,225.0
104154,1,5293,122.0,9.0,291.0,225.0
104154,1,5294,122.0,9.0,291.0,225.0
104154,1,5295,122.0,9.0,291.0,225.0
104154,1,5296,122.0,9.0,291.0,225.0
104154,1,5297,122.0,9.0,291.0,225.0
104154,1,5298,122.0,9.0,291.0,225.0
104154,1,5299,122.0,9.0,291.0,225.0
104154,1,5300,122.0,9.0,291.0,225.0
104154,1,5301,122.0,20.0,275.0,225.0
104154,1,5302,122.0,20.0,275.0,225.0
104154,1,5303,122.0,20.0,275.0,225.0
104154,1,5304,122.0,20.0,275.0,225.0
104154,1,5305,122.0,20.0,275.0,225.0
104154,1,5306,122.0,20.0,275.0,225.0
104154,1,5307,122.0,20.0,275.0,225.0
104154,1,5308,122.0,30.0,275.0,225.0
104154,1,5309,122.0,30.0,275.0,225.0
104154,1,5310,122.0,30.0,275.0,225.0
104154,1,5311,122.0,30.0,275.0,225.0
104154,1,5312,122.0,30.0,275.0,225.0
104154,1,5313,122.0,30.0,275.0,225.0
104154,1,5314,122.0,30.0,275.0,225.0
104154,1,5315,128.0,30.0,276.0,225.0
104154,1,5316,128.0,30.0,276.0,225.0
104154,1,5317,128.0,30.0,276.0,225.0
104154,1,5318,128.0,30.0,276.0,225.0
104154,1,5319,128.0,30.0,276.0,225.0
104154,1,5320,128.0,30.0,276.0,225.0
104154,1,5321,128.0,30.0,276.0,225.0
104154,1,5322,128.0,30.0,276.0,225.0
104154,1,5323,128.0,30.0,276.0,225.0
104154,1,5324,128.0,30.0,276.0,225.0
104154,1,5325,128.0,30.0,276.0,225.0
104154,1,5326,128.0,44.0,276.0,226.0
104154,1,5327,128.0,44.0,276.0,226.0
104154,1,5328,128.0,44.0,276.0,226.0
104154,1,5329,128.0,44.0,276.0,226.0
104154,1,5330,128.0,44.0,276.0,226.0
104154,1,5331,128.0,44.0,276.0,226.0
104154,1,5332,128.0,44.0,276.0,226.0
104154,1,5333,128.0,44.0,276.0,226.0
104154,1,5334,128.0,44.0,276.0,226.0
104154,1,5335,128.0,44.0,276.0,226.0
104154,1,5336,128.0,44.0,276.0,226.0
104154,1,5337,128.0,44.0,276.0,226.0
104154,1,5338,128.0,67.0,258.0,227.0
104154,1,5339,128.0,67.0,258.0,227.0
104154,1,5340,128.0,67.0,258.0,227.0
104154,1,5341,128.0,67.0,258.0,227.0
104154,1,5342,128.0,67.0,258.0,227.0
104154,1,5343,128.0,67.0,258.0,227.0
104154,1,5344,128.0,67.0,258.0,227.0
104154,1,5345,128.0,67.0,258.0,227.0
104154,1,5346,128.0,67.0,258.0,227.0
104154,1,5347,128.0,67.0,258.0,227.0
104154,1,5348,128.0,67.0,258.0,227.0
104154,1,5349,128.0,67.0,258.0,227.0
104154,1,5350,128.0,67.0,258.0,227.0
104154,1,5351,128.0,67.0,258.0,227.0
104154,1,5352,128.0,67.0,258.0,227.0
104154,1,5353,128.0,67.0,258.0,227.0
104154,1,5354,128.0,67.0,258.0,227.0
104154,1,5355,128.0,67.0,258.0,227.0
104154,1,5356,128.0,67.0,258.0,227.0
104154,1,5357,128.0,67.0,258.0,227.0
104154,1,5358,128.0,67.0,258.0,227.0
104154,1,5359,128.0,67.0,258.0,227.0
104154,1,5360,128.0,67.0,258.0,227.0
104154,1,5361,128.0,67.0,258.0,227.0
104154,1,5362,128.0,67.0,258.0,227.0
104154,1,5363,128.0,45.0,258.0,227.0
104154,1,5364,128.0,45.0,258.0,227.0
104154,1,5365,128.0,45.0,258.0,227.0
104154,1,5366,128.0,45.0,258.0,227.0
104154,1,5367,128.0,45.0,258.0,227.0
104154,1,5368,128.0,45.0,258.0,227.0
104154,1,5369,128.0,45.0,258.0,227.0
104154,1,5370,128.0,45.0,258.0,227.0
104154,1,5371,128.0,45.0,258.0,227.0
104154,1,5372,128.0,45.0,258.0,227.0
104154,1,5373,128.0,45.0,258.0,227.0
104154,1,5374,128.0,45.0,258.0,227.0
104154,1,5375,128.0,45.0,258.0,227.0
104154,1,5376,128.0,45.0,258.0,227.0
104154,1,5377,128.0,45.0,258.0,227.0
104154,1,5378,128.0,45.0,258.0,227.0
104154,1,5379,128.0,45.0,258.0,227.0
104154,1,5380,128.0,45.0,258.0,227.0
104154,1,5381,128.0,45.0,258.0,227.0
104154,1,5382,128.0,45.0,258.0,227.0
104154,1,5383,128.0,45.0,258.0,227.0
104154,1,5384,128.0,45.0,258.0,227.0
104154,1,5385,128.0,45.0,258.0,227.0
104154,1,5386,128.0,45.0,258.0,227.0
104154,1,5387,128.0,45.0,258.0,227.0
104154,1,5388,128.0,45.0,258.0,227.0
104154,1,5389,128.0,45.0,258.0,227.0
104154,1,5390,128.0,45.0,258.0,227.0
104154,1,5391,128.0,45.0,258.0,227.0
104154,1,5392,128.0,45.0,258.0,227.0
104154,1,5393,128.0,45.0,258.0,227.0
104154,1,5394,128.0,45.0,258.0,227.0
104154,1,5395,128.0,45.0,258.0,227.0
104154,1,5396,128.0,45.0,258.0,227.0
104154,1,5397,128.0,45.0,258.0,227.0
104154,1,5398,128.0,45.0,258.0,227.0
104154,1,5399,128.0,39.0,267.0,227.0
104154,1,5400,128.0,39.0,267.0,227.0
104154,1,5401,128.0,39.0,267.0,227.0
104154,1,5402,128.0,39.0,267.0,227.0
104154,1,5403,128.0,39.0,267.0,227.0
104154,1,5404,128.0,39.0,267.0,227.0
104154,1,5405,128.0,39.0,267.0,227.0
104154,1,5406,128.0,39.0,267.0,227.0
104154,1,5407,128.0,39.0,267.0,227.0
104154,1,5408,128.0,39.0,267.0,227.0
104154,1,5409,128.0,39.0,267.0,227.0
104154,1,5410,128.0,39.0,267.0,227.0
104154,1,5411,128.0,39.0,267.0,227.0
104154,1,5412,128.0,39.0,267.0,227.0
104154,1,5413,128.0,39.0,267.0,227.0
104154,1,5414,128.0,39.0,267.0,227.0
104154,1,5415,128.0,39.0,267.0,227.0
104154,1,5416,128.0,39.0,267.0,227.0
104154,1,5417,128.0,39.0,267.0,227.0
104154,1,5418,128.0,39.0,267.0,227.0
104154,1,5419,128.0,39.0,267.0,227.0
104154,1,5420,128.0,39.0,267.0,227.0
104154,1,5421,128.0,39.0,267.0,227.0
104154,1,5422,128.0,39.0,267.0,227.0
104154,1,5423,128.0,39.0,267.0,227.0
104154,1,5424,128.0,39.0,267.0,227.0
104154,1,5425,128.0,39.0,267.0,227.0
104154,1,5426,128.0,39.0,267.0,227.0
104154,1,5427,128.0,39.0,267.0,227.0
104154,1,5428,128.0,39.0,267.0,227.0
104154,1,5429,128.0,39.0,267.0,227.0
104154,1,5430,128.0,39.0,267.0,227.0
104154,1,5431,128.0,39.0,267.0,227.0
104154,1,5432,128.0,39.0,267.0,227.0
104154,1,5433,128.0,39.0,267.0,227.0
104154,1,5434,128.0,39.0,267.0,227.0
104154,1,5435,128.0,39.0,267.0,227.0
104154,1,5436,128.0,39.0,267.0,227.0
104154,1,5437,128.0,39.0,267.0,227.0
104154,1,5438,128.0,39.0,267.0,227.0
104154,1,5439,128.0,39.0,267.0,227.0
104154,1,5440,128.0,39.0,267.0,227.0
104154,1,5441,128.0,39.0,267.0,227.0
104154,1,5442,128.0,39.0,267.0,227.0
104154,1,5443,128.0,39.0,267.0,227.0
104154,1,5444,128.0,39.0,267.0,227.0
104154,1,5445,128.0,39.0,267.0,227.0
104154,1,5446,128.0,39.0,267.0,227.0
104154,1,5447,128.0,39.0,267.0,227.0
104154,1,5448,128.0,39.0,267.0,227.0
104154,1,5449,128.0,39.0,267.0,227.0
104154,1,5450,128.0,39.0,267.0,227.0
104154,1,5451,128.0,39.0,267.0,227.0
104154,1,5452,128.0,39.0,267.0,227.0
104154,1,5453,128.0,39.0,267.0,227.0
104154,1,5454,128.0,39.0,267.0,227.0
104154,1,5455,128.0,39.0,267.0,227.0
104154,1,5456,128.0,39.0,267.0,227.0
104154,1,5457,128.0,39.0,267.0,227.0
104154,1,5458,128.0,39.0,267.0,227.0
104154,1,5459,128.0,39.0,267.0,227.0
104154,1,5460,128.0,39.0,267.0,227.0
104154,1,5461,128.0,39.0,267.0,227.0
104154,1,5462,128.0,39.0,267.0,227.0
104154,1,5463,128.0,39.0,267.0,227.0
104154,1,5464,128.0,39.0,267.0,227.0
104154,1,5465,128.0,39.0,267.0,227.0
104154,1,5466,128.0,39.0,267.0,227.0
104154,1,5467,128.0,39.0,267.0,227.0
104154,1,5468,128.0,39.0,267.0,227.0
104154,1,5469,128.0,39.0,267.0,227.0
104154,1,5470,128.0,39.0,267.0,227.0
104154,1,5471,128.0,39.0,267.0,227.0
104154,1,5472,128.0,39.0,267.0,227.0
104154,1,5473,128.0,39.0,267.0,227.0
104154,1,5474,128.0,39.0,267.0,227.0
104154,1,5475,128.0,39.0,267.0,227.0
104154,1,5476,128.0,39.0,267.0,227.0
104154,1,5477,128.0,39.0,267.0,227.0
104154,1,5478,128.0,39.0,267.0,227.0
104154,1,5479,128.0,39.0,267.0,227.0
104154,1,5480,128.0,39.0,267.0,227.0
104154,1,5481,128.0,39.0,267.0,227.0
104154,1,5482,128.0,39.0,267.0,227.0
104154,1,5483,128.0,39.0,267.0,227.0
104154,1,5484,128.0,39.0,267.0,227.0
104154,1,5485,128.0,39.0,267.0,227.0
104154,1,5486,128.0,39.0,267.0,227.0
104154,1,5487,128.0,39.0,267.0,227.0
104154,1,5488,128.0,39.0,267.0,227.0
104154,1,5489,128.0,39.0,267.0,227.0
104154,1,5490,128.0,39.0,267.0,227.0
104154,1,5491,128.0,39.0,267.0,227.0
104154,1,5492,128.0,39.0,267.0,227.0
104154,1,5493,128.0,39.0,267.0,227.0
104154,1,5494,128.0,39.0,267.0,227.0
104154,1,5495,128.0,39.0,267.0,227.0
104154,1,5496,128.0,39.0,267.0,227.0
104154,1,5497,128.0,39.0,267.0,227.0
104154,1,5498,128.0,39.0,267.0,227.0
104154,1,5499,128.0,39.0,267.0,227.0
104154,1,5500,128.0,39.0,267.0,227.0
104154,1,5501,128.0,39.0,267.0,227.0
104154,1,5502,128.0,39.0,267.0,227.0
104154,1,5503,128.0,39.0,267.0,227.0
104154,1,5504,128.0,39.0,267.0,227.0
104154,1,5505,128.0,39.0,267.0,227.0
104154,1,5506,128.0,39.0,267.0,227.0
104154,1,5507,128.0,39.0,267.0,227.0
104154,1,5508,128.0,39.0,267.0,227.0
104154,1,5509,128.0,39.0,267.0,227.0
104154,1,5510,128.0,39.0,267.0,227.0
104154,1,5511,128.0,39.0,267.0,227.0
104154,1,5512,128.0,39.0,267.0,227.0
104154,1,5513,128.0,39.0,267.0,227.0
104154,1,5514,128.0,39.0,267.0,227.0
104154,1,5515,128.0,39.0,267.0,227.0
104154,1,5516,128.0,39.0,267.0,227.0
104154,1,5517,128.0,39.0,267.0,227.0
104154,1,5518,128.0,39.0,267.0,227.0
104154,1,5519,128.0,39.0,267.0,227.0
104154,1,5520,128.0,39.0,267.0,227.0
104154,1,5521,128.0,39.0,267.0,227.0
104154,1,5522,128.0,39.0,267.0,227.0
104154,1,5523,128.0,39.0,267.0,227.0
104154,1,5524,128.0,39.0,267.0,227.0
104154,1,5525,128.0,39.0,267.0,227.0
104154,1,5526,128.0,39.0,267.0,227.0
104154,1,5527,128.0,39.0,267.0,227.0
104154,1,5528,128.0,39.0,267.0,227.0
104154,1,5529,128.0,39.0,267.0,227.0
104154,1,5530,128.0,39.0,267.0,227.0
104154,1,5531,128.0,39.0,267.0,227.0
104154,1,5532,128.0,39.0,267.0,227.0
104154,1,5533,128.0,39.0,267.0,227.0
104154,1,5534,128.0,39.0,267.0,227.0
104154,1,5535,128.0,39.0,267.0,227.0
104154,1,5536,128.0,39.0,267.0,227.0
104154,1,5537,128.0,39.0,267.0,227.0
104154,1,5538,128.0,39.0,267.0,227.0
104154,1,5539,128.0,39.0,267.0,227.0
104154,1,5540,128.0,39.0,267.0,227.0
104154,1,5541,128.0,39.0,267.0,227.0
104154,1,5542,128.0,39.0,267.0,227.0
104154,1,5543,128.0,39.0,267.0,227.0
104154,1,5544,128.0,39.0,267.0,227.0
104154,1,5545,128.0,39.0,267.0,227.0
104154,1,5546,128.0,39.0,267.0,227.0
104154,1,5547,128.0,39.0,267.0,227.0
104154,1,5548,128.0,39.0,267.0,227.0
104154,1,5549,128.0,39.0,267.0,227.0
104154,1,5550,128.0,39.0,267.0,227.0
104154,1,5551,128.0,24.0,267.0,227.0
104154,1,5552,128.0,24.0,267.0,227.0
104154,1,5553,128.0,24.0,267.0,227.0
104154,1,5554,128.0,24.0,267.0,227.0
104154,1,5555,128.0,24.0,267.0,227.0
104154,1,5556,128.0,24.0,267.0,227.0
104154,1,5557,128.0,24.0,267.0,227.0
104154,1,5558,128.0,24.0,267.0,227.0
104154,1,5559,128.0,24.0,267.0,227.0
104154,1,5560,128.0,24.0,267.0,227.0
104154,1,5561,128.0,24.0,267.0,227.0
104154,1,5562,128.0,24.0,267.0,227.0
104154,1,5563,128.0,24.0,267.0,227.0
104154,1,5564,128.0,24.0,267.0,227.0
104154,1,5565,128.0,24.0,267.0,227.0
104154,1,5566,128.0,24.0,267.0,227.0
104154,1,5567,128.0,24.0,267.0,227.0
104154,1,5568,128.0,24.0,267.0,227.0
104154,1,5569,128.0,24.0,267.0,227.0
104154,1,5570,128.0,24.0,267.0,227.0
104154,1,5571,128.0,24.0,267.0,227.0
104154,1,5572,128.0,24.0,267.0,227.0
104154,1,5573,128.0,24.0,267.0,227.0
104154,1,5574,128.0,24.0,267.0,227.0
104154,1,5575,128.0,24.0,267.0,227.0
104154,1,5576,128.0,24.0,267.0,227.0
104154,1,5577,128.0,24.0,267.0,227.0
104154,1,5578,128.0,24.0,267.0,227.0
104154,1,5579,128.0,24.0,267.0,227.0
104154,1,5580,128.0,24.0,267.0,227.0
104154,1,5581,128.0,24.0,267.0,227.0
104154,1,5582,128.0,24.0,267.0,227.0
104154,1,5583,128.0,24.0,267.0,227.0
104154,1,5584,128.0,24.0,267.0,227.0
104154,1,5585,128.0,24.0,267.0,227.0
104154,1,5586,128.0,24.0,267.0,227.0
104154,1,5587,128.0,24.0,267.0,227.0
104154,1,5588,128.0,24.0,267.0,227.0
104154,1,5589,128.0,24.0,267.0,227.0
104154,1,5590,128.0,24.0,267.0,227.0
104154,1,5591,128.0,24.0,267.0,227.0
104154,1,5592,128.0,24.0,267.0,227.0
104154,1,5593,128.0,24.0,267.0,227.0
104154,1,5594,128.0,24.0,267.0,227.0
104154,1,5595,128.0,24.0,267.0,227.0
104154,1,5596,128.0,24.0,267.0,227.0
104154,1,5597,128.0,24.0,267.0,227.0
104154,1,5598,128.0,24.0,267.0,227.0
104154,1,5599,128.0,24.0,267.0,227.0
104154,1,5600,128.0,24.0,267.0,227.0
104154,1,5601,128.0,24.0,267.0,227.0
104154,1,5602,128.0,24.0,267.0,227.0
104154,1,5603,128.0,24.0,267.0,227.0
104154,1,5604,128.0,24.0,267.0,227.0
104154,1,5605,128.0,24.0,267.0,227.0
104154,1,5606,128.0,24.0,267.0,227.0
104154,1,5607,128.0,24.0,267.0,227.0
104154,1,5608,128.0,24.0,267.0,227.0
104154,1,5609,128.0,13.0,267.0,227.0
104154,1,5610,128.0,13.0,267.0,227.0
104154,1,5611,128.0,13.0,267.0,227.0
104154,1,5612,128.0,13.0,267.0,227.0
104154,1,5613,128.0,13.0,267.0,227.0
104154,1,5614,128.0,13.0,267.0,227.0
104154,1,5615,128.0,13.0,267.0,227.0
104154,1,5616,128.0,13.0,267.0,227.0
104154,1,5617,128.0,13.0,267.0,227.0
104154,1,5618,128.0,13.0,267.0,227.0
104154,1,5619,128.0,13.0,267.0,227.0
104154,1,5620,128.0,13.0,267.0,227.0
104154,1,5621,128.0,13.0,267.0,227.0
104154,1,5622,128.0,13.0,267.0,227.0
104154,1,5623,128.0,13.0,267.0,227.0
104154,1,5624,128.0,13.0,267.0,227.0
104154,1,5625,128.0,13.0,267.0,227.0
104154,1,5626,128.0,13.0,267.0,227.0
104154,1,5627,128.0,13.0,267.0,227.0
104154,1,5628,128.0,13.0,267.0,227.0
104154,1,5629,128.0,13.0,267.0,227.0
104154,1,5630,128.0,13.0,267.0,227.0
104154,1,5631,128.0,13.0,267.0,227.0
104154,1,5632,128.0,13.0,267.0,227.0
104154,1,5633,128.0,13.0,267.0,227.0
104154,1,5634,128.0,13.0,267.0,227.0
104154,1,5635,128.0,1.0,289.0,227.0
104154,1,5636,128.0,1.0,289.0,227.0
104154,1,5637,128.0,1.0,289.0,227.0
104154,1,5638,128.0,1.0,289.0,227.0
104154,1,5639,128.0,1.0,289.0,227.0
104154,1,5640,128.0,1.0,289.0,227.0
104154,1,5641,128.0,1.0,289.0,227.0
104154,1,5642,128.0,1.0,289.0,227.0
104154,1,5643,128.0,1.0,289.0,227.0
104154,1,5644,128.0,1.0,289.0,227.0
104154,1,5645,128.0,1.0,289.0,227.0
104154,1,5646,128.0,1.0,289.0,227.0
104154,1,5647,128.0,1.0,289.0,227.0
104154,1,5648,128.0,1.0,289.0,227.0
104154,1,5649,113.0,1.0,304.0,227.0
104154,1,5650,113.0,1.0,304.0,227.0
104154,1,5651,113.0,1.0,304.0,227.0
104154,1,5652,113.0,1.0,304.0,227.0
104154,1,5653,113.0,1.0,304.0,227.0
104154,1,5654,113.0,1.0,304.0,227.0
104154,1,5655,113.0,1.0,304.0,227.0
104154,1,5656,113.0,1.0,304.0,227.0
104154,1,5657,113.0,1.0,304.0,227.0
104154,1,5658,113.0,1.0,337.0,217.0
104154,1,5659,113.0,1.0,337.0,217.0
104154,1,5660,113.0,1.0,337.0,217.0
104154,1,5661,113.0,1.0,337.0,217.0
104154,1,5662,113.0,1.0,337.0,217.0
104154,1,5663,113.0,1.0,337.0,217.0
104154,1,5664,91.0,1.0,364.0,217.0
104154,1,5665,91.0,1.0,364.0,217.0
104154,1,5666,91.0,1.0,364.0,217.0
104154,1,5667,91.0,1.0,364.0,217.0
104154,1,5668,91.0,1.0,364.0,217.0
104154,1,5669,91.0,1.0,364.0,217.0
104154,1,5670,91.0,1.0,364.0,217.0
104154,1,5671,91.0,1.0,364.0,217.0
104154,1,5672,91.0,1.0,364.0,217.0
104154,1,5673,91.0,1.0,364.0,217.0
104154,1,5674,91.0,1.0,364.0,217.0
104154,1,5675,110.0,1.0,364.0,217.0
104154,1,5676,110.0,1.0,364.0,217.0
104154,1,5677,110.0,1.0,364.0,217.0
104154,1,5678,110.0,1.0,364.0,217.0
104154,1,5679,110.0,1.0,364.0,217.0
104154,1,5680,110.0,1.0,364.0,217.0
104154,1,5681,110.0,1.0,364.0,217.0
104154,1,5682,110.0,1.0,364.0,217.0
104154,1,5683,110.0,1.0,364.0,217.0
104154,1,5684,110.0,1.0,385.0,217.0
104154,1,5685,110.0,1.0,385.0,217.0
104154,1,5686,110.0,1.0,385.0,217.0
104154,1,5687,110.0,1.0,385.0,217.0
104154,1,5688,110.0,1.0,385.0,217.0
104154,1,5689,110.0,1.0,385.0,217.0
104154,1,5690,110.0,1.0,385.0,217.0
104154,1,5691,97.0,1.0,385.0,217.0
104154,1,5692,97.0,1.0,385.0,217.0
104154,1,5693,97.0,1.0,385.0,217.0
104154,1,5694,97.0,1.0,385.0,217.0
104154,1,5695,97.0,1.0,385.0,217.0
104154,1,5696,97.0,1.0,385.0,217.0
104154,1,5697,97.0,1.0,385.0,217.0
104154,1,5698,97.0,1.0,385.0,217.0
104154,1,5699,97.0,1.0,410.0,217.0
104154,1,5700,97.0,1.0,410.0,217.0
104154,1,5701,97.0,1.0,410.0,217.0
104154,1,5702,97.0,1.0,410.0,217.0
104154,1,5703,97.0,1.0,410.0,217.0
104154,1,5704,97.0,1.0,410.0,217.0
104154,1,5705,97.0,1.0,410.0,217.0
104154,1,5706,97.0,1.0,410.0,217.0
104154,1,5707,97.0,1.0,410.0,217.0
104154,1,5708,97.0,1.0,421.0,217.0
104154,1,5709,97.0,1.0,421.0,217.0
104154,1,5710,97.0,1.0,421.0,217.0
104154,1,5711,97.0,1.0,421.0,217.0
104154,1,5712,97.0,1.0,421.0,217.0
104154,1,5713,97.0,1.0,421.0,217.0
104154,1,5714,97.0,1.0,421.0,217.0
104154,1,5715,97.0,1.0,421.0,217.0
104154,1,5716,97.0,1.0,421.0,217.0
104154,1,5717,97.0,1.0,421.0,217.0
104154,1,5718,97.0,1.0,421.0,217.0
104154,1,5719,97.0,1.0,431.0,217.0
104154,1,5720,97.0,1.0,431.0,217.0
104154,1,5721,97.0,1.0,431.0,217.0
104154,1,5722,97.0,1.0,431.0,217.0
104154,1,5723,97.0,1.0,431.0,217.0
104154,1,5724,97.0,1.0,431.0,217.0
104154,1,5725,97.0,1.0,431.0,217.0
104154,1,5726,97.0,1.0,431.0,217.0
104154,1,5727,97.0,1.0,431.0,217.0
104154,1,5728,97.0,1.0,441.0,217.0
104154,1,5729,97.0,1.0,441.0,217.0
104154,1,5730,97.0,1.0,441.0,217.0
104154,1,5731,97.0,1.0,441.0,217.0
104154,1,5732,97.0,1.0,441.0,217.0
104154,1,5733,97.0,1.0,441.0,217.0
104154,1,5734,97.0,1.0,441.0,217.0
104154,1,5735,97.0,1.0,441.0,217.0
104154,1,5736,97.0,1.0,441.0,217.0
104154,1,5737,97.0,1.0,450.0,217.0
104154,1,5738,97.0,1.0,450.0,217.0
104154,1,5739,97.0,1.0,450.0,217.0
104154,1,5740,97.0,1.0,450.0,217.0
104154,1,5741,97.0,1.0,450.0,217.0
104154,1,5742,97.0,1.0,450.0,217.0
104154,1,5743,97.0,1.0,450.0,217.0
104154,1,5744,97.0,1.0,450.0,217.0
104154,1,5745,97.0,1.0,450.0,217.0
104154,1,5746,97.0,1.0,450.0,217.0
104154,1,5747,97.0,1.0,450.0,217.0
104154,1,5748,97.0,1.0,450.0,217.0
104154,1,5749,97.0,1.0,450.0,217.0
104154,1,5750,97.0,1.0,450.0,217.0
104154,1,5751,97.0,1.0,450.0,217.0
104154,1,5752,97.0,1.0,450.0,217.0
104154,1,5753,97.0,1.0,450.0,217.0
104154,1,5754,97.0,1.0,450.0,217.0
104154,1,5755,97.0,12.0,460.0,217.0
104154,1,5756,97.0,12.0,460.0,217.0
104154,1,5757,97.0,12.0,460.0,217.0
104154,1,5758,97.0,12.0,460.0,217.0
104154,1,5759,97.0,12.0,460.0,217.0
104154,1,5760,97.0,12.0,460.0,217.0
104154,1,5761,97.0,12.0,460.0,217.0
104154,1,5762,97.0,12.0,460.0,217.0
104154,1,5763,97.0,12.0,460.0,217.0
104154,1,5764,97.0,12.0,460.0,217.0
104154,1,5765,97.0,12.0,460.0,217.0
104154,1,5766,97.0,12.0,468.0,217.0
104154,1,5767,97.0,12.0,468.0,217.0
104154,1,5768,97.0,12.0,468.0,217.0
104154,1,5769,97.0,12.0,468.0,217.0
104154,1,5770,97.0,12.0,468.0,217.0
104154,1,5771,97.0,12.0,468.0,217.0
104154,1,5772,97.0,12.0,468.0,217.0
104154,1,5773,97.0,12.0,468.0,217.0
104154,1,5774,97.0,12.0,468.0,217.0
104154,1,5775,97.0,12.0,468.0,217.0
104154,1,5776,97.0,12.0,468.0,217.0
104154,1,5777,97.0,12.0,468.0,217.0
104154,1,5778,97.0,12.0,468.0,217.0
104154,1,5779,97.0,12.0,468.0,217.0
104154,1,5780,97.0,12.0,468.0,217.0
104154,1,5781,97.0,12.0,468.0,217.0
104154,1,5782,97.0,12.0,468.0,217.0
104154,1,5783,97.0,12.0,468.0,217.0
104154,1,5784,97.0,12.0,468.0,217.0
104154,1,5785,97.0,12.0,468.0,217.0
104154,1,5786,97.0,12.0,468.0,217.0
104154,1,5787,97.0,12.0,468.0,217.0
104154,1,5788,97.0,12.0,468.0,217.0
104154,1,5789,97.0,12.0,468.0,217.0
104154,1,5790,97.0,12.0,468.0,217.0
104154,1,5791,97.0,12.0,468.0,217.0
104154,1,5792,97.0,12.0,468.0,217.0
104154,1,5793,97.0,12.0,468.0,217.0
104154,1,5794,97.0,12.0,477.0,217.0
104154,1,5795,97.0,12.0,477.0,217.0
104154,1,5796,97.0,12.0,477.0,217.0
104154,1,5797,97.0,12.0,477.0,217.0
104154,1,5798,97.0,12.0,477.0,217.0
104154,1,5799,97.0,12.0,477.0,217.0
104154,1,5800,97.0,12.0,477.0,217.0
104154,1,5801,97.0,12.0,477.0,217.0
104154,1,5802,97.0,12.0,477.0,217.0
104154,1,5803,97.0,12.0,477.0,217.0
104154,1,5804,97.0,12.0,477.0,217.0
104154,1,5805,97.0,12.0,477.0,217.0
104154,1,5806,97.0,12.0,477.0,217.0
104154,1,5807,97.0,12.0,477.0,217.0
104154,1,5808,97.0,12.0,477.0,217.0
104154,1,5809,97.0,12.0,477.0,217.0
104154,1,5810,97.0,12.0,477.0,217.0
104154,1,5811,97.0,12.0,477.0,217.0
104154,1,5812,97.0,12.0,477.0,217.0
104154,1,5813,97.0,12.0,477.0,217.0
104154,1,5814,97.0,12.0,477.0,217.0
104154,1,5815,97.0,12.0,477.0,217.0
104154,1,5816,97.0,12.0,477.0,217.0
104154,1,5817,97.0,12.0,477.0,217.0
104154,1,5818,97.0,12.0,477.0,217.0
104154,1,5819,97.0,12.0,477.0,217.0
104154,1,5820,97.0,12.0,477.0,217.0
104154,1,5821,97.0,12.0,477.0,217.0
104154,1,5822,97.0,12.0,477.0,217.0
104154,1,5823,97.0,12.0,477.0,217.0
104154,1,5824,97.0,12.0,477.0,217.0
104154,1,5825,97.0,12.0,477.0,217.0
104154,1,5826,97.0,12.0,477.0,217.0
104154,1,5827,97.0,12.0,477.0,217.0
104154,1,5828,97.0,12.0,477.0,217.0
104154,1,5829,97.0,12.0,477.0,217.0
104154,1,5830,97.0,12.0,477.0,217.0
104154,1,5831,97.0,12.0,477.0,217.0
104154,1,5832,97.0,12.0,477.0,217.0
104154,1,5833,97.0,12.0,477.0,217.0
104154,1,5834,97.0,12.0,477.0,217.0
104154,1,5835,97.0,12.0,477.0,217.0
104154,1,5836,97.0,12.0,477.0,217.0
104154,1,5837,97.0,12.0,477.0,217.0
104154,1,5838,97.0,12.0,477.0,217.0
104154,1,5839,97.0,12.0,477.0,217.0
104154,1,5840,97.0,12.0,477.0,217.0
104154,1,5841,97.0,12.0,477.0,217.0
104154,1,5842,97.0,12.0,477.0,217.0
104154,1,5843,97.0,12.0,477.0,217.0
104154,1,5844,97.0,12.0,477.0,217.0
104154,1,5845,97.0,12.0,477.0,217.0
104154,1,5846,97.0,12.0,477.0,217.0
104154,1,5847,97.0,12.0,477.0,217.0
104154,1,5848,97.0,12.0,477.0,217.0
104154,1,5849,97.0,12.0,477.0,217.0
104154,1,5850,97.0,12.0,477.0,217.0
104154,1,5851,97.0,12.0,477.0,217.0
104154,1,5852,97.0,12.0,477.0,217.0
104154,1,5853,97.0,12.0,477.0,217.0
104154,1,5854,97.0,12.0,477.0,217.0
104154,1,5855,97.0,12.0,477.0,217.0
104154,1,5856,97.0,12.0,477.0,217.0
104154,1,5857,97.0,12.0,477.0,217.0
104154,1,5858,97.0,12.0,477.0,217.0
104154,1,5859,97.0,12.0,477.0,217.0
104154,1,5860,97.0,12.0,477.0,217.0
104154,1,5861,97.0,12.0,477.0,217.0
104154,1,5862,97.0,12.0,477.0,217.0
104154,1,5863,97.0,12.0,477.0,217.0
104154,1,5864,97.0,12.0,477.0,217.0
104154,1,5865,97.0,12.0,477.0,217.0
104154,1,5866,97.0,12.0,477.0,217.0
104154,1,5867,97.0,12.0,477.0,217.0
104154,1,5868,97.0,12.0,477.0,217.0
104154,1,5869,97.0,12.0,477.0,217.0
104154,1,5870,97.0,12.0,477.0,217.0
104154,1,5871,97.0,12.0,477.0,217.0
104154,1,5872,97.0,12.0,477.0,217.0
104154,1,5873,97.0,12.0,477.0,217.0
104154,1,5874,97.0,5.0,450.0,217.0
104154,1,5875,97.0,5.0,450.0,217.0
104154,1,5876,97.0,5.0,450.0,217.0
104154,1,5877,97.0,5.0,450.0,217.0
104154,1,5878,97.0,5.0,450.0,217.0
104154,1,5879,97.0,5.0,450.0,217.0
104154,1,5880,97.0,5.0,450.0,217.0
104154,1,5881,97.0,5.0,450.0,217.0
104154,1,5882,97.0,5.0,450.0,217.0
104154,1,5883,97.0,5.0,450.0,217.0
104154,1,5884,97.0,5.0,439.0,217.0
104154,1,5885,97.0,5.0,439.0,217.0
104154,1,5886,97.0,5.0,439.0,217.0
104154,1,5887,97.0,5.0,439.0,217.0
104154,1,5888,97.0,5.0,439.0,217.0
104154,1,5889,97.0,5.0,439.0,217.0
104154,1,5890,97.0,5.0,439.0,217.0
104154,1,5891,97.0,5.0,439.0,217.0
104154,1,5892,97.0,5.0,439.0,217.0
104154,1,5893,97.0,5.0,439.0,217.0
104154,1,5894,97.0,5.0,439.0,217.0
104154,1,5895,97.0,5.0,420.0,217.0
104154,1,5896,97.0,5.0,420.0,217.0
104154,1,5897,97.0,5.0,420.0,217.0
104154,1,5898,97.0,5.0,420.0,217.0
104154,1,5899,97.0,5.0,420.0,217.0
104154,1,5900,97.0,5.0,420.0,217.0
104154,1,5901,97.0,5.0,420.0,217.0
104154,1,5902,97.0,5.0,420.0,217.0
104154,1,5903,97.0,5.0,420.0,217.0
104154,1,5904,97.0,0,420.0,217.0
104154,1,5905,97.0,0,420.0,217.0
104154,1,5906,97.0,0,420.0,217.0
104154,1,5907,97.0,0,420.0,217.0
104154,1,5908,97.0,0,420.0,217.0
104154,1,5909,97.0,0,420.0,217.0
104154,1,5910,97.0,0,420.0,217.0
104154,1,5911,97.0,0,420.0,217.0
104154,1,5912,97.0,0,420.0,217.0
104154,1,5913,109.0,0,367.0,217.0
104154,1,5914,109.0,0,367.0,217.0
104154,1,5915,109.0,0,367.0,217.0
104154,1,5916,109.0,0,367.0,217.0
104154,1,5917,109.0,0,367.0,217.0
104154,1,5918,109.0,0,367.0,217.0
104154,1,5919,109.0,0,367.0,217.0
104154,1,5920,109.0,0,367.0,217.0
104154,1,5921,109.0,0,367.0,217.0
104154,1,5922,109.0,0,335.0,217.0
104154,1,5923,109.0,0,335.0,217.0
104154,1,5924,109.0,0,335.0,217.0
104154,1,5925,109.0,0,335.0,217.0
104154,1,5926,109.0,0,335.0,217.0
104154,1,5927,109.0,0,335.0,217.0
104154,1,5928,109.0,0,335.0,217.0
104154,1,5929,109.0,0,335.0,217.0
104154,1,5930,128.0,0,308.0,217.0
104154,1,5931,128.0,0,308.0,217.0
104154,1,5932,128.0,0,308.0,217.0
104154,1,5933,128.0,0,308.0,217.0
104154,1,5934,128.0,0,308.0,217.0
104154,1,5935,128.0,0,308.0,217.0
104154,1,5936,128.0,0,287.0,217.0
104154,1,5937,128.0,0,287.0,217.0
104154,1,5938,128.0,0,287.0,217.0
104154,1,5939,128.0,0,287.0,217.0
104154,1,5940,128.0,0,287.0,217.0
104154,1,5941,128.0,0,287.0,217.0
104154,1,5942,136.0,8.0,287.0,217.0
104154,1,5943,136.0,8.0,287.0,217.0
104154,1,5944,136.0,8.0,287.0,217.0
104154,1,5945,136.0,8.0,287.0,217.0
104154,1,5946,136.0,8.0,287.0,217.0
104154,1,5947,136.0,8.0,287.0,217.0
104154,1,5948,136.0,8.0,287.0,217.0
104154,1,5949,136.0,13.0,278.0,217.0
104154,1,5950,136.0,13.0,278.0,217.0
104154,1,5951,136.0,13.0,278.0,217.0
104154,1,5952,136.0,13.0,278.0,217.0
104154,1,5953,136.0,13.0,278.0,217.0
104154,1,5954,136.0,13.0,278.0,217.0
104154,1,5955,136.0,13.0,278.0,217.0
104154,1,5956,136.0,13.0,278.0,217.0
104154,1,5957,136.0,13.0,278.0,217.0
104154,1,5958,136.0,21.0,259.0,217.0
104154,1,5959,136.0,21.0,259.0,217.0
104154,1,5960,136.0,21.0,259.0,217.0
104154,1,5961,136.0,21.0,259.0,217.0
104154,1,5962,136.0,21.0,259.0,217.0
104154,1,5963,136.0,21.0,259.0,217.0
104154,1,5964,136.0,21.0,259.0,217.0
104154,1,5965,136.0,21.0,259.0,217.0
104154,1,5966,136.0,21.0,259.0,217.0
104154,1,5967,136.0,21.0,269.0,217.0
104154,1,5968,136.0,21.0,269.0,217.0
104154,1,5969,136.0,21.0,269.0,217.0
104154,1,5970,136.0,21.0,269.0,217.0
104154,1,5971,136.0,21.0,269.0,217.0
104154,1,5972,136.0,21.0,269.0,217.0
104154,1,5973,136.0,21.0,269.0,217.0
104154,1,5974,136.0,21.0,269.0,217.0
104154,1,5975,136.0,21.0,269.0,217.0
104154,1,5976,136.0,21.0,269.0,217.0
104154,1,5977,136.0,21.0,269.0,217.0
104154,1,5978,136.0,36.0,269.0,217.0
104154,1,5979,136.0,36.0,269.0,217.0
104154,1,5980,136.0,36.0,269.0,217.0
104154,1,5981,136.0,36.0,269.0,217.0
104154,1,5982,136.0,36.0,269.0,217.0
104154,1,5983,136.0,36.0,269.0,217.0
104154,1,5984,136.0,36.0,269.0,217.0
104154,1,5985,136.0,36.0,269.0,217.0
104154,1,5986,136.0,36.0,269.0,217.0
104154,1,5987,136.0,36.0,269.0,217.0
104154,1,5988,136.0,36.0,269.0,217.0
104154,1,5989,136.0,36.0,269.0,217.0
104154,1,5990,125.0,51.0,276.0,217.0
104154,1,5991,125.0,51.0,276.0,217.0
104154,1,5992,125.0,51.0,276.0,217.0
104154,1,5993,125.0,51.0,276.0,217.0
104154,1,5994,125.0,51.0,276.0,217.0
104154,1,5995,125.0,51.0,276.0,217.0
104154,1,5996,125.0,51.0,276.0,217.0
104154,1,5997,125.0,51.0,276.0,217.0
104154,1,5998,125.0,51.0,276.0,217.0
104154,1,5999,125.0,51.0,276.0,217.0
104154,1,6000,125.0,51.0,276.0,217.0
104154,1,6001,125.0,51.0,276.0,217.0
104154,1,6002,125.0,51.0,276.0,217.0
104154,1,6003,125.0,51.0,276.0,217.0
104154,1,6004,125.0,51.0,276.0,217.0
104154,1,6005,125.0,51.0,276.0,217.0
104154,1,6006,125.0,51.0,276.0,217.0
104154,1,6007,125.0,51.0,276.0,217.0
104154,1,6008,125.0,51.0,276.0,217.0
104154,1,6009,125.0,60.0,276.0,217.0
104154,1,6010,125.0,60.0,276.0,217.0
104154,1,6011,125.0,60.0,276.0,217.0
104154,1,6012,125.0,60.0,276.0,217.0
104154,1,6013,125.0,60.0,276.0,217.0
104154,1,6014,125.0,60.0,276.0,217.0
104154,1,6015,125.0,60.0,276.0,217.0
104154,1,6016,125.0,60.0,276.0,217.0
104154,1,6017,125.0,60.0,276.0,217.0
104154,1,6018,125.0,60.0,276.0,217.0
104154,1,6019,125.0,60.0,276.0,217.0
104154,1,6020,125.0,60.0,276.0,217.0
104154,1,6021,125.0,60.0,276.0,217.0
104154,1,6022,125.0,60.0,276.0,217.0
104154,1,6023,125.0,60.0,276.0,217.0
104154,1,6024,125.0,60.0,276.0,217.0
104154,1,6025,125.0,60.0,276.0,217.0
104154,1,6026,125.0,60.0,276.0,217.0
104154,1,6027,112.0,76.0,294.0,217.0
104154,1,6028,112.0,76.0,294.0,217.0
104154,1,6029,112.0,76.0,294.0,217.0
104154,1,6030,112.0,76.0,294.0,217.0
104154,1,6031,112.0,76.0,294.0,217.0
104154,1,6032,112.0,76.0,294.0,217.0
104154,1,6033,112.0,76.0,294.0,217.0
104154,1,6034,112.0,76.0,294.0,217.0
104154,1,6035,112.0,76.0,294.0,217.0
104154,1,6036,112.0,76.0,294.0,217.0
104154,1,6037,112.0,76.0,294.0,217.0
104154,1,6038,112.0,76.0,294.0,217.0
104154,1,6039,112.0,76.0,278.0,217.0
104154,1,6040,112.0,76.0,278.0,217.0
104154,1,6041,112.0,76.0,278.0,217.0
104154,1,6042,112.0,76.0,278.0,217.0
104154,1,6043,112.0,76.0,278.0,217.0
104154,1,6044,112.0,76.0,278.0,217.0
104154,1,6045,112.0,76.0,278.0,217.0
104154,1,6046,112.0,76.0,278.0,217.0
104154,1,6047,112.0,76.0,278.0,217.0
104154,1,6048,112.0,76.0,278.0,217.0
104154,1,6049,112.0,76.0,278.0,217.0
104154,1,6050,112.0,76.0,278.0,217.0
104154,1,6051,112.0,76.0,278.0,217.0
104154,1,6052,112.0,76.0,278.0,217.0
104154,1,6053,112.0,76.0,278.0,217.0
104154,1,6054,112.0,76.0,278.0,217.0
104154,1,6055,112.0,76.0,278.0,217.0
104154,1,6056,112.0,76.0,278.0,217.0
104154,1,6057,112.0,76.0,278.0,217.0
104154,1,6058,112.0,76.0,278.0,217.0
104154,1,6059,112.0,76.0,278.0,217.0
104154,1,6060,112.0,76.0,278.0,217.0
104154,1,6061,112.0,76.0,278.0,217.0
104154,1,6062,112.0,76.0,278.0,217.0
104154,1,6063,112.0,76.0,278.0,217.0
104154,1,6064,112.0,76.0,278.0,217.0
104154,1,6065,112.0,76.0,278.0,217.0
104154,1,6066,112.0,76.0,278.0,217.0
104154,1,6067,112.0,76.0,278.0,217.0
104154,1,6068,112.0,76.0,278.0,217.0
104154,1,6069,112.0,76.0,278.0,217.0
104154,1,6070,112.0,64.0,278.0,217.0
104154,1,6071,112.0,64.0,278.0,217.0
104154,1,6072,112.0,64.0,278.0,217.0
104154,1,6073,112.0,64.0,278.0,217.0
104154,1,6074,112.0,64.0,278.0,217.0
104154,1,6075,112.0,64.0,278.0,217.0
104154,1,6076,112.0,64.0,278.0,217.0
104154,1,6077,112.0,64.0,278.0,217.0
104154,1,6078,112.0,64.0,278.0,217.0
104154,1,6079,112.0,64.0,278.0,217.0
104154,1,6080,112.0,64.0,278.0,217.0
104154,1,6081,112.0,64.0,278.0,217.0
104154,1,6082,112.0,64.0,278.0,217.0
104154,1,6083,112.0,64.0,278.0,217.0
104154,1,6084,112.0,64.0,278.0,217.0
104154,1,6085,112.0,64.0,278.0,217.0
104154,1,6086,112.0,64.0,278.0,217.0
104154,1,6087,112.0,64.0,278.0,217.0
104154,1,6088,112.0,64.0,278.0,217.0
104154,1,6089,112.0,64.0,278.0,217.0
104154,1,6090,112.0,64.0,278.0,217.0
104154,1,6091,112.0,64.0,278.0,217.0
104154,1,6092,112.0,64.0,278.0,217.0
104154,1,6093,112.0,64.0,278.0,217.0
104154,1,6094,112.0,64.0,278.0,217.0
104154,1,6095,112.0,53.0,278.0,217.0
104154,1,6096,112.0,53.0,278.0,217.0
104154,1,6097,112.0,53.0,278.0,217.0
104154,1,6098,112.0,53.0,278.0,217.0
104154,1,6099,112.0,53.0,278.0,217.0
104154,1,6100,112.0,53.0,278.0,217.0
104154,1,6101,112.0,53.0,278.0,217.0
104154,1,6102,112.0,53.0,278.0,217.0
104154,1,6103,112.0,53.0,278.0,217.0
104154,1,6104,112.0,53.0,278.0,217.0
104154,1,6105,112.0,53.0,278.0,217.0
104154,1,6106,112.0,53.0,278.0,217.0
104154,1,6107,112.0,53.0,278.0,217.0
104154,1,6108,112.0,53.0,278.0,217.0
104154,1,6109,112.0,53.0,278.0,217.0
104154,1,6110,112.0,53.0,278.0,217.0
104154,1,6111,112.0,53.0,278.0,217.0
104154,1,6112,112.0,53.0,278.0,217.0
104154,1,6113,112.0,53.0,278.0,217.0
104154,1,6114,112.0,53.0,278.0,217.0
104154,1,6115,112.0,46.0,278.0,217.0
104154,1,6116,112.0,46.0,278.0,217.0
104154,1,6117,112.0,46.0,278.0,217.0
104154,1,6118,112.0,46.0,278.0,217.0
104154,1,6119,112.0,46.0,278.0,217.0
104154,1,6120,112.0,46.0,278.0,217.0
104154,1,6121,112.0,46.0,278.0,217.0
104154,1,6122,112.0,46.0,278.0,217.0
104154,1,6123,112.0,46.0,278.0,217.0
104154,1,6124,112.0,46.0,278.0,217.0
104154,1,6125,112.0,46.0,278.0,217.0
104154,1,6126,112.0,46.0,278.0,217.0
104154,1,6127,112.0,46.0,278.0,217.0
104154,1,6128,112.0,46.0,278.0,217.0
104154,1,6129,112.0,46.0,278.0,217.0
104154,1,6130,112.0,46.0,278.0,217.0
104154,1,6131,112.0,46.0,278.0,217.0
104154,1,6132,129.0,46.0,274.0,217.0
104154,1,6133,129.0,46.0,274.0,217.0
104154,1,6134,129.0,46.0,274.0,217.0
104154,1,6135,129.0,46.0,274.0,217.0
104154,1,6136,129.0,46.0,274.0,217.0
104154,1,6137,129.0,46.0,274.0,217.0
104154,1,6138,129.0,46.0,274.0,217.0
104154,1,6139,129.0,46.0,274.0,217.0
104154,1,6140,129.0,46.0,274.0,217.0
104154,1,6141,129.0,46.0,274.0,217.0
104154,1,6142,129.0,46.0,274.0,217.0
104154,1,6143,129.0,46.0,274.0,217.0
104154,1,6144,129.0,46.0,274.0,217.0
104154,1,6145,129.0,46.0,274.0,217.0
104154,1,6146,129.0,46.0,274.0,217.0
104154,1,6147,129.0,46.0,274.0,217.0
104154,1,6148,129.0,46.0,274.0,217.0
104154,1,6149,129.0,46.0,274.0,217.0
104154,1,6150,129.0,46.0,274.0,217.0
104154,1,6151,129.0,46.0,274.0,217.0
104154,1,6152,129.0,46.0,274.0,217.0
104154,1,6153,129.0,46.0,274.0,217.0
104154,1,6154,129.0,46.0,274.0,217.0
104154,1,6155,129.0,46.0,274.0,217.0
104154,1,6156,129.0,46.0,274.0,217.0
104154,1,6157,129.0,46.0,274.0,217.0
104154,1,6158,129.0,46.0,274.0,217.0
104154,1,6159,129.0,46.0,274.0,217.0
104154,1,6160,129.0,46.0,274.0,217.0
104154,1,6161,129.0,46.0,274.0,217.0
104154,1,6162,129.0,46.0,274.0,217.0
104154,1,6163,129.0,46.0,274.0,217.0
104154,1,6164,129.0,46.0,274.0,217.0
104154,1,6165,129.0,46.0,274.0,217.0
104154,1,6166,129.0,46.0,274.0,217.0
104154,1,6167,129.0,46.0,274.0,217.0
104154,1,6168,129.0,46.0,274.0,217.0
104154,1,6169,129.0,46.0,274.0,217.0
104154,1,6170,129.0,46.0,274.0,217.0
104154,1,6171,129.0,46.0,274.0,217.0
104154,1,6172,129.0,46.0,274.0,217.0
104154,1,6173,129.0,46.0,274.0,217.0
104154,1,6174,129.0,46.0,274.0,217.0
104154,1,6175,129.0,46.0,274.0,217.0
104154,1,6176,129.0,46.0,274.0,217.0
104154,1,6177,129.0,46.0,274.0,217.0
104154,1,6178,129.0,46.0,274.0,217.0
104154,1,6179,129.0,46.0,274.0,217.0
104154,1,6180,129.0,46.0,274.0,217.0
104154,1,6181,129.0,46.0,274.0,217.0
104154,1,6182,129.0,46.0,274.0,217.0
104154,1,6183,129.0,46.0,274.0,217.0
104154,1,6184,129.0,46.0,274.0,217.0
104154,1,6185,129.0,46.0,274.0,217.0
104154,1,6186,129.0,46.0,274.0,217.0
104154,1,6187,129.0,46.0,274.0,217.0
104154,1,6188,129.0,46.0,274.0,217.0
104154,1,6189,129.0,46.0,274.0,217.0
104154,1,6190,129.0,46.0,274.0,217.0
104154,1,6191,129.0,46.0,274.0,217.0
104154,1,6192,129.0,46.0,274.0,217.0
104154,1,6193,129.0,46.0,274.0,217.0
104154,1,6194,129.0,46.0,274.0,217.0
104154,1,6195,129.0,46.0,274.0,217.0
104154,1,6196,129.0,46.0,274.0,217.0
104154,1,6197,129.0,46.0,274.0,217.0
104154,1,6198,129.0,46.0,274.0,217.0
104154,1,6199,129.0,46.0,274.0,217.0
104154,1,6200,129.0,46.0,274.0,217.0
104154,1,6201,129.0,46.0,274.0,217.0
104154,1,6202,129.0,46.0,274.0,217.0
104154,1,6203,129.0,46.0,274.0,217.0
104154,1,6204,129.0,46.0,274.0,217.0
104154,1,6205,129.0,46.0,274.0,217.0
104154,1,6206,129.0,46.0,274.0,217.0
104154,1,6207,129.0,46.0,274.0,217.0
104154,1,6208,129.0,29.0,274.0,217.0
104154,1,6209,129.0,29.0,274.0,217.0
104154,1,6210,129.0,29.0,274.0,217.0
104154,1,6211,129.0,29.0,274.0,217.0
104154,1,6212,129.0,29.0,274.0,217.0
104154,1,6213,129.0,29.0,274.0,217.0
104154,1,6214,129.0,29.0,274.0,217.0
104154,1,6215,129.0,29.0,274.0,217.0
104154,1,6216,129.0,29.0,274.0,217.0
104154,1,6217,129.0,29.0,274.0,217.0
104154,1,6218,129.0,29.0,274.0,217.0
104154,1,6219,129.0,29.0,274.0,217.0
104154,1,6220,129.0,14.0,274.0,217.0
104154,1,6221,129.0,14.0,274.0,217.0
104154,1,6222,129.0,14.0,274.0,217.0
104154,1,6223,129.0,14.0,274.0,217.0
104154,1,6224,129.0,14.0,274.0,217.0
104154,1,6225,129.0,14.0,274.0,217.0
104154,1,6226,129.0,14.0,274.0,217.0
104154,1,6227,129.0,14.0,274.0,217.0
104154,1,6228,129.0,14.0,274.0,217.0
104154,1,6229,129.0,14.0,274.0,217.0
104154,1,6230,129.0,14.0,274.0,217.0
104154,1,6231,129.0,14.0,274.0,217.0
104154,1,6232,129.0,14.0,274.0,217.0
104154,1,6233,129.0,14.0,274.0,217.0
104154,1,6234,129.0,14.0,274.0,217.0
104154,1,6235,129.0,14.0,274.0,217.0
104154,1,6236,129.0,14.0,274.0,217.0
104154,1,6237,129.0,14.0,274.0,217.0
104154,1,6238,129.0,14.0,274.0,217.0
104154,1,6239,129.0,14.0,274.0,217.0
104154,1,6240,129.0,14.0,274.0,217.0
104154,1,6241,129.0,3.0,274.0,217.0
104154,1,6242,129.0,3.0,274.0,217.0
104154,1,6243,129.0,3.0,274.0,217.0
104154,1,6244,129.0,3.0,274.0,217.0
104154,1,6245,129.0,3.0,274.0,217.0
104154,1,6246,129.0,3.0,274.0,217.0
104154,1,6247,129.0,3.0,274.0,217.0
104154,1,6248,129.0,3.0,274.0,217.0
104154,1,6249,129.0,3.0,274.0,217.0
104154,1,6250,129.0,3.0,274.0,217.0
104154,1,6251,129.0,3.0,274.0,217.0
104154,1,6252,129.0,3.0,274.0,217.0
104154,1,6253,129.0,3.0,274.0,217.0
104154,1,6254,118.0,3.0,290.0,217.0
104154,1,6255,118.0,3.0,290.0,217.0
104154,1,6256,118.0,3.0,290.0,217.0
104154,1,6257,118.0,3.0,290.0,217.0
104154,1,6258,118.0,3.0,290.0,217.0
104154,1,6259,118.0,3.0,290.0,217.0
104154,1,6260,118.0,3.0,290.0,217.0
104154,1,6261,118.0,3.0,290.0,217.0
104154,1,6262,118.0,3.0,290.0,217.0
104154,1,6263,118.0,3.0,290.0,217.0
104154,1,6264,118.0,3.0,311.0,217.0
104154,1,6265,118.0,3.0,311.0,217.0
104154,1,6266,118.0,3.0,311.0,217.0
104154,1,6267,118.0,3.0,311.0,217.0
104154,1,6268,118.0,3.0,311.0,217.0
104154,1,6269,118.0,3.0,311.0,217.0
104154,1,6270,118.0,3.0,311.0,217.0
104154,1,6271,118.0,3.0,311.0,217.0
104154,1,6272,100.0,3.0,334.0,217.0
104154,1,6273,100.0,3.0,334.0,217.0
104154,1,6274,100.0,3.0,334.0,217.0
104154,1,6275,100.0,3.0,334.0,217.0
104154,1,6276,100.0,3.0,334.0,217.0
104154,1,6277,100.0,3.0,334.0,217.0
104154,1,6278,100.0,3.0,334.0,217.0
104154,1,6279,100.0,3.0,334.0,217.0
104154,1,6280,100.0,3.0,334.0,217.0
104154,1,6281,100.0,3.0,366.0,217.0
104154,1,6282,100.0,3.0,366.0,217.0
104154,1,6283,100.0,3.0,366.0,217.0
104154,1,6284,100.0,3.0,366.0,217.0
104154,1,6285,100.0,3.0,366.0,217.0
104154,1,6286,100.0,3.0,366.0,217.0
104154,1,6287,100.0,3.0,366.0,217.0
104154,1,6288,100.0,3.0,366.0,217.0
104154,1,6289,100.0,3.0,366.0,217.0
104154,1,6290,94.0,3.0,380.0,217.0
104154,1,6291,94.0,3.0,380.0,217.0
104154,1,6292,94.0,3.0,380.0,217.0
104154,1,6293,94.0,3.0,380.0,217.0
104154,1,6294,94.0,3.0,380.0,217.0
104154,1,6295,94.0,3.0,380.0,217.0
104154,1,6296,94.0,3.0,380.0,217.0
104154,1,6297,94.0,3.0,380.0,217.0
104154,1,6298,94.0,3.0,380.0,217.0
104154,1,6299,94.0,3.0,380.0,217.0
104154,1,6300,94.0,3.0,400.0,217.0
104154,1,6301,94.0,3.0,400.0,217.0
104154,1,6302,94.0,3.0,400.0,217.0
104154,1,6303,94.0,3.0,400.0,217.0
104154,1,6304,94.0,3.0,400.0,217.0
104154,1,6305,94.0,3.0,400.0,217.0
104154,1,6306,94.0,3.0,400.0,217.0
104154,1,6307,94.0,3.0,400.0,217.0
104154,1,6308,94.0,3.0,400.0,217.0
104154,1,6309,94.0,3.0,400.0,217.0
104154,1,6310,94.0,3.0,400.0,217.0
104154,1,6311,94.0,3.0,400.0,217.0
104154,1,6312,94.0,3.0,400.0,217.0
104154,1,6313,94.0,3.0,400.0,217.0
104154,1,6314,94.0,3.0,400.0,217.0
104154,1,6315,94.0,3.0,400.0,217.0
104154,1,6316,94.0,3.0,400.0,217.0
104154,1,6317,94.0,3.0,400.0,217.0
104154,1,6318,94.0,3.0,400.0,217.0
104154,1,6319,94.0,3.0,400.0,217.0
104154,1,6320,94.0,3.0,400.0,217.0
104154,1,6321,94.0,3.0,400.0,217.0
104154,1,6322,94.0,3.0,422.0,217.0
104154,1,6323,94.0,3.0,422.0,217.0
104154,1,6324,94.0,3.0,422.0,217.0
104154,1,6325,94.0,3.0,422.0,217.0
104154,1,6326,94.0,3.0,422.0,217.0
104154,1,6327,94.0,3.0,422.0,217.0
104154,1,6328,94.0,3.0,422.0,217.0
104154,1,6329,94.0,3.0,422.0,217.0
104154,1,6330,94.0,3.0,422.0,217.0
104154,1,6331,94.0,3.0,422.0,217.0
104154,1,6332,94.0,3.0,422.0,217.0
104154,1,6333,94.0,3.0,422.0,217.0
104154,1,6334,94.0,3.0,422.0,217.0
104154,1,6335,94.0,3.0,422.0,217.0
104154,1,6336,94.0,3.0,422.0,217.0
104154,1,6337,94.0,3.0,422.0,217.0
104154,1,6338,94.0,3.0,422.0,217.0
104154,1,6339,94.0,3.0,432.0,217.0
104154,1,6340,94.0,3.0,432.0,217.0
104154,1,6341,94.0,3.0,432.0,217.0
104154,1,6342,94.0,3.0,432.0,217.0
104154,1,6343,94.0,3.0,432.0,217.0
104154,1,6344,94.0,3.0,432.0,217.0
104154,1,6345,94.0,3.0,432.0,217.0
104154,1,6346,94.0,3.0,432.0,217.0
104154,1,6347,94.0,3.0,432.0,217.0
104154,1,6348,94.0,3.0,432.0,217.0
104154,1,6349,94.0,3.0,432.0,217.0
104154,1,6350,94.0,3.0,432.0,217.0
104154,1,6351,94.0,3.0,432.0,217.0
104154,1,6352,94.0,3.0,432.0,217.0
104154,1,6353,94.0,3.0,432.0,217.0
104154,1,6354,94.0,3.0,432.0,217.0
104154,1,6355,94.0,3.0,432.0,217.0
104154,1,6356,94.0,3.0,432.0,217.0
104154,1,6357,94.0,3.0,432.0,217.0
104154,1,6358,94.0,3.0,432.0,217.0
104154,1,6359,94.0,3.0,432.0,217.0
104154,1,6360,94.0,3.0,432.0,217.0
104154,1,6361,94.0,3.0,432.0,217.0
104154,1,6362,94.0,3.0,432.0,217.0
104154,1,6363,94.0,3.0,432.0,217.0
104154,1,6364,94.0,3.0,432.0,217.0
104154,1,6365,94.0,3.0,419.0,217.0
104154,1,6366,94.0,3.0,419.0,217.0
104154,1,6367,94.0,3.0,419.0,217.0
104154,1,6368,94.0,3.0,419.0,217.0
104154,1,6369,94.0,3.0,419.0,217.0
104154,1,6370,94.0,3.0,419.0,217.0
104154,1,6371,94.0,3.0,419.0,217.0
104154,1,6372,94.0,3.0,419.0,217.0
104154,1,6373,94.0,3.0,419.0,217.0
104154,1,6374,94.0,3.0,419.0,217.0
104154,1,6375,94.0,3.0,419.0,217.0
104154,1,6376,94.0,3.0,419.0,217.0
104154,1,6377,94.0,3.0,419.0,217.0
104154,1,6378,94.0,3.0,419.0,217.0
104154,1,6379,94.0,3.0,419.0,217.0
104154,1,6380,94.0,3.0,419.0,217.0
104154,1,6381,94.0,3.0,419.0,217.0
104154,1,6382,94.0,3.0,419.0,217.0
104154,1,6383,94.0,3.0,419.0,217.0
104154,1,6384,94.0,3.0,419.0,217.0
104154,1,6385,94.0,3.0,419.0,217.0
104154,1,6386,94.0,3.0,419.0,217.0
104154,1,6387,94.0,3.0,419.0,217.0
104154,1,6388,94.0,3.0,419.0,217.0
104154,1,6389,94.0,3.0,419.0,217.0
104154,1,6390,94.0,3.0,419.0,217.0
104154,1,6391,94.0,3.0,419.0,217.0
104154,1,6392,94.0,3.0,419.0,217.0
104154,1,6393,94.0,3.0,419.0,217.0
104154,1,6394,94.0,3.0,419.0,217.0
104154,1,6395,94.0,3.0,419.0,217.0
104154,1,6396,94.0,3.0,419.0,217.0
104154,1,6397,94.0,3.0,419.0,217.0
104154,1,6398,94.0,3.0,419.0,217.0
104154,1,6399,94.0,3.0,419.0,217.0
104154,1,6400,94.0,3.0,419.0,217.0
104154,1,6401,94.0,3.0,419.0,217.0
104154,1,6402,94.0,3.0,419.0,217.0
104154,1,6403,94.0,3.0,419.0,217.0
104154,1,6404,94.0,3.0,419.0,217.0
104154,1,6405,94.0,3.0,419.0,217.0
104154,1,6406,94.0,3.0,419.0,217.0
104154,1,6407,94.0,3.0,419.0,217.0
104154,1,6408,94.0,3.0,419.0,217.0
104154,1,6409,94.0,3.0,419.0,217.0
104154,1,6410,94.0,3.0,419.0,217.0
104154,1,6411,94.0,3.0,419.0,217.0
104154,1,6412,94.0,3.0,419.0,217.0
104154,1,6413,94.0,3.0,419.0,217.0
104154,1,6414,94.0,3.0,419.0,217.0
104154,1,6415,94.0,3.0,419.0,217.0
104154,1,6416,94.0,3.0,419.0,217.0
104154,1,6417,94.0,3.0,419.0,217.0
104154,1,6418,94.0,3.0,419.0,217.0
104154,1,6419,94.0,3.0,419.0,217.0
104154,1,6420,94.0,3.0,419.0,217.0
104154,1,6421,94.0,3.0,419.0,217.0
104154,1,6422,94.0,3.0,419.0,217.0
104154,1,6423,94.0,3.0,419.0,217.0
104154,1,6424,94.0,3.0,419.0,217.0
104154,1,6425,94.0,3.0,419.0,217.0
104154,1,6426,94.0,3.0,419.0,217.0
104154,1,6427,94.0,3.0,419.0,217.0
104154,1,6428,94.0,3.0,419.0,217.0
104154,1,6429,94.0,3.0,419.0,217.0
104154,1,6430,94.0,3.0,419.0,217.0
104154,1,6431,94.0,3.0,419.0,217.0
104154,1,6432,94.0,3.0,419.0,217.0
104154,1,6433,94.0,3.0,419.0,217.0
104154,1,6434,94.0,3.0,419.0,217.0
104154,1,6435,94.0,3.0,419.0,217.0
104154,1,6436,94.0,3.0,439.0,217.0
104154,1,6437,94.0,3.0,439.0,217.0
104154,1,6438,94.0,3.0,439.0,217.0
104154,1,6439,94.0,3.0,439.0,217.0
104154,1,6440,94.0,3.0,439.0,217.0
104154,1,6441,94.0,3.0,439.0,217.0
104154,1,6442,94.0,3.0,439.0,217.0
104154,1,6443,94.0,3.0,439.0,217.0
104154,1,6444,94.0,3.0,439.0,217.0
104154,1,6445,94.0,3.0,439.0,217.0
104154,1,6446,94.0,3.0,439.0,217.0
104154,1,6447,94.0,3.0,439.0,217.0
104154,1,6448,94.0,3.0,439.0,217.0
104154,1,6449,94.0,3.0,439.0,217.0
104154,1,6450,94.0,3.0,439.0,217.0
104154,1,6451,94.0,3.0,439.0,217.0
104154,1,6452,94.0,3.0,439.0,217.0
104154,1,6453,94.0,3.0,439.0,217.0
104154,1,6454,94.0,3.0,439.0,217.0
104154,1,6455,94.0,3.0,439.0,217.0
104154,1,6456,94.0,3.0,439.0,217.0
104154,1,6457,94.0,3.0,439.0,217.0
104154,1,6458,94.0,3.0,439.0,217.0
104154,1,6459,94.0,3.0,439.0,217.0
104154,1,6460,94.0,3.0,439.0,217.0
104154,1,6461,94.0,3.0,439.0,217.0
104154,1,6462,94.0,3.0,439.0,217.0
104154,1,6463,94.0,3.0,439.0,217.0
104154,1,6464,94.0,3.0,439.0,217.0
104154,1,6465,94.0,3.0,439.0,217.0
104154,1,6466,94.0,3.0,439.0,217.0
104154,1,6467,94.0,3.0,439.0,217.0
104154,1,6468,94.0,3.0,439.0,217.0
104154,1,6469,94.0,3.0,439.0,217.0
104154,1,6470,94.0,3.0,439.0,217.0
104154,1,6471,94.0,3.0,439.0,217.0
104154,1,6472,94.0,3.0,439.0,217.0
104154,1,6473,94.0,3.0,439.0,217.0
104154,1,6474,94.0,13.0,459.0,217.0
104154,1,6475,94.0,13.0,459.0,217.0
104154,1,6476,94.0,13.0,459.0,217.0
104154,1,6477,94.0,13.0,459.0,217.0
104154,1,6478,94.0,13.0,459.0,217.0
104154,1,6479,94.0,13.0,459.0,217.0
104154,1,6480,94.0,13.0,459.0,217.0
104154,1,6481,94.0,13.0,459.0,217.0
104154,1,6482,94.0,13.0,459.0,217.0
104154,1,6483,94.0,13.0,459.0,217.0
104154,1,6484,94.0,13.0,459.0,217.0
104154,1,6485,94.0,13.0,459.0,217.0
104154,1,6486,94.0,13.0,459.0,217.0
104154,1,6487,94.0,13.0,459.0,217.0
104154,1,6488,94.0,13.0,459.0,217.0
104154,1,6489,94.0,22.0,471.0,217.0
104154,1,6490,94.0,22.0,471.0,217.0
104154,1,6491,94.0,22.0,471.0,217.0
104154,1,6492,94.0,22.0,471.0,217.0
104154,1,6493,94.0,22.0,471.0,217.0
104154,1,6494,94.0,22.0,471.0,217.0
104154,1,6495,94.0,22.0,471.0,217.0
104154,1,6496,94.0,22.0,471.0,217.0
104154,1,6497,94.0,22.0,471.0,217.0
104154,1,6498,94.0,22.0,471.0,217.0
104154,1,6499,94.0,22.0,471.0,217.0
104154,1,6500,94.0,22.0,471.0,217.0
104154,1,6501,94.0,22.0,471.0,217.0
104154,1,6502,94.0,22.0,471.0,217.0
104154,1,6503,94.0,22.0,471.0,217.0
104154,1,6504,94.0,22.0,471.0,217.0
104154,1,6505,94.0,22.0,471.0,217.0
104154,1,6506,94.0,22.0,471.0,217.0
104154,1,6507,94.0,22.0,471.0,217.0
104154,1,6508,94.0,22.0,471.0,217.0
104154,1,6509,94.0,22.0,471.0,217.0
104154,1,6510,94.0,22.0,471.0,217.0
104154,1,6511,94.0,22.0,471.0,217.0
104154,1,6512,94.0,22.0,471.0,217.0
104154,1,6513,94.0,22.0,471.0,217.0
104154,1,6514,94.0,22.0,471.0,217.0
104154,1,6515,94.0,22.0,471.0,217.0
104154,1,6516,94.0,22.0,471.0,217.0
104154,1,6517,94.0,22.0,471.0,217.0
104154,1,6518,94.0,22.0,471.0,217.0
104154,1,6519,94.0,22.0,471.0,217.0
104154,1,6520,94.0,22.0,471.0,217.0
104154,1,6521,94.0,22.0,471.0,217.0
104154,1,6522,94.0,36.0,471.0,217.0
104154,1,6523,94.0,36.0,471.0,217.0
104154,1,6524,94.0,36.0,471.0,217.0
104154,1,6525,94.0,36.0,471.0,217.0
104154,1,6526,94.0,36.0,471.0,217.0
104154,1,6527,94.0,36.0,471.0,217.0
104154,1,6528,94.0,36.0,471.0,217.0
104154,1,6529,94.0,36.0,471.0,217.0
104154,1,6530,94.0,36.0,471.0,217.0
104154,1,6531,94.0,36.0,471.0,217.0
104154,1,6532,94.0,36.0,471.0,217.0
104154,1,6533,94.0,36.0,471.0,217.0
104154,1,6534,94.0,36.0,471.0,217.0
104154,1,6535,94.0,36.0,471.0,217.0
104154,1,6536,94.0,36.0,471.0,217.0
104154,1,6537,94.0,36.0,471.0,217.0
104154,1,6538,94.0,36.0,471.0,217.0
104154,1,6539,94.0,36.0,471.0,217.0
104154,1,6540,94.0,36.0,471.0,217.0
104154,1,6541,94.0,36.0,471.0,217.0
104154,1,6542,94.0,36.0,471.0,217.0
104154,1,6543,94.0,36.0,471.0,217.0
104154,1,6544,94.0,36.0,471.0,217.0
104154,1,6545,94.0,36.0,471.0,217.0
104154,1,6546,94.0,36.0,471.0,217.0
104154,1,6547,94.0,36.0,471.0,217.0
104154,1,6548,94.0,36.0,471.0,217.0
104154,1,6549,94.0,36.0,471.0,217.0
104154,1,6550,94.0,36.0,471.0,217.0
104154,1,6551,94.0,36.0,471.0,217.0
104154,1,6552,94.0,36.0,471.0,217.0
104154,1,6553,94.0,36.0,471.0,217.0
104154,1,6554,94.0,36.0,471.0,217.0
104154,1,6555,94.0,36.0,471.0,217.0
104154,1,6556,94.0,36.0,471.0,217.0
104154,1,6557,94.0,36.0,471.0,217.0
104154,1,6558,94.0,36.0,471.0,217.0
104154,1,6559,94.0,36.0,471.0,217.0
104154,1,6560,94.0,36.0,471.0,217.0
104154,1,6561,94.0,36.0,471.0,217.0
104154,1,6562,94.0,36.0,471.0,217.0
104154,1,6563,94.0,36.0,471.0,217.0
104154,1,6564,94.0,36.0,471.0,217.0
104154,1,6565,94.0,36.0,471.0,217.0
104154,1,6566,94.0,36.0,471.0,217.0
104154,1,6567,94.0,36.0,471.0,217.0
104154,1,6568,94.0,36.0,471.0,217.0
104154,1,6569,94.0,36.0,471.0,217.0
104154,1,6570,94.0,36.0,471.0,217.0
104154,1,6571,94.0,36.0,471.0,217.0
104154,1,6572,94.0,36.0,471.0,217.0
104154,1,6573,94.0,36.0,471.0,217.0
104154,1,6574,94.0,36.0,471.0,217.0
104154,1,6575,94.0,36.0,471.0,217.0
104154,1,6576,94.0,36.0,471.0,217.0
104154,1,6577,94.0,36.0,471.0,217.0
104154,1,6578,94.0,36.0,471.0,217.0
104154,1,6579,94.0,36.0,471.0,217.0
104154,1,6580,94.0,36.0,471.0,217.0
104154,1,6581,94.0,36.0,471.0,217.0
104154,1,6582,94.0,36.0,471.0,217.0
104154,1,6583,94.0,36.0,471.0,217.0
104154,1,6584,94.0,36.0,471.0,217.0
104154,1,6585,94.0,36.0,471.0,217.0
104154,1,6586,94.0,36.0,471.0,217.0
104154,1,6587,94.0,36.0,471.0,217.0
104154,1,6588,94.0,36.0,471.0,217.0
104154,1,6589,94.0,36.0,471.0,217.0
104154,1,6590,94.0,36.0,471.0,217.0
104154,1,6591,94.0,36.0,471.0,217.0
104154,1,6592,94.0,36.0,471.0,217.0
104154,1,6593,94.0,36.0,471.0,217.0
104154,1,6594,94.0,36.0,471.0,217.0
104154,1,6595,94.0,36.0,471.0,217.0
104154,1,6596,94.0,36.0,471.0,217.0
104154,1,6597,94.0,36.0,471.0,217.0
104154,1,6598,94.0,36.0,471.0,217.0
104154,1,6599,94.0,36.0,471.0,217.0
104154,1,6600,94.0,36.0,471.0,217.0
104154,1,6601,94.0,36.0,471.0,217.0
104154,1,6602,94.0,36.0,471.0,217.0
104154,1,6603,94.0,36.0,471.0,217.0
104154,1,6604,94.0,36.0,471.0,217.0
104154,1,6605,94.0,18.0,471.0,217.0
104154,1,6606,94.0,18.0,471.0,217.0
104154,1,6607,94.0,18.0,471.0,217.0
104154,1,6608,94.0,18.0,471.0,217.0
104154,1,6609,94.0,18.0,471.0,217.0
104154,1,6610,94.0,18.0,471.0,217.0
104154,1,6611,94.0,18.0,471.0,217.0
104154,1,6612,94.0,18.0,471.0,217.0
104154,1,6613,94.0,18.0,471.0,217.0
104154,1,6614,94.0,18.0,471.0,217.0
104154,1,6615,94.0,18.0,471.0,217.0
104154,1,6616,94.0,18.0,471.0,217.0
104154,1,6617,94.0,18.0,471.0,217.0
104154,1,6618,94.0,18.0,471.0,217.0
104154,1,6619,94.0,18.0,471.0,217.0
104154,1,6620,94.0,18.0,471.0,217.0
104154,1,6621,94.0,18.0,471.0,217.0
104154,1,6622,94.0,18.0,478.0,217.0
104154,1,6623,94.0,18.0,478.0,217.0
104154,1,6624,94.0,18.0,478.0,217.0
104154,1,6625,94.0,18.0,478.0,217.0
104154,1,6626,94.0,18.0,478.0,217.0
104154,1,6627,94.0,18.0,478.0,217.0
104154,1,6628,94.0,18.0,478.0,217.0
104154,1,6629,94.0,18.0,478.0,217.0
104154,1,6630,94.0,18.0,478.0,217.0
104154,1,6631,94.0,18.0,478.0,217.0
104154,1,6632,94.0,18.0,478.0,217.0
104154,1,6633,94.0,18.0,478.0,217.0
104154,1,6634,94.0,18.0,478.0,217.0
104154,1,6635,94.0,18.0,478.0,217.0
104154,1,6636,94.0,18.0,478.0,217.0
104154,1,6637,94.0,18.0,478.0,217.0
104154,1,6638,94.0,18.0,478.0,217.0
104154,1,6639,94.0,18.0,478.0,217.0
104154,1,6640,94.0,18.0,478.0,217.0
104154,1,6641,94.0,18.0,478.0,217.0
104154,1,6642,94.0,18.0,478.0,217.0
104154,1,6643,94.0,18.0,478.0,217.0
104154,1,6644,94.0,18.0,478.0,217.0
104154,1,6645,94.0,18.0,478.0,217.0
104154,1,6646,94.0,7.0,465.0,217.0
104154,1,6647,94.0,7.0,465.0,217.0
104154,1,6648,94.0,7.0,465.0,217.0
104154,1,6649,94.0,7.0,465.0,217.0
104154,1,6650,94.0,7.0,465.0,217.0
104154,1,6651,94.0,7.0,465.0,217.0
104154,1,6652,94.0,7.0,465.0,217.0
104154,1,6653,94.0,7.0,465.0,217.0
104154,1,6654,94.0,7.0,465.0,217.0
104154,1,6655,94.0,7.0,465.0,217.0
104154,1,6656,94.0,7.0,465.0,217.0
104154,1,6657,94.0,7.0,465.0,217.0
104154,1,6658,94.0,7.0,454.0,217.0
104154,1,6659,94.0,7.0,454.0,217.0
104154,1,6660,94.0,7.0,454.0,217.0
104154,1,6661,94.0,7.0,454.0,217.0
104154,1,6662,94.0,7.0,454.0,217.0
104154,1,6663,94.0,7.0,454.0,217.0
104154,1,6664,94.0,7.0,454.0,217.0
104154,1,6665,94.0,7.0,454.0,217.0
104154,1,6666,94.0,7.0,454.0,217.0
104154,1,6667,94.0,7.0,454.0,217.0
104154,1,6668,94.0,7.0,432.0,217.0
104154,1,6669,94.0,7.0,432.0,217.0
104154,1,6670,94.0,7.0,432.0,217.0
104154,1,6671,94.0,7.0,432.0,217.0
104154,1,6672,94.0,7.0,432.0,217.0
104154,1,6673,94.0,7.0,432.0,217.0
104154,1,6674,94.0,7.0,432.0,217.0
104154,1,6675,94.0,7.0,432.0,217.0
104154,1,6676,106.0,7.0,431.0,217.0
104154,1,6677,106.0,7.0,431.0,217.0
104154,1,6678,106.0,7.0,431.0,217.0
104154,1,6679,106.0,7.0,431.0,217.0
104154,1,6680,106.0,7.0,431.0,217.0
104154,1,6681,106.0,7.0,431.0,217.0
104154,1,6682,106.0,7.0,431.0,217.0
104154,1,6683,106.0,7.0,431.0,217.0
104154,1,6684,106.0,7.0,431.0,217.0
104154,1,6685,106.0,7.0,431.0,217.0
104154,1,6686,106.0,7.0,431.0,217.0
104154,1,6687,106.0,7.0,431.0,217.0
104154,1,6688,106.0,7.0,381.0,217.0
104154,1,6689,106.0,7.0,381.0,217.0
104154,1,6690,106.0,7.0,381.0,217.0
104154,1,6691,106.0,7.0,381.0,217.0
104154,1,6692,106.0,7.0,381.0,217.0
104154,1,6693,106.0,7.0,381.0,217.0
104154,1,6694,106.0,7.0,381.0,217.0
104154,1,6695,106.0,11.0,349.0,217.0
104154,1,6696,106.0,11.0,349.0,217.0
104154,1,6697,106.0,11.0,349.0,217.0
104154,1,6698,106.0,11.0,349.0,217.0
104154,1,6699,106.0,11.0,349.0,217.0
104154,1,6700,106.0,11.0,349.0,217.0
104154,1,6701,106.0,11.0,349.0,217.0
104154,1,6702,121.0,11.0,349.0,217.0
104154,1,6703,121.0,11.0,349.0,217.0
104154,1,6704,121.0,11.0,349.0,217.0
104154,1,6705,121.0,11.0,349.0,217.0
104154,1,6706,121.0,11.0,349.0,217.0
104154,1,6707,121.0,11.0,349.0,217.0
104154,1,6708,121.0,11.0,349.0,217.0
104154,1,6709,121.0,11.0,349.0,217.0
104154,1,6710,121.0,11.0,294.0,217.0
104154,1,6711,121.0,11.0,294.0,217.0
104154,1,6712,121.0,11.0,294.0,217.0
104154,1,6713,121.0,11.0,294.0,217.0
104154,1,6714,121.0,11.0,294.0,217.0
104154,1,6715,121.0,11.0,294.0,217.0
104154,1,6716,121.0,14.0,270.0,217.0
104154,1,6717,121.0,14.0,270.0,217.0
104154,1,6718,121.0,14.0,270.0,217.0
104154,1,6719,121.0,14.0,270.0,217.0
104154,1,6720,121.0,14.0,270.0,217.0
104154,1,6721,121.0,14.0,270.0,217.0
104154,1,6722,121.0,14.0,270.0,217.0
104154,1,6723,121.0,14.0,270.0,217.0
104154,1,6724,121.0,14.0,270.0,217.0
104154,1,6725,121.0,14.0,270.0,217.0
104154,1,6726,121.0,19.0,270.0,217.0
104154,1,6727,121.0,19.0,270.0,217.0
104154,1,6728,121.0,19.0,270.0,217.0
104154,1,6729,121.0,19.0,270.0,217.0
104154,1,6730,121.0,19.0,270.0,217.0
104154,1,6731,121.0,19.0,270.0,217.0
104154,1,6732,121.0,19.0,270.0,217.0
104154,1,6733,121.0,19.0,270.0,217.0
104154,1,6734,121.0,19.0,270.0,217.0
104154,1,6735,121.0,19.0,270.0,217.0
104154,1,6736,121.0,26.0,284.0,217.0
104154,1,6737,121.0,26.0,284.0,217.0
104154,1,6738,121.0,26.0,284.0,217.0
104154,1,6739,121.0,26.0,284.0,217.0
104154,1,6740,121.0,26.0,284.0,217.0
104154,1,6741,121.0,26.0,284.0,217.0
104154,1,6742,121.0,26.0,284.0,217.0
104154,1,6743,121.0,26.0,284.0,217.0
104154,1,6744,121.0,26.0,284.0,217.0
104154,1,6745,121.0,33.0,284.0,217.0
104154,1,6746,121.0,33.0,284.0,217.0
104154,1,6747,121.0,33.0,284.0,217.0
104154,1,6748,121.0,33.0,284.0,217.0
104154,1,6749,121.0,33.0,284.0,217.0
104154,1,6750,121.0,33.0,284.0,217.0
104154,1,6751,121.0,33.0,284.0,217.0
104154,1,6752,121.0,33.0,284.0,217.0
104154,1,6753,102.0,33.0,285.0,217.0
104154,1,6754,102.0,33.0,285.0,217.0
104154,1,6755,102.0,33.0,285.0,217.0
104154,1,6756,102.0,33.0,285.0,217.0
104154,1,6757,102.0,33.0,285.0,217.0
104154,1,6758,102.0,33.0,285.0,217.0
104154,1,6759,102.0,33.0,285.0,217.0
104154,1,6760,102.0,33.0,285.0,217.0
104154,1,6761,102.0,33.0,285.0,217.0
104154,1,6762,102.0,33.0,285.0,217.0
104154,1,6763,102.0,43.0,285.0,217.0
104154,1,6764,102.0,43.0,285.0,217.0
104154,1,6765,102.0,43.0,285.0,217.0
104154,1,6766,102.0,43.0,285.0,217.0
104154,1,6767,102.0,43.0,285.0,217.0
104154,1,6768,102.0,43.0,285.0,217.0
104154,1,6769,102.0,43.0,285.0,217.0
104154,1,6770,76.0,51.0,285.0,217.0
104154,1,6771,76.0,51.0,285.0,217.0
104154,1,6772,76.0,51.0,285.0,217.0
104154,1,6773,76.0,51.0,285.0,217.0
104154,1,6774,76.0,51.0,285.0,217.0
104154,1,6775,76.0,51.0,285.0,217.0
104154,1,6776,76.0,51.0,285.0,217.0
104154,1,6777,76.0,51.0,285.0,217.0
104154,1,6778,76.0,51.0,285.0,217.0
104154,1,6779,76.0,51.0,285.0,217.0
104154,1,6780,76.0,51.0,285.0,217.0
104154,1,6781,76.0,51.0,285.0,217.0
104154,1,6782,76.0,51.0,285.0,217.0
104154,1,6783,76.0,51.0,285.0,217.0
104154,1,6784,76.0,51.0,285.0,217.0
104154,1,6785,76.0,51.0,285.0,217.0
104154,1,6786,95.0,57.0,288.0,217.0
104154,1,6787,95.0,57.0,288.0,217.0
104154,1,6788,95.0,57.0,288.0,217.0
104154,1,6789,95.0,57.0,288.0,217.0
104154,1,6790,95.0,57.0,288.0,217.0
104154,1,6791,95.0,57.0,288.0,217.0
104154,1,6792,95.0,57.0,288.0,217.0
104154,1,6793,95.0,57.0,288.0,217.0
104154,1,6794,95.0,57.0,288.0,217.0
104154,1,6795,95.0,57.0,288.0,217.0
104154,1,6796,95.0,57.0,288.0,217.0
104154,1,6797,95.0,57.0,288.0,217.0
104154,1,6798,95.0,57.0,288.0,217.0
104154,1,6799,95.0,57.0,288.0,217.0
104154,1,6800,78.0,57.0,288.0,217.0
104154,1,6801,78.0,57.0,288.0,217.0
104154,1,6802,78.0,57.0,288.0,217.0
104154,1,6803,78.0,57.0,288.0,217.0
104154,1,6804,78.0,57.0,288.0,217.0
104154,1,6805,78.0,57.0,288.0,217.0
104154,1,6806,78.0,57.0,288.0,217.0
104154,1,6807,78.0,57.0,288.0,217.0
104154,1,6808,78.0,57.0,288.0,217.0
104154,1,6809,78.0,57.0,288.0,217.0
104154,1,6810,78.0,57.0,288.0,217.0
104154,1,6811,78.0,57.0,288.0,217.0
104154,1,6812,78.0,57.0,288.0,217.0
104154,1,6813,78.0,57.0,288.0,217.0
104154,1,6814,78.0,57.0,288.0,217.0
104154,1,6815,78.0,57.0,288.0,217.0
104154,1,6816,78.0,57.0,288.0,217.0
104154,1,6817,78.0,57.0,288.0,217.0
104154,1,6818,78.0,57.0,288.0,217.0
104154,1,6819,78.0,57.0,288.0,217.0
104154,1,6820,78.0,57.0,288.0,217.0
104154,1,6821,78.0,57.0,288.0,217.0
104154,1,6822,78.0,57.0,288.0,217.0
104154,1,6823,78.0,57.0,288.0,217.0
104154,1,6824,78.0,57.0,288.0,217.0
104154,1,6825,78.0,57.0,288.0,217.0
104154,1,6826,78.0,57.0,288.0,217.0
104154,1,6827,78.0,57.0,288.0,217.0
104154,1,6828,78.0,57.0,288.0,217.0
104154,1,6829,78.0,57.0,288.0,217.0
104154,1,6830,78.0,57.0,288.0,217.0
104154,1,6831,78.0,57.0,288.0,217.0
104154,1,6832,78.0,57.0,288.0,217.0
104154,1,6833,78.0,57.0,288.0,217.0
104154,1,6834,78.0,57.0,288.0,217.0
104154,1,6835,78.0,57.0,288.0,217.0
104154,1,6836,78.0,57.0,288.0,217.0
104154,1,6837,78.0,57.0,288.0,217.0
104154,1,6838,78.0,57.0,288.0,217.0
104154,1,6839,78.0,57.0,288.0,217.0
104154,1,6840,78.0,57.0,288.0,217.0
104154,1,6841,78.0,57.0,288.0,217.0
104154,1,6842,78.0,57.0,288.0,217.0
104154,1,6843,78.0,57.0,288.0,217.0
104154,1,6844,78.0,57.0,288.0,217.0
104154,1,6845,78.0,37.0,288.0,217.0
104154,1,6846,78.0,37.0,288.0,217.0
104154,1,6847,78.0,37.0,288.0,217.0
104154,1,6848,78.0,37.0,288.0,217.0
104154,1,6849,78.0,37.0,288.0,217.0
104154,1,6850,78.0,37.0,288.0,217.0
104154,1,6851,78.0,37.0,288.0,217.0
104154,1,6852,78.0,37.0,288.0,217.0
104154,1,6853,78.0,37.0,288.0,217.0
104154,1,6854,78.0,37.0,288.0,217.0
104154,1,6855,78.0,37.0,288.0,217.0
104154,1,6856,78.0,37.0,288.0,217.0
104154,1,6857,78.0,37.0,288.0,217.0
104154,1,6858,78.0,37.0,288.0,217.0
104154,1,6859,119.0,44.0,288.0,217.0
104154,1,6860,119.0,44.0,288.0,217.0
104154,1,6861,119.0,44.0,288.0,217.0
104154,1,6862,119.0,44.0,288.0,217.0
104154,1,6863,119.0,44.0,288.0,217.0
104154,1,6864,119.0,44.0,288.0,217.0
104154,1,6865,119.0,44.0,288.0,217.0
104154,1,6866,119.0,44.0,288.0,217.0
104154,1,6867,119.0,44.0,288.0,217.0
104154,1,6868,119.0,44.0,288.0,217.0
104154,1,6869,119.0,44.0,288.0,217.0
104154,1,6870,119.0,44.0,288.0,217.0
104154,1,6871,119.0,44.0,288.0,217.0
104154,1,6872,119.0,44.0,288.0,217.0
104154,1,6873,119.0,44.0,288.0,217.0
104154,1,6874,119.0,44.0,288.0,217.0
104154,1,6875,119.0,44.0,288.0,217.0
104154,1,6876,119.0,44.0,288.0,217.0
104154,1,6877,119.0,44.0,288.0,217.0
104154,1,6878,119.0,44.0,288.0,217.0
104154,1,6879,119.0,44.0,288.0,217.0
104154,1,6880,119.0,44.0,288.0,217.0
104154,1,6881,119.0,44.0,288.0,217.0
104154,1,6882,119.0,44.0,288.0,217.0
104154,1,6883,119.0,44.0,288.0,217.0
104154,1,6884,119.0,44.0,288.0,217.0
104154,1,6885,119.0,44.0,288.0,217.0
104154,1,6886,119.0,44.0,288.0,217.0
104154,1,6887,119.0,44.0,288.0,217.0
104154,1,6888,119.0,44.0,288.0,217.0
104154,1,6889,119.0,44.0,288.0,217.0
104154,1,6890,119.0,44.0,288.0,217.0
104154,1,6891,119.0,44.0,288.0,217.0
104154,1,6892,119.0,44.0,288.0,217.0
104154,1,6893,119.0,44.0,288.0,217.0
104154,1,6894,119.0,44.0,288.0,217.0
104154,1,6895,119.0,44.0,288.0,217.0
104154,1,6896,119.0,44.0,288.0,217.0
104154,1,6897,119.0,44.0,288.0,217.0
104154,1,6898,119.0,44.0,288.0,217.0
104154,1,6899,119.0,44.0,288.0,217.0
104154,1,6900,119.0,44.0,288.0,217.0
104154,1,6901,119.0,44.0,288.0,217.0
104154,1,6902,119.0,44.0,288.0,217.0
104154,1,6903,119.0,44.0,288.0,217.0
104154,1,6904,119.0,44.0,288.0,217.0
104154,1,6905,119.0,44.0,288.0,217.0
104154,1,6906,119.0,44.0,288.0,217.0
104154,1,6907,119.0,44.0,288.0,217.0
104154,1,6908,119.0,44.0,288.0,217.0
104154,1,6909,119.0,44.0,288.0,217.0
104154,1,6910,119.0,44.0,288.0,217.0
104154,1,6911,119.0,44.0,288.0,217.0
104154,1,6912,119.0,44.0,288.0,217.0
104154,1,6913,119.0,44.0,288.0,217.0
104154,1,6914,119.0,44.0,288.0,217.0
104154,1,6915,119.0,44.0,288.0,217.0
104154,1,6916,119.0,30.0,266.0,217.0
104154,1,6917,119.0,30.0,266.0,217.0
104154,1,6918,119.0,30.0,266.0,217.0
104154,1,6919,119.0,30.0,266.0,217.0
104154,1,6920,119.0,30.0,266.0,217.0
104154,1,6921,119.0,30.0,266.0,217.0
104154,1,6922,119.0,30.0,266.0,217.0
104154,1,6923,119.0,30.0,266.0,217.0
104154,1,6924,119.0,30.0,266.0,217.0
104154,1,6925,119.0,30.0,266.0,217.0
104154,1,6926,119.0,30.0,266.0,217.0
104154,1,6927,119.0,30.0,266.0,217.0
104154,1,6928,119.0,30.0,266.0,217.0
104154,1,6929,119.0,30.0,266.0,217.0
104154,1,6930,119.0,30.0,266.0,217.0
104154,1,6931,119.0,30.0,266.0,217.0
104154,1,6932,142.0,21.0,266.0,217.0
104154,1,6933,142.0,21.0,266.0,217.0
104154,1,6934,142.0,21.0,266.0,217.0
104154,1,6935,142.0,21.0,266.0,217.0
104154,1,6936,142.0,21.0,266.0,217.0
104154,1,6937,142.0,21.0,266.0,217.0
104154,1,6938,142.0,21.0,266.0,217.0
104154,1,6939,142.0,21.0,266.0,217.0
104154,1,6940,142.0,21.0,266.0,217.0
104154,1,6941,142.0,21.0,266.0,217.0
104154,1,6942,142.0,16.0,266.0,217.0
104154,1,6943,142.0,16.0,266.0,217.0
104154,1,6944,142.0,16.0,266.0,217.0
104154,1,6945,142.0,16.0,266.0,217.0
104154,1,6946,142.0,16.0,266.0,217.0
104154,1,6947,142.0,16.0,266.0,217.0
104154,1,6948,142.0,16.0,266.0,217.0
104154,1,6949,142.0,16.0,266.0,217.0
104154,1,6950,142.0,16.0,266.0,217.0
104154,1,6951,142.0,16.0,266.0,217.0
104154,1,6952,142.0,16.0,266.0,217.0
104154,1,6953,142.0,16.0,266.0,217.0
104154,1,6954,134.0,8.0,276.0,217.0
104154,1,6955,134.0,8.0,276.0,217.0
104154,1,6956,134.0,8.0,276.0,217.0
104154,1,6957,134.0,8.0,276.0,217.0
104154,1,6958,134.0,8.0,276.0,217.0
104154,1,6959,134.0,8.0,276.0,217.0
104154,1,6960,134.0,8.0,276.0,217.0
104154,1,6961,134.0,8.0,276.0,217.0
104154,1,6962,134.0,8.0,276.0,217.0
104154,1,6963,134.0,8.0,276.0,217.0
104154,1,6964,134.0,8.0,276.0,217.0
104154,1,6965,128.0,2.0,295.0,217.0
104154,1,6966,128.0,2.0,295.0,217.0
104154,1,6967,128.0,2.0,295.0,217.0
104154,1,6968,128.0,2.0,295.0,217.0
104154,1,6969,128.0,2.0,295.0,217.0
104154,1,6970,128.0,2.0,295.0,217.0
104154,1,6971,128.0,2.0,295.0,217.0
104154,1,6972,128.0,2.0,295.0,217.0
104154,1,6973,128.0,2.0,295.0,217.0
104154,1,6974,128.0,2.0,295.0,217.0
104154,1,6975,110.0,2.0,306.0,217.0
104154,1,6976,110.0,2.0,306.0,217.0
104154,1,6977,110.0,2.0,306.0,217.0
104154,1,6978,110.0,2.0,306.0,217.0
104154,1,6979,110.0,2.0,306.0,217.0
104154,1,6980,110.0,2.0,306.0,217.0
104154,1,6981,110.0,2.0,306.0,217.0
104154,1,6982,110.0,2.0,306.0,217.0
104154,1,6983,110.0,2.0,337.0,217.0
104154,1,6984,110.0,2.0,337.0,217.0
104154,1,6985,110.0,2.0,337.0,217.0
104154,1,6986,110.0,2.0,337.0,217.0
104154,1,6987,110.0,2.0,337.0,217.0
104154,1,6988,110.0,2.0,337.0,217.0
104154,1,6989,110.0,2.0,337.0,217.0
104154,1,6990,110.0,2.0,337.0,217.0
104154,1,6991,95.0,2.0,337.0,217.0
104154,1,6992,95.0,2.0,337.0,217.0
104154,1,6993,95.0,2.0,337.0,217.0
104154,1,6994,95.0,2.0,337.0,217.0
104154,1,6995,95.0,2.0,337.0,217.0
104154,1,6996,95.0,2.0,337.0,217.0
104154,1,6997,95.0,2.0,337.0,217.0
104154,1,6998,95.0,2.0,337.0,217.0
104154,1,6999,95.0,2.0,337.0,217.0
104154,1,7000,95.0,2.0,337.0,217.0
104154,1,7001,95.0,2.0,337.0,217.0
104154,1,7002,95.0,2.0,337.0,217.0
104154,1,7003,95.0,2.0,337.0,217.0
104154,1,7004,95.0,2.0,337.0,217.0
104154,1,7005,95.0,2.0,337.0,217.0
104154,1,7006,95.0,2.0,375.0,217.0
104154,1,7007,95.0,2.0,375.0,217.0
104154,1,7008,95.0,2.0,375.0,217.0
104154,1,7009,95.0,2.0,375.0,217.0
104154,1,7010,95.0,2.0,375.0,217.0
104154,1,7011,95.0,2.0,375.0,217.0
104154,1,7012,95.0,2.0,394.0,217.0
104154,1,7013,95.0,2.0,394.0,217.0
104154,1,7014,95.0,2.0,394.0,217.0
104154,1,7015,95.0,2.0,394.0,217.0
104154,1,7016,95.0,2.0,394.0,217.0
104154,1,7017,95.0,2.0,394.0,217.0
104154,1,7018,95.0,2.0,394.0,217.0
104154,1,7019,95.0,2.0,394.0,217.0
104154,1,7020,95.0,2.0,394.0,217.0
104154,1,7021,95.0,2.0,406.0,217.0
104154,1,7022,95.0,2.0,406.0,217.0
104154,1,7023,95.0,2.0,406.0,217.0
104154,1,7024,95.0,2.0,406.0,217.0
104154,1,7025,95.0,2.0,406.0,217.0
104154,1,7026,95.0,2.0,406.0,217.0
104154,1,7027,95.0,2.0,406.0,217.0
104154,1,7028,95.0,2.0,406.0,217.0
104154,1,7029,95.0,2.0,406.0,217.0
104154,1,7030,95.0,2.0,406.0,217.0
104154,1,7031,95.0,2.0,406.0,217.0
104154,1,7032,95.0,2.0,406.0,217.0
104154,1,7033,95.0,2.0,425.0,217.0
104154,1,7034,95.0,2.0,425.0,217.0
104154,1,7035,95.0,2.0,425.0,217.0
104154,1,7036,95.0,2.0,425.0,217.0
104154,1,7037,95.0,2.0,425.0,217.0
104154,1,7038,95.0,2.0,425.0,217.0
104154,1,7039,95.0,2.0,425.0,217.0
104154,1,7040,95.0,2.0,425.0,217.0
104154,1,7041,95.0,2.0,425.0,217.0
104154,1,7042,95.0,2.0,425.0,217.0
104154,1,7043,95.0,2.0,425.0,217.0
104154,1,7044,95.0,2.0,425.0,217.0
104154,1,7045,95.0,2.0,425.0,217.0
104154,1,7046,95.0,2.0,425.0,217.0
104154,1,7047,95.0,2.0,425.0,217.0
104154,1,7048,95.0,2.0,444.0,217.0
104154,1,7049,95.0,2.0,444.0,217.0
104154,1,7050,95.0,2.0,444.0,217.0
104154,1,7051,95.0,2.0,444.0,217.0
104154,1,7052,95.0,2.0,444.0,217.0
104154,1,7053,95.0,2.0,444.0,217.0
104154,1,7054,95.0,2.0,444.0,217.0
104154,1,7055,95.0,2.0,444.0,217.0
104154,1,7056,95.0,2.0,444.0,217.0
104154,1,7057,95.0,2.0,444.0,217.0
104154,1,7058,95.0,2.0,444.0,217.0
104154,1,7059,95.0,2.0,444.0,217.0
104154,1,7060,95.0,2.0,444.0,217.0
104154,1,7061,95.0,2.0,444.0,217.0
104154,1,7062,95.0,2.0,444.0,217.0
104154,1,7063,95.0,2.0,444.0,217.0
104154,1,7064,95.0,2.0,444.0,217.0
104154,1,7065,95.0,2.0,444.0,217.0
104154,1,7066,95.0,2.0,444.0,217.0
104154,1,7067,95.0,2.0,444.0,217.0
104154,1,7068,95.0,2.0,444.0,217.0
104154,1,7069,95.0,2.0,444.0,217.0
104154,1,7070,95.0,2.0,444.0,217.0
104154,1,7071,95.0,2.0,444.0,217.0
104154,1,7072,95.0,2.0,444.0,217.0
104154,1,7073,95.0,2.0,444.0,217.0
104154,1,7074,95.0,2.0,444.0,217.0
104154,1,7075,95.0,2.0,444.0,217.0
104154,1,7076,95.0,2.0,444.0,217.0
104154,1,7077,95.0,2.0,451.0,217.0
104154,1,7078,95.0,2.0,451.0,217.0
104154,1,7079,95.0,2.0,451.0,217.0
104154,1,7080,95.0,2.0,451.0,217.0
104154,1,7081,95.0,2.0,451.0,217.0
104154,1,7082,95.0,2.0,451.0,217.0
104154,1,7083,95.0,2.0,451.0,217.0
104154,1,7084,95.0,2.0,451.0,217.0
104154,1,7085,95.0,2.0,451.0,217.0
104154,1,7086,95.0,2.0,451.0,217.0
104154,1,7087,95.0,2.0,451.0,217.0
104154,1,7088,95.0,2.0,451.0,217.0
104154,1,7089,95.0,2.0,451.0,217.0
104154,1,7090,95.0,2.0,451.0,217.0
104154,1,7091,95.0,2.0,451.0,217.0
104154,1,7092,95.0,2.0,451.0,217.0
104154,1,7093,95.0,2.0,451.0,217.0
104154,1,7094,95.0,2.0,451.0,217.0
104154,1,7095,95.0,2.0,451.0,217.0
104154,1,7096,95.0,2.0,451.0,217.0
104154,1,7097,95.0,2.0,451.0,217.0
104154,1,7098,95.0,2.0,451.0,217.0
104154,1,7099,95.0,2.0,451.0,217.0
104154,1,7100,95.0,2.0,451.0,217.0
104154,1,7101,95.0,2.0,451.0,217.0
104154,1,7102,95.0,2.0,451.0,217.0
104154,1,7103,95.0,2.0,451.0,217.0
104154,1,7104,95.0,2.0,451.0,217.0
104154,1,7105,95.0,2.0,451.0,217.0
104154,1,7106,95.0,2.0,451.0,217.0
104154,1,7107,95.0,2.0,451.0,217.0
104154,1,7108,95.0,2.0,451.0,217.0
104154,1,7109,95.0,2.0,451.0,217.0
104154,1,7110,95.0,2.0,451.0,217.0
104154,1,7111,95.0,2.0,451.0,217.0
104154,1,7112,95.0,2.0,451.0,217.0
104154,1,7113,95.0,2.0,451.0,217.0
104154,1,7114,95.0,2.0,451.0,217.0
104154,1,7115,95.0,2.0,451.0,217.0
104154,1,7116,95.0,2.0,451.0,217.0
104154,1,7117,95.0,2.0,451.0,217.0
104154,1,7118,95.0,2.0,451.0,217.0
104154,1,7119,95.0,2.0,451.0,217.0
104154,1,7120,95.0,2.0,451.0,217.0
104154,1,7121,95.0,2.0,451.0,217.0
104154,1,7122,95.0,2.0,451.0,217.0
104154,1,7123,95.0,2.0,451.0,217.0
104154,1,7124,95.0,2.0,451.0,217.0
104154,1,7125,95.0,2.0,451.0,217.0
104154,1,7126,95.0,2.0,451.0,217.0
104154,1,7127,95.0,2.0,451.0,217.0
104154,1,7128,95.0,2.0,451.0,217.0
104154,1,7129,95.0,2.0,451.0,217.0
104154,1,7130,95.0,2.0,451.0,217.0
104154,1,7131,95.0,2.0,451.0,217.0
104154,1,7132,95.0,2.0,451.0,217.0
104154,1,7133,95.0,2.0,451.0,217.0
104154,1,7134,95.0,2.0,451.0,217.0
104154,1,7135,95.0,2.0,451.0,217.0
104154,1,7136,95.0,2.0,451.0,217.0
104154,1,7137,95.0,2.0,451.0,217.0
104154,1,7138,95.0,2.0,451.0,217.0
104154,1,7139,95.0,2.0,451.0,217.0
104154,1,7140,95.0,2.0,451.0,217.0
104154,1,7141,95.0,2.0,451.0,217.0
104154,1,7142,95.0,2.0,451.0,217.0
104154,1,7143,95.0,2.0,451.0,217.0
104154,1,7144,95.0,2.0,451.0,217.0
104154,1,7145,95.0,2.0,451.0,217.0
104154,1,7146,95.0,2.0,451.0,217.0
104154,1,7147,95.0,2.0,451.0,217.0
104154,1,7148,95.0,2.0,451.0,217.0
104154,1,7149,95.0,2.0,451.0,217.0
104154,1,7150,95.0,2.0,451.0,217.0
104154,1,7151,95.0,2.0,451.0,217.0
104154,1,7152,95.0,2.0,451.0,217.0
104154,1,7153,95.0,2.0,451.0,217.0
104154,1,7154,95.0,2.0,451.0,217.0
104154,1,7155,95.0,2.0,451.0,217.0
104154,1,7156,95.0,2.0,451.0,217.0
104154,1,7157,95.0,2.0,451.0,217.0
104154,1,7158,95.0,2.0,451.0,217.0
104154,1,7159,95.0,2.0,451.0,217.0
104154,1,7160,95.0,2.0,451.0,217.0
104154,1,7161,95.0,2.0,451.0,217.0
104154,1,7162,95.0,2.0,451.0,217.0
104154,1,7163,95.0,2.0,451.0,217.0
104154,1,7164,95.0,2.0,451.0,217.0
104154,1,7165,95.0,2.0,451.0,217.0
104154,1,7166,95.0,2.0,425.0,217.0
104154,1,7167,95.0,2.0,425.0,217.0
104154,1,7168,95.0,2.0,425.0,217.0
104154,1,7169,95.0,2.0,425.0,217.0
104154,1,7170,95.0,2.0,425.0,217.0
104154,1,7171,95.0,2.0,425.0,217.0
104154,1,7172,95.0,2.0,425.0,217.0
104154,1,7173,95.0,2.0,425.0,217.0
104154,1,7174,95.0,2.0,425.0,217.0
104154,1,7175,95.0,2.0,425.0,217.0
104154,1,7176,95.0,2.0,425.0,217.0
104154,1,7177,95.0,2.0,404.0,217.0
104154,1,7178,95.0,2.0,404.0,217.0
104154,1,7179,95.0,2.0,404.0,217.0
104154,1,7180,95.0,2.0,404.0,217.0
104154,1,7181,95.0,2.0,404.0,217.0
104154,1,7182,108.0,2.0,404.0,217.0
104154,1,7183,108.0,2.0,404.0,217.0
104154,1,7184,108.0,2.0,404.0,217.0
104154,1,7185,108.0,2.0,404.0,217.0
104154,1,7186,108.0,2.0,404.0,217.0
104154,1,7187,108.0,2.0,404.0,217.0
104154,1,7188,108.0,2.0,369.0,217.0
104154,1,7189,108.0,2.0,369.0,217.0
104154,1,7190,108.0,2.0,369.0,217.0
104154,1,7191,108.0,2.0,369.0,217.0
104154,1,7192,108.0,2.0,369.0,217.0
104154,1,7193,108.0,2.0,369.0,217.0
104154,1,7194,108.0,2.0,369.0,217.0
104154,1,7195,108.0,2.0,369.0,217.0
104154,1,7196,108.0,2.0,369.0,217.0
104154,1,7197,116.0,2.0,334.0,217.0
104154,1,7198,116.0,2.0,334.0,217.0
104154,1,7199,116.0,2.0,334.0,217.0
104154,1,7200,116.0,2.0,334.0,217.0
104154,1,7201,116.0,2.0,334.0,217.0
104154,1,7202,116.0,2.0,334.0,217.0
104154,1,7203,116.0,2.0,334.0,217.0
104154,1,7204,116.0,2.0,334.0,217.0
104154,1,7205,116.0,2.0,334.0,217.0
104154,1,7206,116.0,2.0,300.0,217.0
104154,1,7207,116.0,2.0,300.0,217.0
104154,1,7208,116.0,2.0,300.0,217.0
104154,1,7209,116.0,2.0,300.0,217.0
104154,1,7210,116.0,2.0,300.0,217.0
104154,1,7211,116.0,2.0,300.0,217.0
104154,1,7212,116.0,2.0,300.0,217.0
104154,1,7213,116.0,2.0,300.0,217.0
104154,1,7214,116.0,2.0,300.0,217.0
104154,1,7215,116.0,2.0,300.0,217.0
104154,1,7216,135.0,2.0,298.0,217.0
104154,1,7217,135.0,2.0,298.0,217.0
104154,1,7218,135.0,2.0,298.0,217.0
104154,1,7219,135.0,2.0,298.0,217.0
104154,1,7220,135.0,2.0,298.0,217.0
104154,1,7221,135.0,2.0,298.0,217.0
104154,1,7222,135.0,2.0,258.0,217.0
104154,1,7223,135.0,2.0,258.0,217.0
104154,1,7224,135.0,2.0,258.0,217.0
104154,1,7225,135.0,2.0,258.0,217.0
104154,1,7226,135.0,2.0,258.0,217.0
104154,1,7227,135.0,2.0,258.0,217.0
104154,1,7228,135.0,2.0,258.0,217.0
104154,1,7229,135.0,2.0,258.0,217.0
104154,1,7230,135.0,2.0,258.0,217.0
104154,1,7231,118.0,2.0,279.0,217.0
104154,1,7232,118.0,2.0,279.0,217.0
104154,1,7233,118.0,2.0,279.0,217.0
104154,1,7234,118.0,2.0,279.0,217.0
104154,1,7235,118.0,2.0,279.0,217.0
104154,1,7236,118.0,2.0,279.0,217.0
104154,1,7237,118.0,2.0,279.0,217.0
104154,1,7238,118.0,2.0,279.0,217.0
104154,1,7239,84.0,2.0,290.0,217.0
104154,1,7240,84.0,2.0,290.0,217.0
104154,1,7241,84.0,2.0,290.0,217.0
104154,1,7242,84.0,2.0,290.0,217.0
104154,1,7243,84.0,2.0,290.0,217.0
104154,1,7244,84.0,2.0,290.0,217.0
104154,1,7245,84.0,2.0,290.0,217.0
104154,1,7246,84.0,2.0,290.0,217.0
104154,1,7247,74.0,2.0,304.0,217.0
104154,1,7248,74.0,2.0,304.0,217.0
104154,1,7249,74.0,2.0,304.0,217.0
104154,1,7250,74.0,2.0,304.0,217.0
104154,1,7251,74.0,2.0,304.0,217.0
104154,1,7252,74.0,2.0,304.0,217.0
104154,1,7253,74.0,2.0,304.0,217.0
104154,1,7254,58.0,2.0,305.0,217.0
104154,1,7255,58.0,2.0,305.0,217.0
104154,1,7256,58.0,2.0,305.0,217.0
104154,1,7257,58.0,2.0,305.0,217.0
104154,1,7258,58.0,2.0,305.0,217.0
104154,1,7259,58.0,2.0,305.0,217.0
104154,1,7260,58.0,2.0,305.0,217.0
104154,1,7261,42.0,0,305.0,217.0
104154,1,7262,42.0,0,305.0,217.0
104154,1,7263,42.0,0,305.0,217.0
104154,1,7264,42.0,0,305.0,217.0
104154,1,7265,42.0,0,305.0,217.0
104154,1,7266,42.0,0,305.0,217.0
104154,1,7267,42.0,0,305.0,217.0
104154,1,7268,14.0,0,317.0,217.0
104154,1,7269,14.0,0,317.0,217.0
104154,1,7270,14.0,0,317.0,217.0
104154,1,7271,14.0,0,317.0,217.0
104154,1,7272,14.0,0,317.0,217.0
104154,1,7273,14.0,0,317.0,217.0
104154,1,7274,14.0,0,317.0,217.0
104154,1,7275,14.0,0,317.0,217.0
104154,1,7276,14.0,0,317.0,217.0
104154,1,7277,14.0,0,317.0,217.0
104154,1,7278,14.0,0,317.0,217.0
104154,1,7279,14.0,0,317.0,217.0
104154,1,7280,14.0,0,317.0,217.0
104154,1,7281,14.0,0,317.0,217.0
104154,1,7282,14.0,0,317.0,217.0
104154,1,7283,14.0,0,317.0,217.0
104154,1,7284,14.0,0,317.0,217.0
104154,1,7285,14.0,0,317.0,217.0
104154,1,7286,14.0,0,317.0,217.0
104154,1,7287,14.0,0,317.0,217.0
104154,1,7288,14.0,0,317.0,217.0
104154,1,7289,14.0,0,317.0,217.0
104154,1,7290,14.0,0,317.0,217.0
104154,1,7291,14.0,0,317.0,217.0
104154,1,7292,14.0,0,317.0,217.0
104154,1,7293,14.0,0,317.0,217.0
104154,1,7294,14.0,0,317.0,217.0
104154,1,7295,14.0,0,317.0,217.0
104154,1,7296,14.0,0,317.0,217.0
104154,1,7297,14.0,0,317.0,217.0
104154,1,7298,14.0,0,317.0,217.0
104154,1,7299,14.0,0,317.0,217.0
104154,1,7300,14.0,7.0,317.0,217.0
104154,1,7301,14.0,7.0,317.0,217.0
104154,1,7302,14.0,7.0,317.0,217.0
104154,1,7303,14.0,7.0,317.0,217.0
104154,1,7304,14.0,7.0,317.0,217.0
104154,1,7305,14.0,7.0,317.0,217.0
104154,1,7306,14.0,7.0,317.0,217.0
104154,1,7307,14.0,7.0,317.0,217.0
104154,1,7308,14.0,7.0,317.0,217.0
104154,1,7309,14.0,7.0,317.0,217.0
104154,1,7310,14.0,7.0,317.0,217.0
104154,1,7311,14.0,7.0,317.0,217.0
104154,1,7312,14.0,7.0,317.0,217.0
104154,1,7313,14.0,7.0,317.0,217.0
104154,1,7314,14.0,7.0,317.0,217.0
104154,1,7315,14.0,7.0,317.0,217.0
104154,1,7316,14.0,7.0,317.0,217.0
104154,1,7317,14.0,7.0,317.0,217.0
104154,1,7318,14.0,7.0,317.0,217.0
104154,1,7319,14.0,7.0,317.0,217.0
104154,1,7320,14.0,7.0,317.0,217.0
104154,1,7321,14.0,7.0,317.0,217.0
104154,1,7322,14.0,7.0,317.0,217.0
104154,1,7323,14.0,7.0,317.0,217.0
104154,1,7324,14.0,7.0,317.0,217.0
104154,1,7325,14.0,7.0,317.0,217.0
104154,1,7326,14.0,7.0,317.0,217.0
104154,1,7327,14.0,7.0,317.0,217.0
104154,1,7328,14.0,23.0,317.0,217.0
104154,1,7329,14.0,23.0,317.0,217.0
104154,1,7330,14.0,23.0,317.0,217.0
104154,1,7331,14.0,23.0,317.0,217.0
104154,1,7332,14.0,23.0,317.0,217.0
104154,1,7333,14.0,23.0,317.0,217.0
104154,1,7334,14.0,23.0,317.0,217.0
104154,1,7335,14.0,23.0,317.0,217.0
104154,1,7336,14.0,23.0,317.0,217.0
104154,1,7337,14.0,23.0,317.0,217.0
104154,1,7338,14.0,23.0,317.0,217.0
104154,1,7339,14.0,23.0,317.0,217.0
104154,1,7340,14.0,23.0,317.0,217.0
104154,1,7341,14.0,23.0,317.0,217.0
104154,1,7342,14.0,23.0,317.0,217.0
104154,1,7343,14.0,23.0,317.0,217.0
104154,1,7344,14.0,23.0,317.0,217.0
104154,1,7345,14.0,23.0,317.0,217.0
104154,1,7346,14.0,23.0,317.0,217.0
104154,1,7347,14.0,23.0,317.0,217.0
104154,1,7348,14.0,23.0,317.0,217.0
104154,1,7349,14.0,23.0,317.0,217.0
104154,1,7350,14.0,23.0,317.0,217.0
104154,1,7351,14.0,23.0,317.0,217.0
104154,1,7352,14.0,23.0,317.0,217.0
104154,1,7353,14.0,23.0,317.0,217.0
104154,1,7354,14.0,23.0,317.0,217.0
104154,1,7355,14.0,23.0,317.0,217.0
104154,1,7356,14.0,23.0,317.0,217.0
104154,1,7357,14.0,23.0,317.0,217.0
104154,1,7358,14.0,23.0,317.0,217.0
104154,1,7359,14.0,23.0,317.0,217.0
104154,1,7360,14.0,23.0,317.0,217.0
104154,1,7361,14.0,23.0,317.0,217.0
104154,1,7362,14.0,23.0,317.0,217.0
104154,1,7363,14.0,23.0,317.0,217.0
104154,1,7364,14.0,23.0,317.0,217.0
104154,1,7365,14.0,23.0,317.0,217.0
104154,1,7366,14.0,23.0,317.0,217.0
104154,1,7367,14.0,23.0,317.0,217.0
104154,1,7368,14.0,23.0,317.0,217.0
104154,1,7369,14.0,23.0,317.0,217.0
104154,1,7370,14.0,23.0,317.0,217.0
104154,1,7371,14.0,23.0,317.0,217.0
104154,1,7372,14.0,23.0,317.0,217.0
104154,1,7373,14.0,23.0,317.0,217.0
104154,1,7374,14.0,23.0,317.0,217.0
104154,1,7375,14.0,23.0,317.0,217.0
104154,1,7376,14.0,23.0,317.0,217.0
104154,1,7377,14.0,23.0,317.0,217.0
104154,1,7378,14.0,23.0,317.0,217.0
104154,1,7379,14.0,23.0,317.0,217.0
104154,1,7380,14.0,23.0,317.0,217.0
104154,1,7381,14.0,23.0,317.0,217.0
104154,1,7382,14.0,23.0,317.0,217.0
104154,1,7383,14.0,13.0,317.0,217.0
104154,1,7384,14.0,13.0,317.0,217.0
104154,1,7385,14.0,13.0,317.0,217.0
104154,1,7386,14.0,13.0,317.0,217.0
104154,1,7387,14.0,13.0,317.0,217.0
104154,1,7388,14.0,13.0,317.0,217.0
104154,1,7389,14.0,13.0,317.0,217.0
104154,1,7390,14.0,13.0,317.0,217.0
104154,1,7391,14.0,13.0,317.0,217.0
104154,1,7392,14.0,13.0,317.0,217.0
104154,1,7393,14.0,13.0,317.0,217.0
104154,1,7394,14.0,13.0,317.0,217.0
104154,1,7395,14.0,13.0,317.0,217.0
104154,1,7396,14.0,13.0,317.0,217.0
104154,1,7397,14.0,13.0,317.0,217.0
104154,1,7398,14.0,13.0,317.0,217.0
104154,1,7399,14.0,13.0,317.0,217.0
104154,1,7400,14.0,13.0,317.0,217.0
104154,1,7401,14.0,13.0,317.0,217.0
104154,1,7402,14.0,13.0,317.0,217.0
104154,1,7403,32.0,13.0,317.0,217.0
104154,1,7404,32.0,13.0,317.0,217.0
104154,1,7405,32.0,13.0,317.0,217.0
104154,1,7406,32.0,13.0,317.0,217.0
104154,1,7407,32.0,13.0,317.0,217.0
104154,1,7408,32.0,13.0,317.0,217.0
104154,1,7409,32.0,13.0,317.0,217.0
104154,1,7410,32.0,13.0,317.0,217.0
104154,1,7411,32.0,13.0,317.0,217.0
104154,1,7412,32.0,13.0,317.0,217.0
104154,1,7413,32.0,13.0,317.0,217.0
104154,1,7414,32.0,13.0,317.0,217.0
104154,1,7415,32.0,13.0,317.0,217.0
104154,1,7416,32.0,13.0,317.0,217.0
104154,1,7417,32.0,13.0,317.0,217.0
104154,1,7418,32.0,13.0,317.0,217.0
104154,1,7419,32.0,13.0,317.0,217.0
104154,1,7420,32.0,13.0,317.0,217.0
104154,1,7421,32.0,13.0,317.0,217.0
104154,1,7422,32.0,13.0,317.0,217.0
104154,1,7423,32.0,13.0,317.0,217.0
104154,1,7424,32.0,13.0,317.0,217.0
104154,1,7425,32.0,13.0,317.0,217.0
104154,1,7426,32.0,13.0,317.0,217.0
104154,1,7427,32.0,13.0,317.0,217.0
104154,1,7428,32.0,13.0,317.0,217.0
104154,1,7429,32.0,13.0,317.0,217.0
104154,1,7430,32.0,13.0,317.0,217.0
104154,1,7431,32.0,13.0,317.0,217.0
104154,1,7432,32.0,13.0,317.0,217.0
104154,1,7433,32.0,13.0,317.0,217.0
104154,1,7434,32.0,13.0,317.0,217.0
104154,1,7435,32.0,13.0,317.0,217.0
104154,1,7436,32.0,13.0,305.0,217.0
104154,1,7437,32.0,13.0,305.0,217.0
104154,1,7438,32.0,13.0,305.0,217.0
104154,1,7439,32.0,13.0,305.0,217.0
104154,1,7440,32.0,13.0,305.0,217.0
104154,1,7441,32.0,13.0,305.0,217.0
104154,1,7442,32.0,13.0,305.0,217.0
104154,1,7443,32.0,13.0,305.0,217.0
104154,1,7444,32.0,13.0,305.0,217.0
104154,1,7445,32.0,13.0,305.0,217.0
104154,1,7446,32.0,13.0,305.0,217.0
104154,1,7447,32.0,13.0,305.0,217.0
104154,1,7448,32.0,13.0,305.0,217.0
104154,1,7449,32.0,13.0,305.0,217.0
104154,1,7450,32.0,13.0,305.0,217.0
104154,1,7451,32.0,13.0,305.0,217.0
104154,1,7452,32.0,13.0,305.0,217.0
104154,1,7453,32.0,13.0,305.0,217.0
104154,1,7454,32.0,13.0,305.0,217.0
104154,1,7455,32.0,13.0,305.0,217.0
104154,1,7456,32.0,13.0,305.0,217.0
104154,1,7457,32.0,13.0,305.0,217.0
104154,1,7458,32.0,13.0,305.0,217.0
104154,1,7459,56.0,25.0,305.0,217.0
104154,1,7460,56.0,25.0,305.0,217.0
104154,1,7461,56.0,25.0,305.0,217.0
104154,1,7462,56.0,25.0,305.0,217.0
104154,1,7463,56.0,25.0,305.0,217.0
104154,1,7464,56.0,25.0,305.0,217.0
104154,1,7465,56.0,25.0,305.0,217.0
104154,1,7466,56.0,25.0,305.0,217.0
104154,1,7467,56.0,25.0,305.0,217.0
104154,1,7468,56.0,25.0,305.0,217.0
104154,1,7469,56.0,25.0,305.0,217.0
104154,1,7470,56.0,25.0,305.0,217.0
104154,1,7471,56.0,25.0,305.0,217.0
104154,1,7472,65.0,35.0,294.0,217.0
104154,1,7473,65.0,35.0,294.0,217.0
104154,1,7474,65.0,35.0,294.0,217.0
104154,1,7475,65.0,35.0,294.0,217.0
104154,1,7476,65.0,35.0,294.0,217.0
104154,1,7477,65.0,35.0,294.0,217.0
104154,1,7478,65.0,35.0,294.0,217.0
104154,1,7479,65.0,35.0,294.0,217.0
104154,1,7480,65.0,35.0,294.0,217.0
104154,1,7481,65.0,35.0,294.0,217.0
104154,1,7482,65.0,35.0,294.0,217.0
104154,1,7483,65.0,35.0,294.0,217.0
104154,1,7484,65.0,35.0,294.0,217.0
104154,1,7485,65.0,35.0,294.0,217.0
104154,1,7486,65.0,35.0,294.0,217.0
104154,1,7487,65.0,55.0,294.0,217.0
104154,1,7488,65.0,55.0,294.0,217.0
104154,1,7489,65.0,55.0,294.0,217.0
104154,1,7490,65.0,55.0,294.0,217.0
104154,1,7491,65.0,55.0,294.0,217.0
104154,1,7492,65.0,55.0,294.0,217.0
104154,1,7493,65.0,55.0,294.0,217.0
104154,1,7494,65.0,55.0,294.0,217.0
104154,1,7495,65.0,55.0,294.0,217.0
104154,1,7496,65.0,55.0,294.0,217.0
104154,1,7497,65.0,55.0,294.0,217.0
104154,1,7498,65.0,55.0,294.0,217.0
104154,1,7499,65.0,55.0,294.0,217.0
104154,1,7500,65.0,55.0,294.0,217.0
104154,1,7501,65.0,55.0,294.0,217.0
104154,1,7502,65.0,55.0,294.0,217.0
104154,1,7503,65.0,55.0,294.0,217.0
104154,1,7504,65.0,55.0,294.0,217.0
104154,1,7505,65.0,55.0,294.0,217.0
104154,1,7506,65.0,55.0,294.0,217.0
104154,1,7507,65.0,55.0,294.0,217.0
104154,1,7508,65.0,55.0,294.0,217.0
104154,1,7509,65.0,55.0,294.0,217.0
104154,1,7510,65.0,55.0,294.0,217.0
104154,1,7511,65.0,55.0,294.0,217.0
104154,1,7512,65.0,41.0,294.0,217.0
104154,1,7513,65.0,41.0,294.0,217.0
104154,1,7514,65.0,41.0,294.0,217.0
104154,1,7515,65.0,41.0,294.0,217.0
104154,1,7516,65.0,41.0,294.0,217.0
104154,1,7517,65.0,41.0,294.0,217.0
104154,1,7518,65.0,41.0,294.0,217.0
104154,1,7519,65.0,41.0,294.0,217.0
104154,1,7520,65.0,41.0,294.0,217.0
104154,1,7521,65.0,41.0,294.0,217.0
104154,1,7522,65.0,41.0,294.0,217.0
104154,1,7523,65.0,41.0,294.0,217.0
104154,1,7524,65.0,41.0,294.0,217.0
104154,1,7525,65.0,41.0,294.0,217.0
104154,1,7526,65.0,41.0,294.0,217.0
104154,1,7527,65.0,41.0,294.0,217.0
104154,1,7528,65.0,41.0,294.0,217.0
104154,1,7529,65.0,41.0,294.0,217.0
104154,1,7530,65.0,41.0,294.0,217.0
104154,1,7531,65.0,41.0,294.0,217.0
104154,1,7532,65.0,41.0,294.0,217.0
104154,1,7533,65.0,41.0,294.0,217.0
104154,1,7534,65.0,41.0,294.0,217.0
104154,1,7535,65.0,41.0,294.0,217.0
104154,1,7536,65.0,41.0,294.0,217.0
104154,1,7537,65.0,41.0,294.0,217.0
104154,1,7538,65.0,41.0,294.0,217.0
104154,1,7539,65.0,41.0,294.0,217.0
104154,1,7540,65.0,41.0,294.0,217.0
104154,1,7541,65.0,41.0,294.0,217.0
104154,1,7542,65.0,41.0,294.0,217.0
104154,1,7543,65.0,41.0,294.0,217.0
104154,1,7544,65.0,41.0,294.0,217.0
104154,1,7545,65.0,41.0,294.0,217.0
104154,1,7546,65.0,41.0,294.0,217.0
104154,1,7547,65.0,41.0,294.0,217.0
104154,1,7548,65.0,41.0,294.0,217.0
104154,1,7549,65.0,41.0,294.0,217.0
104154,1,7550,65.0,41.0,294.0,217.0
104154,1,7551,65.0,41.0,294.0,217.0
104154,1,7552,65.0,41.0,294.0,217.0
104154,1,7553,65.0,41.0,294.0,217.0
104154,1,7554,65.0,41.0,294.0,217.0
104154,1,7555,65.0,41.0,294.0,217.0
104154,1,7556,65.0,41.0,294.0,217.0
104154,1,7557,65.0,41.0,294.0,217.0
104154,1,7558,65.0,41.0,294.0,217.0
104154,1,7559,65.0,41.0,294.0,217.0
104154,1,7560,65.0,41.0,294.0,217.0
104154,1,7561,65.0,41.0,294.0,217.0
104154,1,7562,65.0,41.0,294.0,217.0
104154,1,7563,65.0,41.0,294.0,217.0
104154,1,7564,65.0,41.0,294.0,217.0
104154,1,7565,65.0,41.0,294.0,217.0
104154,1,7566,88.0,41.0,294.0,217.0
104154,1,7567,88.0,41.0,294.0,217.0
104154,1,7568,88.0,41.0,294.0,217.0
104154,1,7569,88.0,41.0,294.0,217.0
104154,1,7570,88.0,41.0,294.0,217.0
104154,1,7571,88.0,41.0,294.0,217.0
104154,1,7572,88.0,41.0,294.0,217.0
104154,1,7573,88.0,41.0,294.0,217.0
104154,1,7574,88.0,41.0,294.0,217.0
104154,1,7575,88.0,41.0,294.0,217.0
104154,1,7576,88.0,41.0,294.0,217.0
104154,1,7577,88.0,41.0,294.0,217.0
104154,1,7578,88.0,41.0,294.0,217.0
104154,1,7579,88.0,41.0,294.0,217.0
104154,1,7580,88.0,41.0,294.0,217.0
104154,1,7581,88.0,41.0,294.0,217.0
104154,1,7582,88.0,41.0,294.0,217.0
104154,1,7583,88.0,41.0,294.0,217.0
104154,1,7584,88.0,41.0,294.0,217.0
104154,1,7585,88.0,41.0,294.0,217.0
104154,1,7586,88.0,41.0,294.0,217.0
104154,1,7587,88.0,48.0,294.0,217.0
104154,1,7588,88.0,48.0,294.0,217.0
104154,1,7589,88.0,48.0,294.0,217.0
104154,1,7590,88.0,48.0,294.0,217.0
104154,1,7591,88.0,48.0,294.0,217.0
104154,1,7592,88.0,48.0,294.0,217.0
104154,1,7593,88.0,48.0,294.0,217.0
104154,1,7594,88.0,48.0,294.0,217.0
104154,1,7595,88.0,48.0,294.0,217.0
104154,1,7596,88.0,48.0,294.0,217.0
104154,1,7597,88.0,48.0,294.0,217.0
104154,1,7598,88.0,48.0,294.0,217.0
104154,1,7599,88.0,48.0,294.0,217.0
104154,1,7600,88.0,48.0,294.0,217.0
104154,1,7601,88.0,48.0,294.0,217.0
104154,1,7602,88.0,48.0,294.0,217.0
104154,1,7603,88.0,48.0,294.0,217.0
104154,1,7604,88.0,48.0,294.0,217.0
104154,1,7605,88.0,48.0,294.0,217.0
104154,1,7606,88.0,48.0,294.0,217.0
104154,1,7607,108.0,48.0,294.0,217.0
104154,1,7608,108.0,48.0,294.0,217.0
104154,1,7609,108.0,48.0,294.0,217.0
104154,1,7610,108.0,48.0,294.0,217.0
104154,1,7611,108.0,48.0,294.0,217.0
104154,1,7612,108.0,48.0,294.0,217.0
104154,1,7613,108.0,48.0,294.0,217.0
104154,1,7614,108.0,48.0,294.0,217.0
104154,1,7615,108.0,48.0,294.0,217.0
104154,1,7616,108.0,48.0,294.0,217.0
104154,1,7617,108.0,48.0,294.0,217.0
104154,1,7618,108.0,48.0,294.0,217.0
104154,1,7619,108.0,48.0,294.0,217.0
104154,1,7620,108.0,48.0,294.0,217.0
104154,1,7621,108.0,48.0,278.0,217.0
104154,1,7622,108.0,48.0,278.0,217.0
104154,1,7623,108.0,48.0,278.0,217.0
104154,1,7624,108.0,48.0,278.0,217.0
104154,1,7625,108.0,48.0,278.0,217.0
104154,1,7626,108.0,48.0,278.0,217.0
104154,1,7627,108.0,48.0,278.0,217.0
104154,1,7628,108.0,48.0,278.0,217.0
104154,1,7629,131.0,48.0,278.0,217.0
104154,1,7630,131.0,48.0,278.0,217.0
104154,1,7631,131.0,48.0,278.0,217.0
104154,1,7632,131.0,48.0,278.0,217.0
104154,1,7633,131.0,48.0,278.0,217.0
104154,1,7634,131.0,48.0,278.0,217.0
104154,1,7635,131.0,48.0,278.0,217.0
104154,1,7636,131.0,48.0,278.0,217.0
104154,1,7637,131.0,48.0,278.0,217.0
104154,1,7638,131.0,48.0,278.0,217.0
104154,1,7639,131.0,48.0,278.0,217.0
104154,1,7640,131.0,48.0,278.0,217.0
104154,1,7641,131.0,48.0,278.0,217.0
104154,1,7642,131.0,48.0,278.0,217.0
104154,1,7643,131.0,48.0,278.0,217.0
104154,1,7644,131.0,21.0,278.0,217.0
104154,1,7645,131.0,21.0,278.0,217.0
104154,1,7646,131.0,21.0,278.0,217.0
104154,1,7647,131.0,21.0,278.0,217.0
104154,1,7648,131.0,21.0,278.0,217.0
104154,1,7649,131.0,21.0,278.0,217.0
104154,1,7650,131.0,21.0,278.0,217.0
104154,1,7651,131.0,21.0,278.0,217.0
104154,1,7652,131.0,21.0,278.0,217.0
104154,1,7653,131.0,21.0,278.0,217.0
104154,1,7654,131.0,21.0,278.0,217.0
104154,1,7655,131.0,21.0,278.0,217.0
104154,1,7656,131.0,21.0,278.0,217.0
104154,1,7657,131.0,21.0,278.0,217.0
104154,1,7658,131.0,21.0,278.0,217.0
104154,1,7659,131.0,21.0,278.0,217.0
104154,1,7660,131.0,7.0,278.0,217.0
104154,1,7661,131.0,7.0,278.0,217.0
104154,1,7662,131.0,7.0,278.0,217.0
104154,1,7663,131.0,7.0,278.0,217.0
104154,1,7664,131.0,7.0,278.0,217.0
104154,1,7665,131.0,7.0,278.0,217.0
104154,1,7666,131.0,7.0,278.0,217.0
104154,1,7667,131.0,7.0,278.0,217.0
104154,1,7668,131.0,7.0,278.0,217.0
104154,1,7669,131.0,7.0,278.0,217.0
104154,1,7670,131.0,7.0,278.0,217.0
104154,1,7671,131.0,7.0,278.0,217.0
104154,1,7672,113.0,7.0,278.0,217.0
104154,1,7673,113.0,7.0,278.0,217.0
104154,1,7674,113.0,7.0,278.0,217.0
104154,1,7675,113.0,7.0,278.0,217.0
104154,1,7676,113.0,7.0,278.0,217.0
104154,1,7677,113.0,7.0,278.0,217.0
104154,1,7678,113.0,7.0,278.0,217.0
104154,1,7679,113.0,7.0,278.0,217.0
104154,1,7680,113.0,7.0,306.0,217.0
104154,1,7681,113.0,7.0,306.0,217.0
104154,1,7682,113.0,7.0,306.0,217.0
104154,1,7683,113.0,7.0,306.0,217.0
104154,1,7684,113.0,7.0,306.0,217.0
104154,1,7685,83.0,7.0,306.0,217.0
104154,1,7686,83.0,7.0,306.0,217.0
104154,1,7687,83.0,7.0,306.0,217.0
104154,1,7688,83.0,7.0,306.0,217.0
104154,1,7689,85.0,0,309.0,217.0
104154,1,7690,85.0,0,309.0,217.0
104154,1,7691,85.0,0,309.0,217.0
104154,1,7692,85.0,0,309.0,217.0
104154,1,7693,85.0,0,309.0,217.0
104154,1,7694,85.0,0,309.0,217.0
104154,1,7695,85.0,0,309.0,217.0
104154,1,7696,85.0,0,309.0,217.0
104154,1,7697,85.0,0,309.0,217.0
104154,1,7698,72.0,0,308.0,217.0
104154,1,7699,72.0,0,308.0,217.0
104154,1,7700,72.0,0,308.0,217.0
104154,1,7701,59.0,0,316.0,217.0
104154,1,7702,59.0,0,316.0,217.0
104154,1,7703,59.0,0,316.0,217.0
104154,1,7704,59.0,0,316.0,217.0
104154,1,7705,59.0,0,316.0,217.0
104154,1,7706,59.0,0,316.0,217.0
104154,1,7707,59.0,0,316.0,217.0
104154,1,7708,59.0,0,316.0,217.0
104154,1,7709,59.0,0,316.0,217.0
104154,1,7710,59.0,0,316.0,217.0
104154,1,7711,59.0,0,316.0,217.0
104154,1,7712,59.0,0,316.0,217.0
104154,1,7713,59.0,0,316.0,217.0
104154,1,7714,59.0,0,316.0,217.0
104154,1,7715,59.0,0,316.0,217.0
104154,1,7716,59.0,0,316.0,217.0
104154,1,7717,59.0,0,316.0,217.0
104154,1,7718,35.0,0,316.0,217.0
104154,1,7719,35.0,0,316.0,217.0
104154,1,7720,35.0,0,316.0,217.0
104154,1,7721,35.0,0,316.0,217.0
104154,1,7722,35.0,0,316.0,217.0
104154,1,7723,35.0,0,316.0,217.0
104154,1,7724,35.0,0,316.0,217.0
104154,1,7725,35.0,0,316.0,217.0
104154,1,7726,35.0,0,316.0,217.0
104154,1,7727,35.0,0,316.0,217.0
104154,1,7728,35.0,0,316.0,217.0
104154,1,7729,35.0,0,316.0,217.0
104154,1,7730,35.0,0,316.0,217.0
104154,1,7731,35.0,0,316.0,217.0
104154,1,7732,35.0,0,316.0,217.0
104154,1,7733,35.0,0,316.0,217.0
104154,1,7734,35.0,0,316.0,217.0
104154,1,7735,35.0,0,316.0,217.0
104154,1,7736,35.0,0,316.0,217.0
104154,1,7737,35.0,0,316.0,217.0
104154,1,7738,35.0,0,316.0,217.0
104154,1,7739,35.0,0,316.0,217.0
104154,1,7740,35.0,0,316.0,217.0
104154,1,7741,35.0,0,316.0,217.0
104154,1,7742,35.0,0,316.0,217.0
104154,1,7743,35.0,0,316.0,217.0
104154,1,7744,35.0,0,316.0,217.0
104154,1,7745,35.0,0,316.0,217.0
104154,1,7746,35.0,0,316.0,217.0
104154,1,7747,35.0,0,316.0,217.0
104154,1,7748,35.0,0,316.0,217.0
104154,1,7749,35.0,0,316.0,217.0
104154,1,7750,35.0,0,316.0,217.0
104154,1,7751,35.0,0,316.0,217.0
104154,1,7752,35.0,0,316.0,217.0
104154,1,7753,35.0,0,316.0,217.0
104154,1,7754,35.0,0,316.0,217.0
104154,1,7755,35.0,0,316.0,217.0
104154,1,7756,35.0,0,316.0,217.0
104154,1,7757,35.0,0,316.0,217.0
104154,1,7758,35.0,0,316.0,217.0
104154,1,7759,35.0,0,316.0,217.0
104154,1,7760,35.0,0,316.0,217.0
104154,1,7761,35.0,0,316.0,217.0
104154,1,7762,35.0,0,316.0,217.0
104154,1,7763,35.0,0,316.0,217.0
104154,1,7764,69.0,4.0,316.0,217.0
104154,1,7765,69.0,4.0,316.0,217.0
104154,1,7766,69.0,4.0,316.0,217.0
104154,1,7767,69.0,4.0,316.0,217.0
104154,1,7768,69.0,4.0,316.0,217.0
104154,1,7769,69.0,4.0,316.0,217.0
104154,1,7770,69.0,4.0,316.0,217.0
104154,1,7771,69.0,4.0,316.0,217.0
104154,1,7772,69.0,4.0,316.0,217.0
104154,1,7773,69.0,4.0,316.0,217.0
104154,1,7774,69.0,4.0,301.0,217.0
104154,1,7775,69.0,4.0,301.0,217.0
104154,1,7776,69.0,4.0,301.0,217.0
104154,1,7777,69.0,4.0,301.0,217.0
104154,1,7778,69.0,4.0,301.0,217.0
104154,1,7779,69.0,4.0,301.0,217.0
104154,1,7780,69.0,4.0,301.0,217.0
104154,1,7781,69.0,4.0,301.0,217.0
104154,1,7782,69.0,4.0,301.0,217.0
104154,1,7783,69.0,4.0,301.0,217.0
104154,1,7784,69.0,4.0,301.0,217.0
104154,1,7785,69.0,4.0,301.0,217.0
104154,1,7786,69.0,4.0,301.0,217.0
104154,1,7787,69.0,4.0,301.0,217.0
104154,1,7788,75.0,4.0,300.0,217.0
104154,1,7789,75.0,4.0,300.0,217.0
104154,1,7790,75.0,4.0,300.0,217.0
104154,1,7791,75.0,4.0,300.0,217.0
104154,1,7792,75.0,4.0,300.0,217.0
104154,1,7793,75.0,4.0,300.0,217.0
104154,1,7794,75.0,4.0,300.0,217.0
104154,1,7795,75.0,4.0,300.0,217.0
104154,1,7796,75.0,4.0,300.0,217.0
104154,1,7797,75.0,4.0,300.0,217.0
104154,1,7798,75.0,4.0,300.0,217.0
104154,1,7799,75.0,4.0,300.0,217.0
104154,1,7800,75.0,4.0,300.0,217.0
104154,1,7801,75.0,4.0,300.0,217.0
104154,1,7802,75.0,4.0,300.0,217.0
104154,1,7803,75.0,4.0,300.0,217.0
104154,1,7804,54.0,4.0,318.0,217.0
104154,1,7805,54.0,4.0,318.0,217.0
104154,1,7806,54.0,4.0,318.0,217.0
104154,1,7807,54.0,4.0,318.0,217.0
104154,1,7808,54.0,4.0,318.0,217.0
104154,1,7809,54.0,4.0,318.0,217.0
104154,1,7810,54.0,4.0,318.0,217.0
104154,1,7811,54.0,4.0,318.0,217.0
104154,1,7812,54.0,4.0,318.0,217.0
104154,1,7813,54.0,4.0,318.0,217.0
104154,1,7814,54.0,4.0,318.0,217.0
104154,1,7815,54.0,4.0,318.0,217.0
104154,1,7816,54.0,4.0,318.0,217.0
104154,1,7817,54.0,4.0,318.0,217.0
104154,1,7818,54.0,4.0,318.0,217.0
104154,1,7819,54.0,4.0,318.0,217.0
104154,1,7820,54.0,4.0,318.0,217.0
104154,1,7821,54.0,4.0,318.0,217.0
104154,1,7822,54.0,4.0,318.0,217.0
104154,1,7823,54.0,4.0,318.0,217.0
104154,1,7824,54.0,4.0,318.0,217.0
104154,1,7825,54.0,4.0,318.0,217.0
104154,1,7826,54.0,4.0,318.0,217.0
104154,1,7827,54.0,4.0,318.0,217.0
104154,1,7828,54.0,4.0,318.0,217.0
104154,1,7829,67.0,4.0,318.0,217.0
104154,1,7830,67.0,4.0,318.0,217.0
104154,1,7831,67.0,4.0,318.0,217.0
104154,1,7832,67.0,4.0,318.0,217.0
104154,1,7833,67.0,4.0,318.0,217.0
104154,1,7834,67.0,4.0,318.0,217.0
104154,1,7835,67.0,4.0,318.0,217.0
104154,1,7836,67.0,4.0,318.0,217.0
104154,1,7837,67.0,4.0,318.0,217.0
104154,1,7838,67.0,4.0,318.0,217.0
104154,1,7839,67.0,4.0,318.0,217.0
104154,1,7840,67.0,4.0,318.0,217.0
104154,1,7841,67.0,4.0,318.0,217.0
104154,1,7842,67.0,4.0,318.0,217.0
104154,1,7843,67.0,4.0,318.0,217.0
104154,1,7844,67.0,4.0,304.0,217.0
104154,1,7845,67.0,4.0,304.0,217.0
104154,1,7846,67.0,4.0,304.0,217.0
104154,1,7847,67.0,4.0,304.0,217.0
104154,1,7848,67.0,4.0,304.0,217.0
104154,1,7849,67.0,4.0,304.0,217.0
104154,1,7850,67.0,4.0,304.0,217.0
104154,1,7851,67.0,4.0,304.0,217.0
104154,1,7852,67.0,4.0,304.0,217.0
104154,1,7853,67.0,4.0,304.0,217.0
104154,1,7854,67.0,4.0,304.0,217.0
104154,1,7855,67.0,4.0,304.0,217.0
104154,1,7856,67.0,4.0,304.0,217.0
104154,1,7857,67.0,4.0,304.0,217.0
104154,1,7858,67.0,4.0,304.0,217.0
104154,1,7859,67.0,4.0,304.0,217.0
104154,1,7860,67.0,4.0,304.0,217.0
104154,1,7861,67.0,4.0,304.0,217.0
104154,1,7862,67.0,4.0,304.0,217.0
104154,1,7863,67.0,4.0,304.0,217.0
104154,1,7864,67.0,4.0,304.0,217.0
104154,1,7865,67.0,4.0,304.0,217.0
104154,1,7866,48.0,4.0,304.0,217.0
104154,1,7867,48.0,4.0,304.0,217.0
104154,1,7868,48.0,4.0,304.0,217.0
104154,1,7869,48.0,4.0,304.0,217.0
104154,1,7870,48.0,4.0,304.0,217.0
104154,1,7871,48.0,4.0,304.0,217.0
104154,1,7872,48.0,4.0,304.0,217.0
104154,1,7873,48.0,4.0,304.0,217.0
104154,1,7874,48.0,4.0,304.0,217.0
104154,1,7875,48.0,4.0,304.0,217.0
104154,1,7876,48.0,4.0,304.0,217.0
104154,1,7877,48.0,4.0,304.0,217.0
104154,1,7878,48.0,4.0,304.0,217.0
104154,1,7879,48.0,4.0,304.0,217.0
104154,1,7880,48.0,4.0,304.0,217.0
104154,1,7881,48.0,4.0,304.0,217.0
104154,1,7882,48.0,4.0,304.0,217.0
104154,1,7883,48.0,4.0,304.0,217.0
104154,1,7884,48.0,4.0,304.0,217.0
104154,1,7885,48.0,4.0,304.0,217.0
104154,1,7886,48.0,4.0,304.0,217.0
104154,1,7887,68.0,4.0,304.0,217.0
104154,1,7888,68.0,4.0,304.0,217.0
104154,1,7889,68.0,4.0,304.0,217.0
104154,1,7890,68.0,4.0,304.0,217.0
104154,1,7891,68.0,4.0,304.0,217.0
104154,1,7892,68.0,4.0,304.0,217.0
104154,1,7893,68.0,4.0,304.0,217.0
104154,1,7894,68.0,4.0,304.0,217.0
104154,1,7895,68.0,4.0,304.0,217.0
104154,1,7896,68.0,4.0,304.0,217.0
104154,1,7897,68.0,4.0,304.0,217.0
104154,1,7898,77.0,0,304.0,217.0
104154,1,7899,77.0,0,304.0,217.0
104154,1,7900,77.0,0,304.0,217.0
104154,1,7901,77.0,0,304.0,217.0
104154,1,7902,77.0,0,304.0,217.0
104154,1,7903,77.0,0,304.0,217.0
104154,1,7904,77.0,0,304.0,217.0
104154,1,7905,77.0,0,304.0,217.0
104154,1,7906,77.0,0,304.0,217.0
104154,1,7907,77.0,0,304.0,217.0
104154,1,7908,77.0,0,304.0,217.0
104154,1,7909,77.0,0,304.0,217.0
104154,1,7910,77.0,0,304.0,217.0
104154,1,7911,77.0,0,304.0,217.0
104154,1,7912,77.0,0,304.0,217.0
104154,1,7913,77.0,0,304.0,217.0
104154,1,7914,77.0,0,304.0,217.0
104154,1,7915,77.0,0,304.0,217.0
104154,1,7916,77.0,0,304.0,217.0
104154,1,7917,77.0,0,304.0,217.0
104154,1,7918,77.0,0,304.0,217.0
104154,1,7919,77.0,0,304.0,217.0
104154,1,7920,77.0,0,304.0,217.0
104154,1,7921,77.0,0,304.0,217.0
104154,1,7922,77.0,0,304.0,217.0
104154,1,7923,77.0,0,304.0,217.0
104154,1,7924,77.0,0,304.0,217.0
104154,1,7925,77.0,0,304.0,217.0
104154,1,7926,77.0,0,304.0,217.0
104154,1,7927,77.0,0,304.0,217.0
104154,1,7928,77.0,0,304.0,217.0
104154,1,7929,77.0,0,304.0,217.0
104154,1,7930,77.0,0,304.0,217.0
104154,1,7931,98.0,0,304.0,217.0
104154,1,7932,98.0,0,304.0,217.0
104154,1,7933,98.0,0,304.0,217.0
104154,1,7934,98.0,0,304.0,217.0
104154,1,7935,98.0,0,304.0,217.0
104154,1,7936,98.0,0,304.0,217.0
104154,1,7937,98.0,0,304.0,217.0
104154,1,7938,98.0,0,304.0,217.0
104154,1,7939,98.0,0,304.0,217.0
104154,1,7940,98.0,0,304.0,217.0
104154,1,7941,98.0,0,304.0,217.0
104154,1,7942,98.0,0,304.0,217.0
104154,1,7943,98.0,0,304.0,217.0
104154,1,7944,98.0,0,304.0,217.0
104154,1,7945,98.0,0,304.0,217.0
104154,1,7946,114.0,0,305.0,217.0
104154,1,7947,114.0,0,305.0,217.0
104154,1,7948,114.0,0,305.0,217.0
104154,1,7949,114.0,0,305.0,217.0
104154,1,7950,114.0,0,305.0,217.0
104154,1,7951,114.0,0,305.0,217.0
104154,1,7952,114.0,0,305.0,217.0
104154,1,7953,114.0,0,305.0,217.0
104154,1,7954,114.0,0,305.0,217.0
104154,1,7955,114.0,0,305.0,217.0
104154,1,7956,114.0,0,305.0,217.0
104154,1,7957,114.0,0,305.0,217.0
104154,1,7958,114.0,0,305.0,217.0
104154,1,7959,114.0,0,305.0,217.0
104154,1,7960,114.0,0,305.0,217.0
104154,1,7961,114.0,0,305.0,217.0
104154,1,7962,99.0,0,306.0,217.0
104154,1,7963,99.0,0,306.0,217.0
104154,1,7964,99.0,0,306.0,217.0
104154,1,7965,99.0,0,306.0,217.0
104154,1,7966,99.0,0,306.0,217.0
104154,1,7967,99.0,0,306.0,217.0
104154,1,7968,99.0,0,306.0,217.0
104154,1,7969,99.0,0,306.0,217.0
104154,1,7970,99.0,0,306.0,217.0
104154,1,7971,99.0,0,306.0,217.0
104154,1,7972,99.0,0,306.0,217.0
104154,1,7973,99.0,0,306.0,217.0
104154,1,7974,99.0,0,306.0,217.0
104154,1,7975,99.0,0,306.0,217.0
104154,1,7976,99.0,0,306.0,217.0
104154,1,7977,99.0,0,306.0,217.0
104154,1,7978,99.0,0,306.0,217.0
104154,1,7979,99.0,0,306.0,217.0
104154,1,7980,99.0,0,306.0,217.0
104154,1,7981,99.0,0,306.0,217.0
104154,1,7982,99.0,0,306.0,217.0
104154,1,7983,99.0,0,306.0,217.0
104154,1,7984,99.0,0,306.0,217.0
104154,1,7985,99.0,0,306.0,217.0
104154,1,7986,99.0,0,306.0,217.0
104154,1,7987,99.0,0,306.0,217.0
104154,1,7988,99.0,0,306.0,217.0
104154,1,7989,99.0,0,306.0,217.0
104154,1,7990,99.0,0,306.0,217.0
104154,1,7991,99.0,0,306.0,217.0
104154,1,7992,99.0,0,306.0,217.0
104154,1,7993,99.0,0,306.0,217.0
104154,1,7994,99.0,0,306.0,217.0
104154,1,7995,99.0,0,306.0,217.0
104154,1,7996,99.0,0,306.0,217.0
104154,1,7997,99.0,0,306.0,217.0
104154,1,7998,99.0,0,306.0,217.0
104154,1,7999,99.0,0,306.0,217.0
104154,1,8000,99.0,0,306.0,217.0
104154,1,8001,99.0,0,306.0,217.0
104154,1,8002,99.0,0,306.0,217.0
104154,1,8003,99.0,0,306.0,217.0
104154,1,8004,99.0,0,306.0,217.0
104154,1,8005,99.0,0,306.0,217.0
104154,1,8006,99.0,0,306.0,217.0
104154,1,8007,99.0,0,306.0,217.0
104154,1,8008,99.0,0,306.0,217.0
104154,1,8009,99.0,0,306.0,217.0
104154,1,8010,99.0,0,306.0,217.0
104154,1,8011,99.0,0,306.0,217.0
104154,1,8012,99.0,0,306.0,217.0
104154,1,8013,99.0,0,306.0,217.0
104154,1,8014,99.0,0,306.0,217.0
104154,1,8015,99.0,0,306.0,217.0
104154,1,8016,99.0,0,306.0,217.0
104154,1,8017,99.0,0,306.0,217.0
104154,1,8018,99.0,0,306.0,217.0
104154,1,8019,99.0,0,306.0,217.0
104154,1,8020,99.0,0,306.0,217.0
104154,1,8021,99.0,0,306.0,217.0
104154,1,8022,99.0,0,306.0,217.0
104154,1,8023,99.0,0,306.0,217.0
104154,1,8024,99.0,0,306.0,217.0
104154,1,8025,99.0,0,306.0,217.0
104154,1,8026,99.0,0,306.0,217.0
104154,1,8027,99.0,0,306.0,217.0
104154,1,8028,99.0,0,306.0,217.0
104154,1,8029,99.0,0,306.0,217.0
104154,1,8030,99.0,0,306.0,217.0
104154,1,8031,99.0,0,306.0,217.0
104154,1,8032,99.0,0,306.0,217.0
104154,1,8033,99.0,0,306.0,217.0
104154,1,8034,99.0,0,306.0,217.0
104154,1,8035,99.0,0,306.0,217.0
104154,1,8036,99.0,0,306.0,217.0
104154,1,8037,99.0,0,306.0,217.0
104154,1,8038,99.0,0,306.0,217.0
104154,1,8039,99.0,0,306.0,217.0
104154,1,8040,99.0,0,306.0,217.0
104154,1,8041,99.0,0,306.0,217.0
104154,1,8042,99.0,0,306.0,217.0
104154,1,8043,99.0,0,306.0,217.0
104154,1,8044,85.0,0,306.0,217.0
104154,1,8045,85.0,0,306.0,217.0
104154,1,8046,85.0,0,306.0,217.0
104154,1,8047,85.0,0,306.0,217.0
104154,1,8048,85.0,0,306.0,217.0
104154,1,8049,85.0,0,306.0,217.0
104154,1,8050,85.0,0,306.0,217.0
104154,1,8051,85.0,0,306.0,217.0
104154,1,8052,85.0,0,306.0,217.0
104154,1,8053,85.0,0,306.0,217.0
104154,1,8054,72.0,0,306.0,217.0
104154,1,8055,72.0,0,306.0,217.0
104154,1,8056,72.0,0,306.0,217.0
104154,1,8057,72.0,0,306.0,217.0
104154,1,8058,72.0,0,306.0,217.0
104154,1,8059,72.0,0,306.0,217.0
104154,1,8060,72.0,0,306.0,217.0
104154,1,8061,72.0,0,306.0,217.0
104154,1,8062,72.0,0,306.0,217.0
104154,1,8063,72.0,0,306.0,217.0
104154,1,8064,72.0,0,306.0,217.0
104154,1,8065,72.0,0,306.0,217.0
104154,1,8066,72.0,0,306.0,217.0
104154,1,8067,72.0,0,306.0,217.0
104154,1,8068,72.0,0,306.0,217.0
104154,1,8069,72.0,0,306.0,217.0
104154,1,8070,72.0,0,306.0,217.0
104154,1,8071,72.0,0,306.0,217.0
104154,1,8072,72.0,0,306.0,217.0
104154,1,8073,72.0,0,306.0,217.0
104154,1,8074,72.0,0,306.0,217.0
104154,1,8075,72.0,0,306.0,217.0
104154,1,8076,72.0,0,306.0,217.0
104154,1,8077,72.0,0,306.0,217.0
104154,1,8078,72.0,0,306.0,217.0
104154,1,8079,72.0,0,306.0,217.0
104154,1,8080,72.0,0,306.0,217.0
104154,1,8081,72.0,0,306.0,217.0
104154,1,8082,72.0,0,306.0,217.0
104154,1,8083,72.0,0,306.0,217.0
104154,1,8084,72.0,0,306.0,217.0
104154,1,8085,72.0,0,306.0,217.0
104154,1,8086,72.0,0,306.0,217.0
104154,1,8087,72.0,19.0,306.0,217.0
104154,1,8088,72.0,19.0,306.0,217.0
104154,1,8089,72.0,19.0,306.0,217.0
104154,1,8090,72.0,19.0,306.0,217.0
104154,1,8091,72.0,19.0,306.0,217.0
104154,1,8092,72.0,19.0,306.0,217.0
104154,1,8093,72.0,19.0,306.0,217.0
104154,1,8094,72.0,19.0,306.0,217.0
104154,1,8095,72.0,19.0,306.0,217.0
104154,1,8096,72.0,19.0,306.0,217.0
104154,1,8097,72.0,19.0,306.0,217.0
104154,1,8098,72.0,28.0,306.0,217.0
104154,1,8099,72.0,28.0,306.0,217.0
104154,1,8100,72.0,28.0,306.0,217.0
104154,1,8101,72.0,28.0,306.0,217.0
104154,1,8102,72.0,28.0,306.0,217.0
104154,1,8103,72.0,28.0,306.0,217.0
104154,1,8104,72.0,28.0,306.0,217.0
104154,1,8105,72.0,28.0,306.0,217.0
104154,1,8106,72.0,28.0,306.0,217.0
104154,1,8107,72.0,28.0,306.0,217.0
104154,1,8108,72.0,28.0,306.0,217.0
104154,1,8109,72.0,28.0,306.0,217.0
104154,1,8110,72.0,35.0,306.0,217.0
104154,1,8111,72.0,35.0,306.0,217.0
104154,1,8112,72.0,35.0,306.0,217.0
104154,1,8113,72.0,35.0,306.0,217.0
104154,1,8114,72.0,35.0,306.0,217.0
104154,1,8115,72.0,35.0,306.0,217.0
104154,1,8116,72.0,35.0,306.0,217.0
104154,1,8117,72.0,34.0,287.0,217.0
104154,1,8118,72.0,34.0,287.0,217.0
104154,1,8119,72.0,34.0,287.0,217.0
104154,1,8120,72.0,34.0,287.0,217.0
104154,1,8121,72.0,34.0,287.0,217.0
104154,1,8122,72.0,34.0,287.0,217.0
104154,1,8123,72.0,34.0,287.0,217.0
104154,1,8124,72.0,34.0,287.0,217.0
104154,1,8125,72.0,34.0,287.0,217.0
104154,1,8126,72.0,34.0,287.0,217.0
104154,1,8127,72.0,34.0,287.0,217.0
104154,1,8128,72.0,34.0,287.0,217.0
104154,1,8129,72.0,34.0,287.0,217.0
104154,1,8130,72.0,34.0,287.0,217.0
104154,1,8131,72.0,34.0,287.0,217.0
104154,1,8132,72.0,34.0,287.0,217.0
104154,1,8133,72.0,34.0,287.0,217.0
104154,1,8134,72.0,34.0,287.0,217.0
104154,1,8135,72.0,34.0,287.0,217.0
104154,1,8136,72.0,34.0,287.0,217.0
104154,1,8137,72.0,34.0,287.0,217.0
104154,1,8138,72.0,34.0,287.0,217.0
104154,1,8139,72.0,34.0,287.0,217.0
104154,1,8140,72.0,34.0,287.0,217.0
104154,1,8141,72.0,34.0,287.0,217.0
104154,1,8142,72.0,34.0,287.0,217.0
104154,1,8143,72.0,34.0,287.0,217.0
104154,1,8144,72.0,34.0,287.0,217.0
104154,1,8145,72.0,34.0,287.0,217.0
104154,1,8146,72.0,34.0,287.0,217.0
104154,1,8147,72.0,34.0,287.0,217.0
104154,1,8148,72.0,34.0,287.0,217.0
104154,1,8149,72.0,34.0,287.0,217.0
104154,1,8150,72.0,34.0,287.0,217.0
104154,1,8151,72.0,34.0,287.0,217.0
104154,1,8152,72.0,34.0,287.0,217.0
104154,1,8153,72.0,34.0,287.0,217.0
104154,1,8154,72.0,34.0,287.0,217.0
104154,1,8155,72.0,34.0,287.0,217.0
104154,1,8156,72.0,34.0,287.0,217.0
104154,1,8157,72.0,34.0,287.0,217.0
104154,1,8158,72.0,34.0,287.0,217.0
104154,1,8159,72.0,34.0,287.0,217.0
104154,1,8160,72.0,34.0,287.0,217.0
104154,1,8161,72.0,34.0,287.0,217.0
104154,1,8162,72.0,34.0,287.0,217.0
104154,1,8163,72.0,34.0,287.0,217.0
104154,1,8164,72.0,34.0,287.0,217.0
104154,1,8165,72.0,34.0,287.0,217.0
104154,1,8166,72.0,34.0,287.0,217.0
104154,1,8167,72.0,34.0,287.0,217.0
104154,1,8168,72.0,34.0,287.0,217.0
104154,1,8169,72.0,34.0,287.0,217.0
104154,1,8170,72.0,34.0,287.0,217.0
104154,1,8171,72.0,34.0,287.0,217.0
104154,1,8172,72.0,34.0,287.0,217.0
104154,1,8173,72.0,34.0,287.0,217.0
104154,1,8174,72.0,34.0,287.0,217.0
104154,1,8175,72.0,34.0,287.0,217.0
104154,1,8176,72.0,34.0,287.0,217.0
104154,1,8177,72.0,34.0,287.0,217.0
104154,1,8178,72.0,34.0,287.0,217.0
104154,1,8179,72.0,34.0,287.0,217.0
104154,1,8180,72.0,34.0,287.0,217.0
104154,1,8181,72.0,34.0,287.0,217.0
104154,1,8182,72.0,34.0,287.0,217.0
104154,1,8183,72.0,34.0,287.0,217.0
104154,1,8184,72.0,34.0,287.0,217.0
104154,1,8185,72.0,34.0,287.0,217.0
104154,1,8186,72.0,34.0,287.0,217.0
104154,1,8187,72.0,34.0,287.0,217.0
104154,1,8188,72.0,34.0,287.0,217.0
104154,1,8189,72.0,34.0,287.0,217.0
104154,1,8190,72.0,34.0,287.0,217.0
104154,1,8191,72.0,34.0,287.0,217.0
104154,1,8192,72.0,34.0,287.0,217.0
104154,1,8193,72.0,34.0,287.0,217.0
104154,1,8194,72.0,34.0,287.0,217.0
104154,1,8195,72.0,34.0,287.0,217.0
104154,1,8196,72.0,34.0,287.0,217.0
104154,1,8197,72.0,34.0,287.0,217.0
104154,1,8198,72.0,34.0,287.0,217.0
104154,1,8199,72.0,34.0,287.0,217.0
104154,1,8200,72.0,34.0,287.0,217.0
104154,1,8201,72.0,34.0,287.0,217.0
104154,1,8202,72.0,34.0,287.0,217.0
104154,1,8203,72.0,34.0,287.0,217.0
104154,1,8204,72.0,34.0,287.0,217.0
104154,1,8205,72.0,34.0,287.0,217.0
104154,1,8206,72.0,34.0,287.0,217.0
104154,1,8207,72.0,34.0,287.0,217.0
104154,1,8208,89.0,42.0,287.0,217.0
104154,1,8209,89.0,42.0,287.0,217.0
104154,1,8210,89.0,42.0,287.0,217.0
104154,1,8211,89.0,42.0,287.0,217.0
104154,1,8212,89.0,42.0,287.0,217.0
104154,1,8213,89.0,42.0,287.0,217.0
104154,1,8214,89.0,42.0,287.0,217.0
104154,1,8215,89.0,42.0,287.0,217.0
104154,1,8216,81.0,42.0,287.0,217.0
104154,1,8217,81.0,42.0,287.0,217.0
104154,1,8218,81.0,42.0,287.0,217.0
104154,1,8219,81.0,42.0,287.0,217.0
104154,1,8220,81.0,42.0,287.0,217.0
104154,1,8221,81.0,42.0,287.0,217.0
104154,1,8222,81.0,42.0,287.0,217.0
104154,1,8223,81.0,42.0,287.0,217.0
104154,1,8224,81.0,42.0,287.0,217.0
104154,1,8225,81.0,42.0,287.0,217.0
104154,1,8226,81.0,42.0,287.0,217.0
104154,1,8227,81.0,42.0,287.0,217.0
104154,1,8228,81.0,42.0,287.0,217.0
104154,1,8229,81.0,42.0,287.0,217.0
104154,1,8230,81.0,42.0,287.0,217.0
104154,1,8231,81.0,42.0,287.0,217.0
104154,1,8232,81.0,42.0,287.0,217.0
104154,1,8233,81.0,42.0,287.0,217.0
104154,1,8234,81.0,42.0,287.0,217.0
104154,1,8235,81.0,42.0,287.0,217.0
104154,1,8236,81.0,42.0,287.0,217.0
104154,1,8237,81.0,42.0,287.0,217.0
104154,1,8238,81.0,42.0,287.0,217.0
104154,1,8239,81.0,42.0,287.0,217.0
104154,1,8240,81.0,42.0,287.0,217.0
104154,1,8241,81.0,42.0,287.0,217.0
104154,1,8242,81.0,42.0,287.0,217.0
104154,1,8243,81.0,42.0,287.0,217.0
104154,1,8244,81.0,42.0,287.0,217.0
104154,1,8245,81.0,42.0,287.0,217.0
104154,1,8246,81.0,42.0,287.0,217.0
104154,1,8247,81.0,42.0,287.0,217.0
104154,1,8248,81.0,42.0,287.0,217.0
104154,1,8249,81.0,42.0,287.0,217.0
104154,1,8250,81.0,42.0,287.0,217.0
104154,1,8251,81.0,42.0,287.0,217.0
104154,1,8252,81.0,42.0,287.0,217.0
104154,1,8253,81.0,42.0,287.0,217.0
104154,1,8254,81.0,42.0,287.0,217.0
104154,1,8255,81.0,42.0,287.0,217.0
104154,1,8256,81.0,42.0,287.0,217.0
104154,1,8257,81.0,42.0,287.0,217.0
104154,1,8258,81.0,42.0,287.0,217.0
104154,1,8259,81.0,42.0,287.0,217.0
104154,1,8260,81.0,42.0,287.0,217.0
104154,1,8261,81.0,42.0,287.0,217.0
104154,1,8262,81.0,42.0,287.0,217.0
104154,1,8263,81.0,42.0,287.0,217.0
104154,1,8264,81.0,42.0,287.0,217.0
104154,1,8265,81.0,42.0,287.0,217.0
104154,1,8266,81.0,42.0,287.0,217.0
104154,1,8267,81.0,42.0,287.0,217.0
104154,1,8268,81.0,42.0,287.0,217.0
104154,1,8269,81.0,42.0,287.0,217.0
104154,1,8270,81.0,42.0,287.0,217.0
104154,1,8271,81.0,42.0,287.0,217.0
104154,1,8272,81.0,42.0,287.0,217.0
104154,1,8273,81.0,42.0,287.0,217.0
104154,1,8274,81.0,42.0,287.0,217.0
104154,1,8275,81.0,42.0,287.0,217.0
104154,1,8276,81.0,42.0,287.0,217.0
104154,1,8277,81.0,42.0,287.0,217.0
104154,1,8278,81.0,42.0,287.0,217.0
104154,1,8279,81.0,42.0,287.0,217.0
104154,1,8280,81.0,42.0,287.0,217.0
104154,1,8281,81.0,42.0,287.0,217.0
104154,1,8282,103.0,42.0,287.0,217.0
104154,1,8283,103.0,42.0,287.0,217.0
104154,1,8284,103.0,42.0,287.0,217.0
104154,1,8285,103.0,42.0,287.0,217.0
104154,1,8286,103.0,42.0,287.0,217.0
104154,1,8287,103.0,42.0,287.0,217.0
104154,1,8288,103.0,42.0,287.0,217.0
104154,1,8289,103.0,42.0,287.0,217.0
104154,1,8290,103.0,42.0,287.0,217.0
104154,1,8291,103.0,42.0,287.0,217.0
104154,1,8292,103.0,42.0,287.0,217.0
104154,1,8293,103.0,33.0,287.0,217.0
104154,1,8294,103.0,33.0,287.0,217.0
104154,1,8295,103.0,33.0,287.0,217.0
104154,1,8296,103.0,33.0,287.0,217.0
104154,1,8297,103.0,33.0,287.0,217.0
104154,1,8298,103.0,33.0,287.0,217.0
104154,1,8299,103.0,33.0,287.0,217.0
104154,1,8300,103.0,33.0,287.0,217.0
104154,1,8301,103.0,33.0,287.0,217.0
104154,1,8302,103.0,33.0,287.0,217.0
104154,1,8303,103.0,33.0,287.0,217.0
104154,1,8304,103.0,33.0,287.0,217.0
104154,1,8305,103.0,33.0,287.0,217.0
104154,1,8306,103.0,33.0,287.0,217.0
104154,1,8307,103.0,33.0,287.0,217.0
104154,1,8308,103.0,33.0,287.0,217.0
104154,1,8309,103.0,33.0,287.0,217.0
104154,1,8310,103.0,33.0,287.0,217.0
104154,1,8311,103.0,33.0,287.0,217.0
104154,1,8312,103.0,33.0,287.0,217.0
104154,1,8313,103.0,33.0,287.0,217.0
104154,1,8314,103.0,33.0,287.0,217.0
104154,1,8315,103.0,33.0,287.0,217.0
104154,1,8316,103.0,33.0,287.0,217.0
104154,1,8317,103.0,33.0,287.0,217.0
104154,1,8318,103.0,33.0,287.0,217.0
104154,1,8319,103.0,33.0,287.0,217.0
104154,1,8320,103.0,33.0,287.0,217.0
104154,1,8321,103.0,33.0,287.0,217.0
104154,1,8322,103.0,33.0,287.0,217.0
104154,1,8323,103.0,33.0,287.0,217.0
104154,1,8324,103.0,33.0,287.0,217.0
104154,1,8325,103.0,33.0,287.0,217.0
104154,1,8326,103.0,33.0,287.0,217.0
104154,1,8327,103.0,33.0,287.0,217.0
104154,1,8328,103.0,33.0,287.0,217.0
104154,1,8329,103.0,33.0,287.0,217.0
104154,1,8330,103.0,33.0,287.0,217.0
104154,1,8331,103.0,33.0,287.0,217.0
104154,1,8332,103.0,33.0,287.0,217.0
104154,1,8333,103.0,33.0,287.0,217.0
104154,1,8334,103.0,33.0,287.0,217.0
104154,1,8335,103.0,33.0,287.0,217.0
104154,1,8336,103.0,33.0,287.0,217.0
104154,1,8337,103.0,33.0,287.0,217.0
104154,1,8338,103.0,33.0,287.0,217.0
104154,1,8339,103.0,33.0,287.0,217.0
104154,1,8340,103.0,33.0,287.0,217.0
104154,1,8341,103.0,33.0,287.0,217.0
104154,1,8342,103.0,33.0,287.0,217.0
104154,1,8343,103.0,33.0,287.0,217.0
104154,1,8344,103.0,33.0,287.0,217.0
104154,1,8345,103.0,33.0,287.0,217.0
104154,1,8346,103.0,33.0,287.0,217.0
104154,1,8347,103.0,33.0,287.0,217.0
104154,1,8348,103.0,33.0,287.0,217.0
104154,1,8349,103.0,33.0,287.0,217.0
104154,1,8350,103.0,33.0,287.0,217.0
104154,1,8351,103.0,33.0,287.0,217.0
104154,1,8352,103.0,33.0,287.0,217.0
104154,1,8353,103.0,33.0,287.0,217.0
104154,1,8354,103.0,33.0,287.0,217.0
104154,1,8355,103.0,33.0,287.0,217.0
104154,1,8356,103.0,33.0,287.0,217.0
104154,1,8357,103.0,33.0,287.0,217.0
104154,1,8358,103.0,33.0,287.0,217.0
104154,1,8359,103.0,33.0,287.0,217.0
104154,1,8360,103.0,33.0,287.0,217.0
104154,1,8361,103.0,33.0,287.0,217.0
104154,1,8362,103.0,33.0,287.0,217.0
104154,1,8363,103.0,33.0,287.0,217.0
104154,1,8364,103.0,33.0,287.0,217.0
104154,1,8365,103.0,33.0,287.0,217.0
104154,1,8366,103.0,33.0,287.0,217.0
104154,1,8367,103.0,33.0,287.0,217.0
104154,1,8368,103.0,33.0,287.0,217.0
104154,1,8369,103.0,33.0,287.0,217.0
104154,1,8370,103.0,33.0,287.0,217.0
104154,1,8371,103.0,33.0,287.0,217.0
104154,1,8372,103.0,33.0,287.0,217.0
104154,1,8373,103.0,33.0,287.0,217.0
104154,1,8374,103.0,33.0,287.0,217.0
104154,1,8375,103.0,33.0,287.0,217.0
104154,1,8376,103.0,33.0,287.0,217.0
104154,1,8377,103.0,33.0,287.0,217.0
104154,1,8378,103.0,33.0,287.0,217.0
104154,1,8379,103.0,33.0,287.0,217.0
104154,1,8380,103.0,33.0,287.0,217.0
104154,1,8381,103.0,33.0,287.0,217.0
104154,1,8382,103.0,33.0,287.0,217.0
104154,1,8383,103.0,33.0,287.0,217.0
104154,1,8384,103.0,33.0,287.0,217.0
104154,1,8385,103.0,33.0,287.0,217.0
104154,1,8386,103.0,33.0,287.0,217.0
104154,1,8387,103.0,33.0,287.0,217.0
104154,1,8388,103.0,33.0,287.0,217.0
104154,1,8389,103.0,33.0,287.0,217.0
104154,1,8390,103.0,33.0,287.0,217.0
104154,1,8391,103.0,33.0,287.0,217.0
104154,1,8392,103.0,33.0,287.0,217.0
104154,1,8393,103.0,33.0,287.0,217.0
104154,1,8394,103.0,33.0,287.0,217.0
104154,1,8395,103.0,33.0,287.0,217.0
104154,1,8396,103.0,33.0,287.0,217.0
104154,1,8397,103.0,33.0,287.0,217.0
104154,1,8398,103.0,33.0,287.0,217.0
104154,1,8399,103.0,33.0,287.0,217.0
104154,1,8400,103.0,33.0,287.0,217.0
104154,1,8401,103.0,33.0,287.0,217.0
104154,1,8402,103.0,33.0,287.0,217.0
104154,1,8403,121.0,33.0,277.0,217.0
104154,1,8404,121.0,33.0,277.0,217.0
104154,1,8405,121.0,33.0,277.0,217.0
104154,1,8406,121.0,33.0,277.0,217.0
104154,1,8407,121.0,33.0,277.0,217.0
104154,1,8408,121.0,33.0,277.0,217.0
104154,1,8409,121.0,33.0,277.0,217.0
104154,1,8410,121.0,33.0,277.0,217.0
104154,1,8411,121.0,33.0,277.0,217.0
104154,1,8412,121.0,33.0,277.0,217.0
104154,1,8413,121.0,33.0,277.0,217.0
104154,1,8414,121.0,33.0,277.0,217.0
104154,1,8415,121.0,33.0,277.0,217.0
104154,1,8416,121.0,33.0,277.0,217.0
104154,1,8417,121.0,33.0,277.0,217.0
104154,1,8418,121.0,33.0,277.0,217.0
104154,1,8419,121.0,33.0,277.0,217.0
104154,1,8420,121.0,33.0,277.0,217.0
104154,1,8421,121.0,33.0,277.0,217.0
104154,1,8422,121.0,33.0,277.0,217.0
104154,1,8423,102.0,33.0,277.0,217.0
104154,1,8424,102.0,33.0,277.0,217.0
104154,1,8425,102.0,33.0,277.0,217.0
104154,1,8426,102.0,33.0,277.0,217.0
104154,1,8427,102.0,33.0,277.0,217.0
104154,1,8428,102.0,33.0,277.0,217.0
104154,1,8429,102.0,33.0,277.0,217.0
104154,1,8430,102.0,33.0,277.0,217.0
104154,1,8431,102.0,33.0,277.0,217.0
104154,1,8432,102.0,33.0,277.0,217.0
104154,1,8433,102.0,33.0,277.0,217.0
104154,1,8434,102.0,33.0,277.0,217.0
104154,1,8435,102.0,33.0,277.0,217.0
104154,1,8436,102.0,33.0,277.0,217.0
104154,1,8437,102.0,33.0,277.0,217.0
104154,1,8438,102.0,33.0,277.0,217.0
104154,1,8439,102.0,33.0,277.0,217.0
104154,1,8440,102.0,33.0,277.0,217.0
104154,1,8441,102.0,33.0,277.0,217.0
104154,1,8442,102.0,33.0,277.0,217.0
104154,1,8443,102.0,33.0,277.0,217.0
104154,1,8444,102.0,33.0,286.0,217.0
104154,1,8445,102.0,33.0,286.0,217.0
104154,1,8446,102.0,33.0,286.0,217.0
104154,1,8447,102.0,33.0,286.0,217.0
104154,1,8448,102.0,33.0,286.0,217.0
104154,1,8449,102.0,33.0,286.0,217.0
104154,1,8450,102.0,33.0,286.0,217.0
104154,1,8451,102.0,33.0,286.0,217.0
104154,1,8452,102.0,33.0,286.0,217.0
104154,1,8453,102.0,33.0,286.0,217.0
104154,1,8454,102.0,33.0,286.0,217.0
104154,1,8455,102.0,33.0,286.0,217.0
104154,1,8456,102.0,33.0,286.0,217.0
104154,1,8457,102.0,33.0,286.0,217.0
104154,1,8458,102.0,33.0,286.0,217.0
104154,1,8459,102.0,33.0,286.0,217.0
104154,1,8460,102.0,33.0,286.0,217.0
104154,1,8461,102.0,33.0,286.0,217.0
104154,1,8462,102.0,33.0,286.0,217.0
104154,1,8463,102.0,33.0,286.0,217.0
104154,1,8464,102.0,33.0,286.0,217.0
104154,1,8465,102.0,33.0,286.0,217.0
104154,1,8466,102.0,33.0,286.0,217.0
104154,1,8467,102.0,33.0,286.0,217.0
104154,1,8468,102.0,33.0,286.0,217.0
104154,1,8469,102.0,33.0,286.0,217.0
104154,1,8470,102.0,33.0,286.0,217.0
104154,1,8471,102.0,33.0,286.0,217.0
104154,1,8472,102.0,33.0,286.0,217.0
104154,1,8473,102.0,33.0,286.0,217.0
104154,1,8474,102.0,33.0,286.0,217.0
104154,1,8475,102.0,33.0,286.0,217.0
104154,1,8476,102.0,33.0,286.0,217.0
104154,1,8477,102.0,33.0,286.0,217.0
104154,1,8478,102.0,33.0,286.0,217.0
104154,1,8479,102.0,33.0,286.0,217.0
104154,1,8480,102.0,33.0,286.0,217.0
104154,1,8481,102.0,33.0,286.0,217.0
104154,1,8482,102.0,33.0,286.0,217.0
104154,1,8483,102.0,33.0,286.0,217.0
104154,1,8484,102.0,33.0,286.0,217.0
104154,1,8485,102.0,33.0,286.0,217.0
104154,1,8486,102.0,33.0,286.0,217.0
104154,1,8487,102.0,33.0,286.0,217.0
104154,1,8488,102.0,33.0,286.0,217.0
104154,1,8489,102.0,33.0,286.0,217.0
104154,1,8490,102.0,33.0,286.0,217.0
104154,1,8491,102.0,33.0,286.0,217.0
104154,1,8492,102.0,33.0,286.0,217.0
104154,1,8493,102.0,33.0,286.0,217.0
104154,1,8494,102.0,33.0,286.0,217.0
104154,1,8495,102.0,33.0,286.0,217.0
104154,1,8496,102.0,33.0,286.0,217.0
104154,1,8497,102.0,33.0,286.0,217.0
104154,1,8498,102.0,33.0,286.0,217.0
104154,1,8499,102.0,33.0,286.0,217.0
104154,1,8500,102.0,33.0,286.0,217.0
104154,1,8501,102.0,33.0,286.0,217.0
104154,1,8502,102.0,33.0,286.0,217.0
104154,1,8503,102.0,33.0,286.0,217.0
104154,1,8504,102.0,33.0,286.0,217.0
104154,1,8505,102.0,33.0,286.0,217.0
104154,1,8506,102.0,33.0,286.0,217.0
104154,1,8507,102.0,33.0,286.0,217.0
104154,1,8508,102.0,33.0,286.0,217.0
104154,1,8509,102.0,33.0,286.0,217.0
104154,1,8510,102.0,33.0,286.0,217.0
104154,1,8511,102.0,33.0,286.0,217.0
104154,1,8512,102.0,33.0,286.0,217.0
104154,1,8513,102.0,33.0,286.0,217.0
104154,1,8514,102.0,33.0,286.0,217.0
104154,1,8515,102.0,33.0,286.0,217.0
104154,1,8516,102.0,33.0,286.0,217.0
104154,1,8517,102.0,33.0,286.0,217.0
104154,1,8518,102.0,33.0,286.0,217.0
104154,1,8519,102.0,33.0,286.0,217.0
104154,1,8520,102.0,33.0,286.0,217.0
104154,1,8521,102.0,33.0,286.0,217.0
104154,1,8522,102.0,33.0,286.0,217.0
104154,1,8523,102.0,33.0,286.0,217.0
104154,1,8524,102.0,33.0,286.0,217.0
104154,1,8525,102.0,33.0,286.0,217.0
104154,1,8526,102.0,33.0,286.0,217.0
104154,1,8527,102.0,33.0,286.0,217.0
104154,1,8528,102.0,33.0,286.0,217.0
104154,1,8529,102.0,33.0,286.0,217.0
104154,1,8530,102.0,33.0,286.0,217.0
104154,1,8531,102.0,33.0,286.0,217.0
104154,1,8532,102.0,33.0,286.0,217.0
104154,1,8533,102.0,33.0,286.0,217.0
104154,1,8534,102.0,33.0,286.0,217.0
104154,1,8535,102.0,33.0,286.0,217.0
104154,1,8536,102.0,33.0,286.0,217.0
104154,1,8537,102.0,33.0,286.0,217.0
104154,1,8538,102.0,33.0,286.0,217.0
104154,1,8539,102.0,33.0,286.0,217.0
104154,1,8540,102.0,33.0,286.0,217.0
104154,1,8541,102.0,33.0,286.0,217.0
104154,1,8542,102.0,33.0,286.0,217.0
104154,1,8543,102.0,33.0,286.0,217.0
104154,1,8544,102.0,33.0,286.0,217.0
104154,1,8545,102.0,33.0,286.0,217.0
104154,1,8546,102.0,33.0,286.0,217.0
104154,1,8547,102.0,33.0,286.0,217.0
104154,1,8548,102.0,33.0,286.0,217.0
104154,1,8549,102.0,33.0,286.0,217.0
104154,1,8550,102.0,33.0,286.0,217.0
104154,1,8551,102.0,33.0,286.0,217.0
104154,1,8552,102.0,33.0,286.0,217.0
104154,1,8553,102.0,33.0,286.0,217.0
104154,1,8554,102.0,33.0,286.0,217.0
104154,1,8555,102.0,33.0,286.0,217.0
104154,1,8556,102.0,33.0,286.0,217.0
104154,1,8557,102.0,33.0,286.0,217.0
104154,1,8558,102.0,33.0,286.0,217.0
104154,1,8559,102.0,33.0,286.0,217.0
104154,1,8560,102.0,33.0,286.0,217.0
104154,1,8561,102.0,33.0,286.0,217.0
104154,1,8562,102.0,33.0,286.0,217.0
104154,1,8563,102.0,33.0,286.0,217.0
104154,1,8564,102.0,33.0,286.0,217.0
104154,1,8565,102.0,33.0,286.0,217.0
104154,1,8566,102.0,33.0,286.0,217.0
104154,1,8567,102.0,33.0,286.0,217.0
104154,1,8568,102.0,33.0,286.0,217.0
104154,1,8569,102.0,33.0,286.0,217.0
104154,1,8570,102.0,33.0,286.0,217.0
104154,1,8571,102.0,33.0,286.0,217.0
104154,1,8572,102.0,33.0,286.0,217.0
104154,1,8573,102.0,33.0,286.0,217.0
104154,1,8574,102.0,33.0,286.0,217.0
104154,1,8575,102.0,33.0,286.0,217.0
104154,1,8576,102.0,33.0,286.0,217.0
104154,1,8577,102.0,33.0,286.0,217.0
104154,1,8578,102.0,33.0,286.0,217.0
104154,1,8579,102.0,33.0,286.0,217.0
104154,1,8580,102.0,33.0,286.0,217.0
104154,1,8581,102.0,33.0,286.0,217.0
104154,1,8582,102.0,33.0,286.0,217.0
104154,1,8583,102.0,33.0,286.0,217.0
104154,1,8584,102.0,33.0,286.0,217.0
104154,1,8585,102.0,33.0,286.0,217.0
104154,1,8586,102.0,33.0,286.0,217.0
104154,1,8587,102.0,33.0,286.0,217.0
104154,1,8588,102.0,33.0,286.0,217.0
104154,1,8589,102.0,33.0,286.0,217.0
104154,1,8590,102.0,33.0,286.0,217.0
104154,1,8591,126.0,17.0,275.0,217.0
104154,1,8592,126.0,17.0,275.0,217.0
104154,1,8593,126.0,17.0,275.0,217.0
104154,1,8594,126.0,17.0,275.0,217.0
104154,1,8595,126.0,17.0,275.0,217.0
104154,1,8596,126.0,17.0,275.0,217.0
104154,1,8597,126.0,17.0,275.0,217.0
104154,1,8598,126.0,17.0,275.0,217.0
104154,1,8599,126.0,17.0,275.0,217.0
104154,1,8600,126.0,17.0,275.0,217.0
104154,1,8601,126.0,17.0,275.0,217.0
104154,1,8602,126.0,17.0,275.0,217.0
104154,1,8603,126.0,17.0,275.0,217.0
104154,1,8604,126.0,17.0,275.0,217.0
104154,1,8605,126.0,17.0,275.0,217.0
104154,1,8606,126.0,17.0,275.0,217.0
104154,1,8607,126.0,17.0,275.0,217.0
104154,1,8608,126.0,17.0,275.0,217.0
104154,1,8609,126.0,17.0,275.0,217.0
104154,1,8610,126.0,17.0,275.0,217.0
104154,1,8611,126.0,17.0,275.0,217.0
104154,1,8612,126.0,17.0,275.0,217.0
104154,1,8613,126.0,17.0,275.0,217.0
104154,1,8614,126.0,17.0,275.0,217.0
104154,1,8615,126.0,17.0,275.0,217.0
104154,1,8616,126.0,17.0,275.0,217.0
104154,1,8617,126.0,17.0,275.0,217.0
104154,1,8618,126.0,17.0,275.0,217.0
104154,1,8619,126.0,17.0,275.0,217.0
104154,1,8620,126.0,17.0,275.0,217.0
104154,1,8621,126.0,17.0,275.0,217.0
104154,1,8622,126.0,17.0,275.0,217.0
104154,1,8623,126.0,17.0,275.0,217.0
104154,1,8624,126.0,17.0,275.0,217.0
104154,1,8625,126.0,17.0,275.0,217.0
104154,1,8626,126.0,17.0,275.0,217.0
104154,1,8627,113.0,17.0,295.0,217.0
104154,1,8628,113.0,17.0,295.0,217.0
104154,1,8629,113.0,17.0,295.0,217.0
104154,1,8630,113.0,17.0,295.0,217.0
104154,1,8631,113.0,17.0,295.0,217.0
104154,1,8632,113.0,17.0,295.0,217.0
104154,1,8633,113.0,17.0,295.0,217.0
104154,1,8634,113.0,17.0,295.0,217.0
104154,1,8635,113.0,17.0,295.0,217.0
104154,1,8636,113.0,17.0,295.0,217.0
104154,1,8637,113.0,17.0,295.0,217.0
104154,1,8638,113.0,17.0,295.0,217.0
104154,1,8639,113.0,17.0,295.0,217.0
104154,1,8640,113.0,17.0,295.0,217.0
104154,1,8641,113.0,17.0,295.0,217.0
104154,1,8642,113.0,17.0,295.0,217.0
104154,1,8643,113.0,17.0,295.0,217.0
104154,1,8644,113.0,0,296.0,217.0
104154,1,8645,113.0,0,296.0,217.0
104154,1,8646,113.0,0,296.0,217.0
104154,1,8647,113.0,0,296.0,217.0
104154,1,8648,113.0,0,296.0,217.0
104154,1,8649,113.0,0,296.0,217.0
104154,1,8650,113.0,0,296.0,217.0
104154,1,8651,113.0,0,296.0,217.0
104154,1,8652,113.0,0,296.0,217.0
104154,1,8653,113.0,0,296.0,217.0
104154,1,8654,113.0,0,296.0,217.0
104154,1,8655,113.0,0,296.0,217.0
104154,1,8656,113.0,0,296.0,217.0
104154,1,8657,113.0,0,296.0,217.0
104154,1,8658,113.0,0,296.0,217.0
104154,1,8659,113.0,0,296.0,217.0
104154,1,8660,113.0,0,296.0,217.0
104154,1,8661,113.0,0,296.0,217.0
104154,1,8662,113.0,0,296.0,217.0
104154,1,8663,113.0,0,296.0,217.0
104154,1,8664,113.0,0,296.0,217.0
104154,1,8665,113.0,0,296.0,217.0
104154,1,8666,113.0,0,296.0,217.0
104154,1,8667,113.0,0,296.0,217.0
104154,1,8668,113.0,0,296.0,217.0
104154,1,8669,113.0,0,296.0,217.0
104154,1,8670,113.0,0,296.0,217.0
104154,1,8671,113.0,0,296.0,217.0
104154,1,8672,113.0,0,296.0,217.0
104154,1,8673,113.0,0,296.0,217.0
104154,1,8674,113.0,0,296.0,217.0
104154,1,8675,113.0,0,296.0,217.0
104154,1,8676,113.0,0,296.0,217.0
104154,1,8677,113.0,0,296.0,217.0
104154,1,8678,113.0,0,296.0,217.0
104154,1,8679,113.0,0,296.0,217.0
104154,1,8680,113.0,0,311.0,217.0
104154,1,8681,113.0,0,311.0,217.0
104154,1,8682,113.0,0,311.0,217.0
104154,1,8683,113.0,0,311.0,217.0
104154,1,8684,113.0,0,311.0,217.0
104154,1,8685,113.0,0,311.0,217.0
104154,1,8686,113.0,0,311.0,217.0
104154,1,8687,113.0,0,311.0,217.0
104154,1,8688,113.0,0,311.0,217.0
104154,1,8689,113.0,0,311.0,217.0
104154,1,8690,113.0,0,311.0,217.0
104154,1,8691,113.0,0,311.0,217.0
104154,1,8692,113.0,0,311.0,217.0
104154,1,8693,113.0,0,311.0,217.0
104154,1,8694,113.0,0,311.0,217.0
104154,1,8695,113.0,0,311.0,217.0
104154,1,8696,113.0,0,311.0,217.0
104154,1,8697,113.0,0,311.0,217.0
104154,1,8698,113.0,0,311.0,217.0
104154,1,8699,113.0,0,311.0,217.0
104154,1,8700,113.0,0,311.0,217.0
104154,1,8701,113.0,0,311.0,217.0
104154,1,8702,113.0,0,311.0,217.0
104154,1,8703,97.0,0,321.0,217.0
104154,1,8704,97.0,0,321.0,217.0
104154,1,8705,97.0,0,321.0,217.0
104154,1,8706,97.0,0,321.0,217.0
104154,1,8707,97.0,0,321.0,217.0
104154,1,8708,97.0,0,321.0,217.0
104154,1,8709,97.0,0,321.0,217.0
104154,1,8710,97.0,0,321.0,217.0
104154,1,8711,97.0,0,321.0,217.0
104154,1,8712,97.0,0,321.0,217.0
104154,1,8713,97.0,0,321.0,217.0
104154,1,8714,97.0,0,341.0,217.0
104154,1,8715,97.0,0,341.0,217.0
104154,1,8716,97.0,0,341.0,217.0
104154,1,8717,97.0,0,341.0,217.0
104154,1,8718,97.0,0,341.0,217.0
104154,1,8719,97.0,0,341.0,217.0
104154,1,8720,97.0,0,341.0,217.0
104154,1,8721,97.0,0,341.0,217.0
104154,1,8722,97.0,0,341.0,217.0
104154,1,8723,97.0,0,341.0,217.0
104154,1,8724,97.0,0,341.0,217.0
104154,1,8725,97.0,0,341.0,217.0
104154,1,8726,97.0,0,341.0,217.0
104154,1,8727,97.0,0,341.0,217.0
104154,1,8728,97.0,0,341.0,217.0
104154,1,8729,97.0,0,341.0,217.0
104154,1,8730,97.0,0,341.0,217.0
104154,1,8731,97.0,0,341.0,217.0
104154,1,8732,97.0,0,341.0,217.0
104154,1,8733,97.0,0,341.0,217.0
104154,1,8734,97.0,0,341.0,217.0
104154,1,8735,97.0,0,341.0,217.0
104154,1,8736,97.0,0,341.0,217.0
104154,1,8737,97.0,0,341.0,217.0
104154,1,8738,97.0,0,341.0,217.0
104154,1,8739,97.0,0,341.0,217.0
104154,1,8740,97.0,0,341.0,217.0
104154,1,8741,97.0,0,341.0,217.0
104154,1,8742,97.0,0,341.0,217.0
104154,1,8743,97.0,0,341.0,217.0
104154,1,8744,97.0,0,341.0,217.0
104154,1,8745,97.0,0,341.0,217.0
104154,1,8746,97.0,0,341.0,217.0
104154,1,8747,97.0,0,341.0,217.0
104154,1,8748,97.0,0,360.0,217.0
104154,1,8749,97.0,0,360.0,217.0
104154,1,8750,97.0,0,360.0,217.0
104154,1,8751,97.0,0,360.0,217.0
104154,1,8752,97.0,0,360.0,217.0
104154,1,8753,97.0,0,360.0,217.0
104154,1,8754,97.0,0,360.0,217.0
104154,1,8755,97.0,0,360.0,217.0
104154,1,8756,97.0,0,360.0,217.0
104154,1,8757,97.0,0,360.0,217.0
104154,1,8758,97.0,0,360.0,217.0
104154,1,8759,97.0,0,360.0,217.0
104154,1,8760,97.0,0,360.0,217.0
104154,1,8761,97.0,0,360.0,217.0
104154,1,8762,97.0,0,360.0,217.0
104154,1,8763,97.0,0,360.0,217.0
104154,1,8764,97.0,0,360.0,217.0
104154,1,8765,97.0,0,360.0,217.0
104154,1,8766,97.0,0,360.0,217.0
104154,1,8767,97.0,0,360.0,217.0
104154,1,8768,97.0,0,360.0,217.0
104154,1,8769,97.0,0,360.0,217.0
104154,1,8770,97.0,0,360.0,217.0
104154,1,8771,97.0,0,380.0,217.0
104154,1,8772,97.0,0,380.0,217.0
104154,1,8773,97.0,0,380.0,217.0
104154,1,8774,97.0,0,380.0,217.0
104154,1,8775,97.0,0,380.0,217.0
104154,1,8776,97.0,0,380.0,217.0
104154,1,8777,97.0,0,380.0,217.0
104154,1,8778,97.0,0,380.0,217.0
104154,1,8779,97.0,0,380.0,217.0
104154,1,8780,97.0,0,380.0,217.0
104154,1,8781,97.0,0,380.0,217.0
104154,1,8782,97.0,0,380.0,217.0
104154,1,8783,97.0,0,380.0,217.0
104154,1,8784,97.0,0,380.0,217.0
104154,1,8785,97.0,0,380.0,217.0
104154,1,8786,97.0,0,380.0,217.0
104154,1,8787,97.0,0,380.0,217.0
104154,1,8788,97.0,0,380.0,217.0
104154,1,8789,97.0,0,380.0,217.0
104154,1,8790,97.0,0,380.0,217.0
104154,1,8791,97.0,0,380.0,217.0
104154,1,8792,97.0,0,380.0,217.0
104154,1,8793,97.0,0,380.0,217.0
104154,1,8794,97.0,0,380.0,217.0
104154,1,8795,97.0,0,380.0,217.0
104154,1,8796,97.0,0,380.0,217.0
104154,1,8797,97.0,0,380.0,217.0
104154,1,8798,97.0,0,380.0,217.0
104154,1,8799,97.0,0,380.0,217.0
104154,1,8800,97.0,0,380.0,217.0
104154,1,8801,97.0,0,380.0,217.0
104154,1,8802,97.0,0,380.0,217.0
104154,1,8803,97.0,0,380.0,217.0
104154,1,8804,97.0,0,380.0,217.0
104154,1,8805,97.0,0,380.0,217.0
104154,1,8806,97.0,0,380.0,217.0
104154,1,8807,97.0,0,380.0,217.0
104154,1,8808,97.0,0,380.0,217.0
104154,1,8809,97.0,0,380.0,217.0
104154,1,8810,97.0,0,380.0,217.0
104154,1,8811,97.0,0,380.0,217.0
104154,1,8812,97.0,0,380.0,217.0
104154,1,8813,97.0,0,380.0,217.0
104154,1,8814,97.0,0,380.0,217.0
104154,1,8815,97.0,0,380.0,217.0
104154,1,8816,97.0,0,380.0,217.0
104154,1,8817,97.0,0,380.0,217.0
104154,1,8818,97.0,0,380.0,217.0
104154,1,8819,97.0,0,380.0,217.0
104154,1,8820,97.0,0,380.0,217.0
104154,1,8821,97.0,0,380.0,217.0
104154,1,8822,97.0,0,380.0,217.0
104154,1,8823,97.0,0,380.0,217.0
104154,1,8824,97.0,0,380.0,217.0
104154,1,8825,97.0,0,380.0,217.0
104154,1,8826,97.0,0,380.0,217.0
104154,1,8827,97.0,0,380.0,217.0
104154,1,8828,97.0,0,380.0,217.0
104154,1,8829,97.0,0,380.0,217.0
104154,1,8830,97.0,0,380.0,217.0
104154,1,8831,97.0,0,380.0,217.0
104154,1,8832,97.0,0,380.0,217.0
104154,1,8833,97.0,0,380.0,217.0
104154,1,8834,97.0,0,380.0,217.0
104154,1,8835,97.0,0,380.0,217.0
104154,1,8836,97.0,0,380.0,217.0
104154,1,8837,97.0,0,380.0,217.0
104154,1,8838,97.0,0,380.0,217.0
104154,1,8839,97.0,0,380.0,217.0
104154,1,8840,97.0,0,380.0,217.0
104154,1,8841,97.0,0,380.0,217.0
104154,1,8842,97.0,0,380.0,217.0
104154,1,8843,97.0,0,380.0,217.0
104154,1,8844,97.0,0,380.0,217.0
104154,1,8845,97.0,0,380.0,217.0
104154,1,8846,97.0,0,380.0,217.0
104154,1,8847,97.0,0,380.0,217.0
104154,1,8848,97.0,0,380.0,217.0
104154,1,8849,97.0,0,380.0,217.0
104154,1,8850,97.0,0,380.0,217.0
104154,1,8851,97.0,0,380.0,217.0
104154,1,8852,97.0,0,380.0,217.0
104154,1,8853,97.0,0,380.0,217.0
104154,1,8854,97.0,0,380.0,217.0
104154,1,8855,97.0,0,380.0,217.0
104154,1,8856,97.0,0,380.0,217.0
104154,1,8857,97.0,0,380.0,217.0
104154,1,8858,97.0,0,380.0,217.0
104154,1,8859,97.0,0,380.0,217.0
104154,1,8860,97.0,0,380.0,217.0
104154,1,8861,97.0,0,380.0,217.0
104154,1,8862,97.0,0,380.0,217.0
104154,1,8863,97.0,0,380.0,217.0
104154,1,8864,97.0,0,380.0,217.0
104154,1,8865,97.0,0,380.0,217.0
104154,1,8866,97.0,0,380.0,217.0
104154,1,8867,97.0,0,380.0,217.0
104154,1,8868,97.0,0,380.0,217.0
104154,1,8869,97.0,0,380.0,217.0
104154,1,8870,97.0,0,380.0,217.0
104154,1,8871,97.0,0,380.0,217.0
104154,1,8872,97.0,0,380.0,217.0
104154,1,8873,97.0,0,380.0,217.0
104154,1,8874,97.0,0,380.0,217.0
104154,1,8875,97.0,0,380.0,217.0
104154,1,8876,97.0,0,380.0,217.0
104154,1,8877,97.0,0,380.0,217.0
104154,1,8878,97.0,0,380.0,217.0
104154,1,8879,97.0,0,380.0,217.0
104154,1,8880,97.0,0,380.0,217.0
104154,1,8881,97.0,0,380.0,217.0
104154,1,8882,97.0,0,380.0,217.0
104154,1,8883,97.0,0,380.0,217.0
104154,1,8884,97.0,0,380.0,217.0
104154,1,8885,97.0,0,380.0,217.0
104154,1,8886,97.0,0,380.0,217.0
104154,1,8887,97.0,0,380.0,217.0
104154,1,8888,97.0,0,380.0,217.0
104154,1,8889,97.0,0,380.0,217.0
104154,1,8890,97.0,0,380.0,217.0
104154,1,8891,97.0,0,380.0,217.0
104154,1,8892,97.0,0,380.0,217.0
104154,1,8893,97.0,0,380.0,217.0
104154,1,8894,97.0,0,380.0,217.0
104154,1,8895,97.0,0,380.0,217.0
104154,1,8896,97.0,0,380.0,217.0
104154,1,8897,97.0,0,380.0,217.0
104154,1,8898,97.0,0,380.0,217.0
104154,1,8899,97.0,0,380.0,217.0
104154,1,8900,97.0,0,380.0,217.0
104154,1,8901,97.0,0,380.0,217.0
104154,1,8902,97.0,0,380.0,217.0
104154,1,8903,97.0,0,380.0,217.0
104154,1,8904,97.0,0,380.0,217.0
104154,1,8905,97.0,0,380.0,217.0
104154,1,8906,97.0,0,380.0,217.0
104154,1,8907,97.0,0,380.0,217.0
104154,1,8908,97.0,0,380.0,217.0
104154,1,8909,97.0,0,380.0,217.0
104154,1,8910,97.0,0,380.0,217.0
104154,1,8911,97.0,0,380.0,217.0
104154,1,8912,97.0,0,380.0,217.0
104154,1,8913,97.0,0,380.0,217.0
104154,1,8914,97.0,0,380.0,217.0
104154,1,8915,97.0,0,380.0,217.0
104154,1,8916,97.0,0,380.0,217.0
104154,1,8917,97.0,0,380.0,217.0
104154,1,8918,97.0,0,380.0,217.0
104154,1,8919,97.0,0,380.0,217.0
104154,1,8920,97.0,0,380.0,217.0
104154,1,8921,97.0,0,380.0,217.0
104154,1,8922,97.0,0,380.0,217.0
104154,1,8923,97.0,0,380.0,217.0
104154,1,8924,97.0,0,380.0,217.0
104154,1,8925,97.0,0,380.0,217.0
104154,1,8926,97.0,0,380.0,217.0
104154,1,8927,97.0,0,380.0,217.0
104154,1,8928,97.0,0,380.0,217.0
104154,1,8929,97.0,0,380.0,217.0
104154,1,8930,97.0,0,380.0,217.0
104154,1,8931,97.0,0,380.0,217.0
104154,1,8932,97.0,0,380.0,217.0
104154,1,8933,97.0,0,380.0,217.0
104154,1,8934,97.0,0,380.0,217.0
104154,1,8935,97.0,0,380.0,217.0
104154,1,8936,97.0,0,380.0,217.0
104154,1,8937,97.0,0,380.0,217.0
104154,1,8938,97.0,0,380.0,217.0
104154,1,8939,97.0,0,380.0,217.0
104154,1,8940,97.0,0,380.0,217.0
104154,1,8941,97.0,0,380.0,217.0
104154,1,8942,97.0,0,380.0,217.0
104154,1,8943,97.0,0,380.0,217.0
104154,1,8944,97.0,0,380.0,217.0
104154,1,8945,97.0,0,380.0,217.0
104154,1,8946,97.0,0,380.0,217.0
104154,1,8947,97.0,0,380.0,217.0
104154,1,8948,97.0,0,380.0,217.0
104154,1,8949,97.0,0,380.0,217.0
104154,1,8950,97.0,0,380.0,217.0
104154,1,8951,97.0,0,380.0,217.0
104154,1,8952,97.0,0,380.0,217.0
104154,1,8953,97.0,0,380.0,217.0
104154,1,8954,97.0,0,380.0,217.0
104154,1,8955,97.0,0,380.0,217.0
104154,1,8956,97.0,0,380.0,217.0
104154,1,8957,97.0,0,380.0,217.0
104154,1,8958,97.0,0,380.0,217.0
104154,1,8959,97.0,0,380.0,217.0
104154,1,8960,97.0,0,380.0,217.0
104154,1,8961,97.0,0,380.0,217.0
104154,1,8962,97.0,0,380.0,217.0
104154,1,8963,97.0,0,380.0,217.0
104154,1,8964,97.0,0,380.0,217.0
104154,1,8965,97.0,0,380.0,217.0
104154,1,8966,97.0,0,380.0,217.0
104154,1,8967,97.0,0,380.0,217.0
104154,1,8968,97.0,0,380.0,217.0
104154,1,8969,97.0,0,380.0,217.0
104154,1,8970,97.0,0,380.0,217.0
104154,1,8971,97.0,0,380.0,217.0
104154,1,8972,97.0,0,380.0,217.0
104154,1,8973,97.0,0,380.0,217.0
104154,1,8974,97.0,0,380.0,217.0
104154,1,8975,97.0,0,380.0,217.0
104154,1,8976,97.0,0,380.0,217.0
104154,1,8977,97.0,0,380.0,217.0
104154,1,8978,97.0,0,380.0,217.0
104154,1,8979,97.0,0,380.0,217.0
104154,1,8980,97.0,0,380.0,217.0
104154,1,8981,97.0,0,380.0,217.0
104154,1,8982,97.0,0,380.0,217.0
104154,1,8983,97.0,0,380.0,217.0
104154,1,8984,97.0,0,380.0,217.0
104154,1,8985,97.0,0,380.0,217.0
104154,1,8986,97.0,0,380.0,217.0
104154,1,8987,97.0,0,380.0,217.0
104154,1,8988,97.0,0,380.0,217.0
104154,1,8989,97.0,0,380.0,217.0
104154,1,8990,97.0,0,380.0,217.0
104154,1,8991,97.0,0,380.0,217.0
104154,1,8992,97.0,0,380.0,217.0
104154,1,8993,97.0,0,380.0,217.0
104154,1,8994,97.0,0,380.0,217.0
104154,1,8995,97.0,0,380.0,217.0
104154,1,8996,97.0,0,380.0,217.0
104154,1,8997,97.0,0,380.0,217.0
104154,1,8998,97.0,0,380.0,217.0
104154,1,8999,97.0,0,380.0,217.0
104154,1,9000,97.0,0,380.0,217.0
104154,1,9001,97.0,0,380.0,217.0
104154,1,9002,97.0,0,380.0,217.0
104154,1,9003,97.0,0,380.0,217.0
104154,1,9004,97.0,0,380.0,217.0
104154,1,9005,97.0,0,380.0,217.0
104154,1,9006,97.0,0,380.0,217.0
104154,1,9007,97.0,0,380.0,217.0
104154,1,9008,97.0,0,380.0,217.0
104154,1,9009,97.0,0,380.0,217.0
104154,1,9010,97.0,0,380.0,217.0
104154,1,9011,97.0,0,380.0,217.0
104154,1,9012,97.0,0,380.0,217.0
104154,1,9013,97.0,0,380.0,217.0
104154,1,9014,97.0,0,380.0,217.0
104154,1,9015,97.0,0,380.0,217.0
104154,1,9016,97.0,0,380.0,217.0
104154,1,9017,97.0,0,380.0,217.0
104154,1,9018,97.0,0,380.0,217.0
104154,1,9019,97.0,0,380.0,217.0
104154,1,9020,97.0,0,380.0,217.0
104154,1,9021,97.0,0,380.0,217.0
104154,1,9022,97.0,0,380.0,217.0
104154,1,9023,97.0,0,380.0,217.0
104154,1,9024,97.0,0,380.0,217.0
104154,1,9025,97.0,0,380.0,217.0
104154,1,9026,97.0,0,380.0,217.0
104154,1,9027,97.0,0,380.0,217.0
104154,1,9028,97.0,0,380.0,217.0
104154,1,9029,97.0,0,380.0,217.0
104154,1,9030,97.0,0,380.0,217.0
104154,1,9031,97.0,0,380.0,217.0
104154,1,9032,97.0,0,380.0,217.0
104154,1,9033,97.0,0,380.0,217.0
104154,1,9034,97.0,0,380.0,217.0
104154,1,9035,97.0,0,380.0,217.0
104154,1,9036,97.0,0,380.0,217.0
104154,1,9037,97.0,0,380.0,217.0
104154,1,9038,97.0,0,380.0,217.0
104154,1,9039,97.0,0,380.0,217.0
104154,1,9040,97.0,0,380.0,217.0
104154,1,9041,97.0,0,380.0,217.0
104154,1,9042,97.0,0,380.0,217.0
104154,1,9043,97.0,0,380.0,217.0
104154,1,9044,97.0,0,380.0,217.0
104154,1,9045,97.0,0,380.0,217.0
104154,1,9046,97.0,0,380.0,217.0
104154,1,9047,97.0,0,380.0,217.0
104154,1,9048,97.0,0,380.0,217.0
104154,1,9049,97.0,0,380.0,217.0
104154,1,9050,97.0,0,380.0,217.0
104154,1,9051,97.0,0,380.0,217.0
104154,1,9052,97.0,0,380.0,217.0
104154,1,9053,97.0,0,380.0,217.0
104154,1,9054,97.0,0,380.0,217.0
104154,1,9055,97.0,0,380.0,217.0
104154,1,9056,97.0,0,380.0,217.0
104154,1,9057,97.0,0,380.0,217.0
104154,1,9058,97.0,0,380.0,217.0
104154,1,9059,97.0,0,380.0,217.0
104154,1,9060,97.0,0,380.0,217.0
104154,1,9061,97.0,0,380.0,217.0
104154,1,9062,97.0,0,380.0,217.0
104154,1,9063,97.0,0,380.0,217.0
104154,1,9064,97.0,0,380.0,217.0
104154,1,9065,97.0,0,380.0,217.0
104154,1,9066,97.0,0,380.0,217.0
104154,1,9067,97.0,0,380.0,217.0
104154,1,9068,97.0,0,380.0,217.0
104154,1,9069,97.0,0,380.0,217.0
104154,1,9070,97.0,0,380.0,217.0
104154,1,9071,97.0,0,380.0,217.0
104154,1,9072,97.0,0,380.0,217.0
104154,1,9073,97.0,0,380.0,217.0
104154,1,9074,97.0,0,380.0,217.0
104154,1,9075,97.0,0,380.0,217.0
104154,1,9076,97.0,0,380.0,217.0
104154,1,9077,97.0,0,380.0,217.0
104154,1,9078,97.0,0,380.0,217.0
104154,1,9079,97.0,0,380.0,217.0
104154,1,9080,97.0,0,380.0,217.0
104154,1,9081,97.0,0,380.0,217.0
104154,1,9082,97.0,0,380.0,217.0
104154,1,9083,97.0,0,380.0,217.0
104154,1,9084,97.0,0,380.0,217.0
104154,1,9085,97.0,0,380.0,217.0
104154,1,9086,97.0,0,380.0,217.0
104154,1,9087,97.0,0,380.0,217.0
104154,1,9088,97.0,0,380.0,217.0
104154,1,9089,97.0,0,380.0,217.0
104154,1,9090,97.0,0,380.0,217.0
104154,1,9091,97.0,0,380.0,217.0
104154,1,9092,97.0,0,380.0,217.0
104154,1,9093,97.0,0,380.0,217.0
104154,1,9094,97.0,0,380.0,217.0
104154,1,9095,97.0,0,380.0,217.0
104154,1,9096,97.0,0,380.0,217.0
104154,1,9097,97.0,0,380.0,217.0
104154,1,9098,97.0,0,380.0,217.0
104154,1,9099,97.0,0,380.0,217.0
104154,1,9100,97.0,0,380.0,217.0
104154,1,9101,97.0,0,380.0,217.0
104154,1,9102,97.0,0,380.0,217.0
104154,1,9103,97.0,0,380.0,217.0
104154,1,9104,97.0,0,380.0,217.0
104154,1,9105,97.0,0,380.0,217.0
104154,1,9106,97.0,0,380.0,217.0
104154,1,9107,97.0,0,380.0,217.0
104154,1,9108,97.0,0,380.0,217.0
104154,1,9109,97.0,0,380.0,217.0
104154,1,9110,97.0,0,380.0,217.0
104154,1,9111,97.0,0,380.0,217.0
104154,1,9112,97.0,0,380.0,217.0
104154,1,9113,97.0,0,380.0,217.0
104154,1,9114,97.0,0,380.0,217.0
104154,1,9115,97.0,0,380.0,217.0
104154,1,9116,97.0,0,380.0,217.0
104154,1,9117,97.0,0,380.0,217.0
104154,1,9118,97.0,0,380.0,217.0
104154,1,9119,97.0,0,380.0,217.0
104154,1,9120,97.0,0,380.0,217.0
104154,1,9121,97.0,0,380.0,217.0
104154,1,9122,97.0,0,380.0,217.0
104154,1,9123,97.0,0,380.0,217.0
104154,1,9124,97.0,0,380.0,217.0
104154,1,9125,97.0,0,380.0,217.0
104154,1,9126,97.0,0,380.0,217.0
104154,1,9127,97.0,0,380.0,217.0
104154,1,9128,97.0,0,380.0,217.0
104154,1,9129,97.0,0,380.0,217.0
104154,1,9130,97.0,0,380.0,217.0
104154,1,9131,97.0,0,380.0,217.0
104154,1,9132,97.0,0,380.0,217.0
104154,1,9133,97.0,0,380.0,217.0
104154,1,9134,97.0,0,380.0,217.0
104154,1,9135,97.0,0,380.0,217.0
104154,1,9136,97.0,0,380.0,217.0
104154,1,9137,97.0,0,380.0,217.0
104154,1,9138,97.0,0,380.0,217.0
104154,1,9139,97.0,0,380.0,217.0
104154,1,9140,97.0,0,380.0,217.0
104154,1,9141,97.0,0,380.0,217.0
104154,1,9142,97.0,0,380.0,217.0
104154,1,9143,97.0,0,380.0,217.0
104154,1,9144,97.0,0,380.0,217.0
104154,1,9145,97.0,0,380.0,217.0
104154,1,9146,97.0,0,380.0,217.0
104154,1,9147,97.0,0,380.0,217.0
104154,1,9148,97.0,0,380.0,217.0
104154,1,9149,97.0,0,380.0,217.0
104154,1,9150,97.0,0,380.0,217.0
104154,1,9151,97.0,0,380.0,217.0
104154,1,9152,97.0,0,380.0,217.0
104154,1,9153,97.0,0,380.0,217.0
104154,1,9154,97.0,0,380.0,217.0
104154,1,9155,97.0,0,380.0,217.0
104154,1,9156,97.0,0,380.0,217.0
104154,1,9157,97.0,0,380.0,217.0
104154,1,9158,97.0,0,380.0,217.0
104154,1,9159,97.0,0,380.0,217.0
104154,1,9160,97.0,0,380.0,217.0
104154,1,9161,97.0,0,380.0,217.0
104154,1,9162,97.0,0,401.0,217.0
104154,1,9163,97.0,0,401.0,217.0
104154,1,9164,97.0,0,401.0,217.0
104154,1,9165,97.0,0,401.0,217.0
104154,1,9166,97.0,0,401.0,217.0
104154,1,9167,97.0,0,401.0,217.0
104154,1,9168,97.0,0,401.0,217.0
104154,1,9169,97.0,0,401.0,217.0
104154,1,9170,97.0,0,401.0,217.0
104154,1,9171,97.0,0,401.0,217.0
104154,1,9172,97.0,0,401.0,217.0
104154,1,9173,97.0,0,401.0,217.0
104154,1,9174,97.0,0,401.0,217.0
104154,1,9175,97.0,0,401.0,217.0
104154,1,9176,97.0,0,401.0,217.0
104154,1,9177,97.0,0,401.0,217.0
104154,1,9178,97.0,0,401.0,217.0
104154,1,9179,97.0,0,401.0,217.0
104154,1,9180,97.0,0,401.0,217.0
104154,1,9181,97.0,0,401.0,217.0
104154,1,9182,97.0,0,401.0,217.0
104154,1,9183,97.0,0,401.0,217.0
104154,1,9184,97.0,0,401.0,217.0
104154,1,9185,97.0,0,401.0,217.0
104154,1,9186,97.0,0,401.0,217.0
104154,1,9187,97.0,0,401.0,217.0
104154,1,9188,97.0,0,401.0,217.0
104154,1,9189,97.0,0,401.0,217.0
104154,1,9190,97.0,0,401.0,217.0
104154,1,9191,97.0,0,401.0,217.0
104154,1,9192,97.0,0,401.0,217.0
104154,1,9193,97.0,0,401.0,217.0
104154,1,9194,97.0,0,401.0,217.0
104154,1,9195,97.0,0,401.0,217.0
104154,1,9196,97.0,0,401.0,217.0
104154,1,9197,97.0,0,401.0,217.0
104154,1,9198,97.0,0,401.0,217.0
104154,1,9199,97.0,0,401.0,217.0
104154,1,9200,97.0,0,401.0,217.0
104154,1,9201,97.0,0,401.0,217.0
104154,1,9202,97.0,0,401.0,217.0
104154,1,9203,97.0,0,401.0,217.0
104154,1,9204,97.0,0,401.0,217.0
104154,1,9205,97.0,0,427.0,217.0
104154,1,9206,97.0,0,427.0,217.0
104154,1,9207,97.0,0,427.0,217.0
104154,1,9208,97.0,0,427.0,217.0
104154,1,9209,97.0,0,427.0,217.0
104154,1,9210,97.0,0,427.0,217.0
104154,1,9211,97.0,0,427.0,217.0
104154,1,9212,97.0,0,427.0,217.0
104154,1,9213,97.0,0,427.0,217.0
104154,1,9214,97.0,0,427.0,217.0
104154,1,9215,97.0,0,427.0,217.0
104154,1,9216,97.0,0,427.0,217.0
104154,1,9217,97.0,0,427.0,217.0
104154,1,9218,97.0,0,427.0,217.0
104154,1,9219,97.0,0,427.0,217.0
104154,1,9220,97.0,0,427.0,217.0
104154,1,9221,97.0,0,427.0,217.0
104154,1,9222,97.0,0,427.0,217.0
104154,1,9223,97.0,0,427.0,217.0
104154,1,9224,97.0,0,427.0,217.0
104154,1,9225,97.0,0,427.0,217.0
104154,1,9226,97.0,0,427.0,217.0
104154,1,9227,97.0,0,427.0,217.0
104154,1,9228,97.0,0,427.0,217.0
104154,1,9229,97.0,0,400.0,217.0
104154,1,9230,97.0,0,400.0,217.0
104154,1,9231,97.0,0,400.0,217.0
104154,1,9232,97.0,0,400.0,217.0
104154,1,9233,97.0,0,400.0,217.0
104154,1,9234,97.0,0,400.0,217.0
104154,1,9235,97.0,0,400.0,217.0
104154,1,9236,97.0,0,400.0,217.0
104154,1,9237,97.0,0,400.0,217.0
104154,1,9238,97.0,0,400.0,217.0
104154,1,9239,97.0,0,400.0,217.0
104154,1,9240,97.0,0,423.0,217.0
104154,1,9241,97.0,0,423.0,217.0
104154,1,9242,97.0,0,423.0,217.0
104154,1,9243,97.0,0,423.0,217.0
104154,1,9244,97.0,0,423.0,217.0
104154,1,9245,97.0,0,423.0,217.0
104154,1,9246,97.0,0,423.0,217.0
104154,1,9247,97.0,0,423.0,217.0
104154,1,9248,97.0,0,423.0,217.0
104154,1,9249,97.0,0,423.0,217.0
104154,1,9250,97.0,0,423.0,217.0
104154,1,9251,97.0,0,423.0,217.0
104154,1,9252,97.0,0,423.0,217.0
104154,1,9253,97.0,0,423.0,217.0
104154,1,9254,97.0,0,423.0,217.0
104154,1,9255,97.0,0,423.0,217.0
104154,1,9256,97.0,0,423.0,217.0
104154,1,9257,97.0,0,423.0,217.0
104154,1,9258,97.0,0,423.0,217.0
104154,1,9259,97.0,0,423.0,217.0
104154,1,9260,97.0,0,423.0,217.0
104154,1,9261,97.0,0,423.0,217.0
104154,1,9262,97.0,0,423.0,217.0
104154,1,9263,97.0,0,423.0,217.0
104154,1,9264,97.0,0,423.0,217.0
104154,1,9265,97.0,0,423.0,217.0
104154,1,9266,97.0,0,423.0,217.0
104154,1,9267,97.0,0,423.0,217.0
104154,1,9268,97.0,0,423.0,217.0
104154,1,9269,97.0,0,423.0,217.0
104154,1,9270,97.0,0,423.0,217.0
104154,1,9271,97.0,0,423.0,217.0
104154,1,9272,97.0,0,423.0,217.0
104154,1,9273,97.0,0,423.0,217.0
104154,1,9274,97.0,0,423.0,217.0
104154,1,9275,97.0,0,423.0,217.0
104154,1,9276,97.0,0,423.0,217.0
104154,1,9277,97.0,0,423.0,217.0
104154,1,9278,97.0,0,423.0,217.0
104154,1,9279,97.0,0,423.0,217.0
104154,1,9280,97.0,0,423.0,217.0
104154,1,9281,97.0,0,423.0,217.0
104154,1,9282,97.0,0,423.0,217.0
104154,1,9283,97.0,0,423.0,217.0
104154,1,9284,97.0,0,423.0,217.0
104154,1,9285,97.0,0,435.0,217.0
104154,1,9286,97.0,0,435.0,217.0
104154,1,9287,97.0,0,435.0,217.0
104154,1,9288,97.0,0,435.0,217.0
104154,1,9289,97.0,0,435.0,217.0
104154,1,9290,97.0,0,435.0,217.0
104154,1,9291,97.0,0,435.0,217.0
104154,1,9292,97.0,0,435.0,217.0
104154,1,9293,97.0,0,435.0,217.0
104154,1,9294,97.0,0,435.0,217.0
104154,1,9295,97.0,0,435.0,217.0
104154,1,9296,97.0,0,435.0,217.0
104154,1,9297,97.0,0,435.0,217.0
104154,1,9298,97.0,0,435.0,217.0
104154,1,9299,97.0,0,435.0,217.0
104154,1,9300,97.0,0,435.0,217.0
104154,1,9301,97.0,0,435.0,217.0
104154,1,9302,97.0,0,435.0,217.0
104154,1,9303,97.0,0,435.0,217.0
104154,1,9304,97.0,0,435.0,217.0
104154,1,9305,97.0,0,435.0,217.0
104154,1,9306,97.0,0,435.0,217.0
104154,1,9307,97.0,0,435.0,217.0
104154,1,9308,97.0,0,435.0,217.0
104154,1,9309,97.0,0,435.0,217.0
104154,1,9310,97.0,0,435.0,217.0
104154,1,9311,97.0,0,435.0,217.0
104154,1,9312,97.0,0,435.0,217.0
104154,1,9313,97.0,0,435.0,217.0
104154,1,9314,97.0,0,435.0,217.0
104154,1,9315,97.0,0,435.0,217.0
104154,1,9316,97.0,0,435.0,217.0
104154,1,9317,97.0,0,435.0,217.0
104154,1,9318,97.0,0,435.0,217.0
104154,1,9319,97.0,0,435.0,217.0
104154,1,9320,97.0,0,435.0,217.0
104154,1,9321,97.0,0,435.0,217.0
104154,1,9322,97.0,0,435.0,217.0
104154,1,9323,97.0,0,435.0,217.0
104154,1,9324,97.0,0,435.0,217.0
104154,1,9325,97.0,0,435.0,217.0
104154,1,9326,97.0,0,435.0,217.0
104154,1,9327,97.0,0,435.0,217.0
104154,1,9328,97.0,0,435.0,217.0
104154,1,9329,97.0,0,435.0,217.0
104154,1,9330,97.0,0,435.0,217.0
104154,1,9331,97.0,0,435.0,217.0
104154,1,9332,97.0,0,435.0,217.0
104154,1,9333,97.0,0,435.0,217.0
104154,1,9334,97.0,0,435.0,217.0
104154,1,9335,97.0,0,435.0,217.0
104154,1,9336,97.0,0,435.0,217.0
104154,1,9337,97.0,0,435.0,217.0
104154,1,9338,97.0,0,435.0,217.0
104154,1,9339,97.0,0,435.0,217.0
104154,1,9340,97.0,0,435.0,217.0
104154,1,9341,97.0,0,435.0,217.0
104154,1,9342,97.0,0,435.0,217.0
104154,1,9343,97.0,0,435.0,217.0
104154,1,9344,97.0,0,435.0,217.0
104154,1,9345,97.0,0,435.0,217.0
104154,1,9346,97.0,0,435.0,217.0
104154,1,9347,97.0,0,435.0,217.0
104154,1,9348,97.0,0,435.0,217.0
104154,1,9349,97.0,0,435.0,217.0
104154,1,9350,97.0,0,435.0,217.0
104154,1,9351,97.0,0,454.0,217.0
104154,1,9352,97.0,0,454.0,217.0
104154,1,9353,97.0,0,454.0,217.0
104154,1,9354,97.0,0,454.0,217.0
104154,1,9355,97.0,0,454.0,217.0
104154,1,9356,97.0,0,454.0,217.0
104154,1,9357,97.0,0,454.0,217.0
104154,1,9358,97.0,0,454.0,217.0
104154,1,9359,97.0,0,454.0,217.0
104154,1,9360,97.0,0,454.0,217.0
104154,1,9361,97.0,0,454.0,217.0
104154,1,9362,97.0,0,454.0,217.0
104154,1,9363,97.0,0,454.0,217.0
104154,1,9364,97.0,0,454.0,217.0
104154,1,9365,97.0,0,454.0,217.0
104154,1,9366,97.0,0,454.0,217.0
104154,1,9367,97.0,0,454.0,217.0
104154,1,9368,97.0,0,454.0,217.0
104154,1,9369,97.0,0,454.0,217.0
104154,1,9370,97.0,0,454.0,217.0
104154,1,9371,97.0,0,454.0,217.0
104154,1,9372,97.0,0,454.0,217.0
104154,1,9373,97.0,0,454.0,217.0
104154,1,9374,97.0,0,454.0,217.0
104154,1,9375,97.0,0,454.0,217.0
104154,1,9376,97.0,0,454.0,217.0
104154,1,9377,97.0,0,454.0,217.0
104154,1,9378,97.0,0,454.0,217.0
104154,1,9379,97.0,25.0,460.0,217.0
104154,1,9380,97.0,25.0,460.0,217.0
104154,1,9381,97.0,25.0,460.0,217.0
104154,1,9382,97.0,25.0,460.0,217.0
104154,1,9383,97.0,25.0,460.0,217.0
104154,1,9384,97.0,25.0,460.0,217.0
104154,1,9385,97.0,25.0,460.0,217.0
104154,1,9386,97.0,25.0,460.0,217.0
104154,1,9387,97.0,25.0,460.0,217.0
104154,1,9388,97.0,25.0,460.0,217.0
104154,1,9389,97.0,25.0,460.0,217.0
104154,1,9390,97.0,25.0,469.0,217.0
104154,1,9391,97.0,25.0,469.0,217.0
104154,1,9392,97.0,25.0,469.0,217.0
104154,1,9393,97.0,25.0,469.0,217.0
104154,1,9394,97.0,25.0,469.0,217.0
104154,1,9395,97.0,25.0,469.0,217.0
104154,1,9396,97.0,25.0,469.0,217.0
104154,1,9397,97.0,25.0,469.0,217.0
104154,1,9398,97.0,25.0,469.0,217.0
104154,1,9399,97.0,25.0,469.0,217.0
104154,1,9400,97.0,25.0,469.0,217.0
104154,1,9401,97.0,25.0,469.0,217.0
104154,1,9402,97.0,25.0,469.0,217.0
104154,1,9403,97.0,25.0,469.0,217.0
104154,1,9404,97.0,25.0,469.0,217.0
104154,1,9405,97.0,25.0,469.0,217.0
104154,1,9406,97.0,25.0,469.0,217.0
104154,1,9407,97.0,25.0,469.0,217.0
104154,1,9408,97.0,25.0,469.0,217.0
104154,1,9409,97.0,25.0,469.0,217.0
104154,1,9410,97.0,25.0,469.0,217.0
104154,1,9411,97.0,25.0,469.0,217.0
104154,1,9412,97.0,25.0,469.0,217.0
104154,1,9413,97.0,25.0,469.0,217.0
104154,1,9414,97.0,25.0,469.0,217.0
104154,1,9415,97.0,25.0,469.0,217.0
104154,1,9416,97.0,25.0,469.0,217.0
104154,1,9417,97.0,25.0,469.0,217.0
104154,1,9418,97.0,25.0,469.0,217.0
104154,1,9419,97.0,25.0,469.0,217.0
104154,1,9420,97.0,25.0,469.0,217.0
104154,1,9421,97.0,25.0,469.0,217.0
104154,1,9422,97.0,25.0,469.0,217.0
104154,1,9423,97.0,25.0,469.0,217.0
104154,1,9424,97.0,25.0,469.0,217.0
104154,1,9425,97.0,25.0,469.0,217.0
104154,1,9426,97.0,25.0,469.0,217.0
104154,1,9427,97.0,25.0,469.0,217.0
104154,1,9428,97.0,25.0,469.0,217.0
104154,1,9429,97.0,25.0,469.0,217.0
104154,1,9430,97.0,25.0,469.0,217.0
104154,1,9431,97.0,25.0,469.0,217.0
104154,1,9432,97.0,25.0,469.0,217.0
104154,1,9433,97.0,25.0,469.0,217.0
104154,1,9434,97.0,25.0,469.0,217.0
104154,1,9435,97.0,25.0,469.0,217.0
104154,1,9436,97.0,25.0,469.0,217.0
104154,1,9437,97.0,25.0,469.0,217.0
104154,1,9438,97.0,25.0,469.0,217.0
104154,1,9439,97.0,25.0,469.0,217.0
104154,1,9440,97.0,25.0,469.0,217.0
104154,1,9441,97.0,25.0,469.0,217.0
104154,1,9442,97.0,25.0,469.0,217.0
104154,1,9443,97.0,25.0,469.0,217.0
104154,1,9444,97.0,25.0,469.0,217.0
104154,1,9445,97.0,25.0,469.0,217.0
104154,1,9446,97.0,25.0,469.0,217.0
104154,1,9447,97.0,25.0,469.0,217.0
104154,1,9448,97.0,25.0,469.0,217.0
104154,1,9449,97.0,25.0,469.0,217.0
104154,1,9450,97.0,25.0,469.0,217.0
104154,1,9451,97.0,25.0,469.0,217.0
104154,1,9452,97.0,25.0,469.0,217.0
104154,1,9453,97.0,25.0,469.0,217.0
104154,1,9454,97.0,25.0,469.0,217.0
104154,1,9455,97.0,25.0,469.0,217.0
104154,1,9456,97.0,25.0,469.0,217.0
104154,1,9457,97.0,25.0,469.0,217.0
104154,1,9458,97.0,25.0,469.0,217.0
104154,1,9459,97.0,25.0,469.0,217.0
104154,1,9460,97.0,25.0,469.0,217.0
104154,1,9461,97.0,25.0,469.0,217.0
104154,1,9462,97.0,25.0,469.0,217.0
104154,1,9463,97.0,25.0,469.0,217.0
104154,1,9464,97.0,39.0,478.0,217.0
104154,1,9465,97.0,39.0,478.0,217.0
104154,1,9466,97.0,39.0,478.0,217.0
104154,1,9467,97.0,39.0,478.0,217.0
104154,1,9468,97.0,39.0,478.0,217.0
104154,1,9469,97.0,39.0,478.0,217.0
104154,1,9470,97.0,39.0,478.0,217.0
104154,1,9471,97.0,39.0,478.0,217.0
104154,1,9472,97.0,39.0,478.0,217.0
104154,1,9473,97.0,39.0,478.0,217.0
104154,1,9474,97.0,39.0,478.0,217.0
104154,1,9475,97.0,39.0,478.0,217.0
104154,1,9476,97.0,39.0,478.0,217.0
104154,1,9477,97.0,39.0,478.0,217.0
104154,1,9478,97.0,39.0,478.0,217.0
104154,1,9479,97.0,39.0,478.0,217.0
104154,1,9480,97.0,39.0,478.0,217.0
104154,1,9481,97.0,39.0,478.0,217.0
104154,1,9482,97.0,39.0,478.0,217.0
104154,1,9483,97.0,39.0,478.0,217.0
104154,1,9484,97.0,39.0,478.0,217.0
104154,1,9485,97.0,39.0,478.0,217.0
104154,1,9486,97.0,39.0,478.0,217.0
104154,1,9487,97.0,39.0,478.0,217.0
104154,1,9488,97.0,39.0,478.0,217.0
104154,1,9489,97.0,39.0,478.0,217.0
104154,1,9490,97.0,39.0,478.0,217.0
104154,1,9491,97.0,39.0,478.0,217.0
104154,1,9492,97.0,39.0,478.0,217.0
104154,1,9493,97.0,39.0,478.0,217.0
104154,1,9494,97.0,39.0,478.0,217.0
104154,1,9495,97.0,39.0,478.0,217.0
104154,1,9496,97.0,39.0,478.0,217.0
104154,1,9497,97.0,39.0,478.0,217.0
104154,1,9498,97.0,39.0,478.0,217.0
104154,1,9499,97.0,39.0,478.0,217.0
104154,1,9500,97.0,39.0,478.0,217.0
104154,1,9501,97.0,39.0,478.0,217.0
104154,1,9502,97.0,39.0,478.0,217.0
104154,1,9503,97.0,39.0,478.0,217.0
104154,1,9504,97.0,39.0,478.0,217.0
104154,1,9505,97.0,39.0,478.0,217.0
104154,1,9506,97.0,39.0,478.0,217.0
104154,1,9507,97.0,39.0,478.0,217.0
104154,1,9508,97.0,39.0,478.0,217.0
104154,1,9509,97.0,39.0,478.0,217.0
104154,1,9510,97.0,39.0,478.0,217.0
104154,1,9511,97.0,39.0,478.0,217.0
104154,1,9512,97.0,39.0,478.0,217.0
104154,1,9513,97.0,39.0,478.0,217.0
104154,1,9514,97.0,39.0,478.0,217.0
104154,1,9515,97.0,39.0,478.0,217.0
104154,1,9516,97.0,39.0,478.0,217.0
104154,1,9517,97.0,39.0,478.0,217.0
104154,1,9518,97.0,39.0,478.0,217.0
104154,1,9519,97.0,39.0,478.0,217.0
104154,1,9520,97.0,39.0,478.0,217.0
104154,1,9521,97.0,39.0,478.0,217.0
104154,1,9522,97.0,39.0,478.0,217.0
104154,1,9523,97.0,39.0,478.0,217.0
104154,1,9524,97.0,39.0,478.0,217.0
104154,1,9525,97.0,39.0,478.0,217.0
104154,1,9526,97.0,39.0,478.0,217.0
104154,1,9527,97.0,39.0,478.0,217.0
104154,1,9528,97.0,39.0,478.0,217.0
104154,1,9529,97.0,39.0,478.0,217.0
104154,1,9530,97.0,39.0,478.0,217.0
104154,1,9531,97.0,39.0,478.0,217.0
104154,1,9532,97.0,39.0,478.0,217.0
104154,1,9533,97.0,39.0,478.0,217.0
104154,1,9534,97.0,39.0,478.0,217.0
104154,1,9535,97.0,39.0,478.0,217.0
104154,1,9536,97.0,39.0,478.0,217.0
104154,1,9537,97.0,39.0,478.0,217.0
104154,1,9538,97.0,39.0,478.0,217.0
104154,1,9539,97.0,39.0,478.0,217.0
104154,1,9540,97.0,39.0,478.0,217.0
104154,1,9541,97.0,39.0,478.0,217.0
104154,1,9542,97.0,39.0,478.0,217.0
104154,1,9543,97.0,39.0,478.0,217.0
104154,1,9544,97.0,39.0,478.0,217.0
104154,1,9545,97.0,39.0,478.0,217.0
104154,1,9546,97.0,39.0,478.0,217.0
104154,1,9547,97.0,39.0,478.0,217.0
104154,1,9548,97.0,39.0,478.0,217.0
104154,1,9549,97.0,39.0,478.0,217.0
104154,1,9550,97.0,39.0,478.0,217.0
104154,1,9551,97.0,39.0,478.0,217.0
104154,1,9552,97.0,39.0,478.0,217.0
104154,1,9553,97.0,39.0,478.0,217.0
104154,1,9554,97.0,39.0,478.0,217.0
104154,1,9555,97.0,39.0,478.0,217.0
104154,1,9556,97.0,39.0,478.0,217.0
104154,1,9557,97.0,39.0,478.0,217.0
104154,1,9558,97.0,39.0,478.0,217.0
104154,1,9559,97.0,39.0,478.0,217.0
104154,1,9560,97.0,39.0,478.0,217.0
104154,1,9561,97.0,39.0,478.0,217.0
104154,1,9562,97.0,39.0,478.0,217.0
104154,1,9563,97.0,39.0,478.0,217.0
104154,1,9564,97.0,39.0,478.0,217.0
104154,1,9565,97.0,39.0,478.0,217.0
104154,1,9566,97.0,39.0,478.0,217.0
104154,1,9567,97.0,39.0,478.0,217.0
104154,1,9568,97.0,39.0,478.0,217.0
104154,1,9569,97.0,39.0,478.0,217.0
104154,1,9570,97.0,39.0,478.0,217.0
104154,1,9571,97.0,39.0,478.0,217.0
104154,1,9572,97.0,39.0,478.0,217.0
104154,1,9573,97.0,39.0,478.0,217.0
104154,1,9574,97.0,39.0,478.0,217.0
104154,1,9575,97.0,39.0,478.0,217.0
104154,1,9576,97.0,39.0,478.0,217.0
104154,1,9577,97.0,39.0,478.0,217.0
104154,1,9578,97.0,39.0,478.0,217.0
104154,1,9579,97.0,39.0,478.0,217.0
104154,1,9580,97.0,25.0,478.0,217.0
104154,1,9581,97.0,25.0,478.0,217.0
104154,1,9582,97.0,25.0,478.0,217.0
104154,1,9583,97.0,25.0,478.0,217.0
104154,1,9584,97.0,25.0,478.0,217.0
104154,1,9585,97.0,25.0,478.0,217.0
104154,1,9586,97.0,25.0,478.0,217.0
104154,1,9587,97.0,25.0,478.0,217.0
104154,1,9588,97.0,25.0,478.0,217.0
104154,1,9589,97.0,25.0,478.0,217.0
104154,1,9590,97.0,25.0,478.0,217.0
104154,1,9591,97.0,25.0,478.0,217.0
104154,1,9592,97.0,25.0,478.0,217.0
104154,1,9593,97.0,25.0,478.0,217.0
104154,1,9594,97.0,25.0,478.0,217.0
104154,1,9595,97.0,25.0,478.0,217.0
104154,1,9596,97.0,25.0,478.0,217.0
104154,1,9597,97.0,25.0,478.0,217.0
104154,1,9598,97.0,25.0,478.0,217.0
104154,1,9599,97.0,9.0,478.0,217.0
104154,1,9600,97.0,9.0,478.0,217.0
104154,1,9601,97.0,9.0,478.0,217.0
104154,1,9602,97.0,9.0,478.0,217.0
104154,1,9603,97.0,9.0,478.0,217.0
104154,1,9604,97.0,9.0,478.0,217.0
104154,1,9605,97.0,9.0,478.0,217.0
104154,1,9606,97.0,9.0,478.0,217.0
104154,1,9607,97.0,9.0,478.0,217.0
104154,1,9608,97.0,9.0,478.0,217.0
104154,1,9609,97.0,9.0,478.0,217.0
104154,1,9610,97.0,9.0,478.0,217.0
104154,1,9611,97.0,9.0,478.0,217.0
104154,1,9612,97.0,9.0,478.0,217.0
104154,1,9613,97.0,9.0,478.0,217.0
104154,1,9614,97.0,9.0,478.0,217.0
104154,1,9615,97.0,9.0,478.0,217.0
104154,1,9616,97.0,9.0,478.0,217.0
104154,1,9617,97.0,9.0,478.0,217.0
104154,1,9618,97.0,9.0,478.0,217.0
104154,1,9619,97.0,9.0,478.0,217.0
104154,1,9620,97.0,9.0,478.0,217.0
104154,1,9621,97.0,9.0,478.0,217.0
104154,1,9622,97.0,9.0,478.0,217.0
104154,1,9623,97.0,9.0,478.0,217.0
104154,1,9624,97.0,9.0,478.0,217.0
104154,1,9625,97.0,0,478.0,217.0
104154,1,9626,97.0,0,478.0,217.0
104154,1,9627,97.0,0,478.0,217.0
104154,1,9628,97.0,0,478.0,217.0
104154,1,9629,97.0,0,478.0,217.0
104154,1,9630,97.0,0,478.0,217.0
104154,1,9631,97.0,0,478.0,217.0
104154,1,9632,97.0,0,478.0,217.0
104154,1,9633,97.0,0,478.0,217.0
104154,1,9634,97.0,0,478.0,217.0
104154,1,9635,97.0,0,478.0,217.0
104154,1,9636,97.0,0,478.0,217.0
104154,1,9637,97.0,0,478.0,217.0
104154,1,9638,97.0,0,478.0,217.0
104154,1,9639,97.0,0,478.0,217.0
104154,1,9640,97.0,0,455.0,217.0
104154,1,9641,97.0,0,455.0,217.0
104154,1,9642,97.0,0,455.0,217.0
104154,1,9643,97.0,0,455.0,217.0
104154,1,9644,97.0,0,455.0,217.0
104154,1,9645,97.0,0,455.0,217.0
104154,1,9646,97.0,0,455.0,217.0
104154,1,9647,97.0,0,455.0,217.0
104154,1,9648,97.0,0,455.0,217.0
104154,1,9649,97.0,0,455.0,217.0
104154,1,9650,97.0,0,455.0,217.0
104154,1,9651,97.0,0,455.0,217.0
104154,1,9652,97.0,0,455.0,217.0
104154,1,9653,97.0,0,440.0,217.0
104154,1,9654,97.0,0,440.0,217.0
104154,1,9655,97.0,0,440.0,217.0
104154,1,9656,97.0,0,440.0,217.0
104154,1,9657,97.0,0,440.0,217.0
104154,1,9658,97.0,0,440.0,217.0
104154,1,9659,97.0,0,440.0,217.0
104154,1,9660,97.0,0,440.0,217.0
104154,1,9661,97.0,0,440.0,217.0
104154,1,9662,97.0,0,440.0,217.0
104154,1,9663,97.0,0,440.0,217.0
104154,1,9664,97.0,0,440.0,217.0
104154,1,9665,97.0,0,440.0,217.0
104154,1,9666,97.0,0,420.0,217.0
104154,1,9667,97.0,0,420.0,217.0
104154,1,9668,97.0,0,420.0,217.0
104154,1,9669,97.0,0,420.0,217.0
104154,1,9670,97.0,0,420.0,217.0
104154,1,9671,97.0,0,420.0,217.0
104154,1,9672,97.0,0,420.0,217.0
104154,1,9673,97.0,0,420.0,217.0
104154,1,9674,97.0,0,420.0,217.0
104154,1,9675,97.0,0,420.0,217.0
104154,1,9676,97.0,0,420.0,217.0
104154,1,9677,97.0,0,410.0,217.0
104154,1,9678,97.0,0,410.0,217.0
104154,1,9679,97.0,0,410.0,217.0
104154,1,9680,97.0,0,410.0,217.0
104154,1,9681,97.0,0,410.0,217.0
104154,1,9682,97.0,0,410.0,217.0
104154,1,9683,97.0,0,410.0,217.0
104154,1,9684,97.0,0,410.0,217.0
104154,1,9685,97.0,0,410.0,217.0
104154,1,9686,97.0,0,410.0,217.0
104154,1,9687,97.0,0,410.0,217.0
104154,1,9688,97.0,0,410.0,217.0
104154,1,9689,97.0,0,410.0,217.0
104154,1,9690,97.0,0,410.0,217.0
104154,1,9691,97.0,0,410.0,217.0
104154,1,9692,97.0,0,407.0,217.0
104154,1,9693,97.0,0,407.0,217.0
104154,1,9694,97.0,0,407.0,217.0
104154,1,9695,97.0,0,407.0,217.0
104154,1,9696,97.0,0,407.0,217.0
104154,1,9697,97.0,0,407.0,217.0
104154,1,9698,97.0,0,407.0,217.0
104154,1,9699,97.0,0,407.0,217.0
104154,1,9700,97.0,0,407.0,217.0
104154,1,9701,97.0,0,407.0,217.0
104154,1,9702,97.0,0,407.0,217.0
104154,1,9703,97.0,0,407.0,217.0
104154,1,9704,97.0,0,407.0,217.0
104154,1,9705,97.0,0,407.0,217.0
104154,1,9706,97.0,0,407.0,217.0
104154,1,9707,97.0,0,407.0,217.0
104154,1,9708,97.0,0,407.0,217.0
104154,1,9709,97.0,0,407.0,217.0
104154,1,9710,97.0,0,407.0,217.0
104154,1,9711,97.0,0,418.0,217.0
104154,1,9712,97.0,0,418.0,217.0
104154,1,9713,97.0,0,418.0,217.0
104154,1,9714,97.0,0,418.0,217.0
104154,1,9715,97.0,0,418.0,217.0
104154,1,9716,97.0,0,418.0,217.0
104154,1,9717,97.0,0,418.0,217.0
104154,1,9718,97.0,0,418.0,217.0
104154,1,9719,97.0,0,418.0,217.0
104154,1,9720,97.0,0,418.0,217.0
104154,1,9721,97.0,0,418.0,217.0
104154,1,9722,97.0,0,418.0,217.0
104154,1,9723,97.0,0,418.0,217.0
104154,1,9724,97.0,0,418.0,217.0
104154,1,9725,97.0,0,418.0,217.0
104154,1,9726,97.0,0,418.0,217.0
104154,1,9727,97.0,0,428.0,217.0
104154,1,9728,97.0,0,428.0,217.0
104154,1,9729,97.0,0,428.0,217.0
104154,1,9730,97.0,0,428.0,217.0
104154,1,9731,97.0,0,428.0,217.0
104154,1,9732,97.0,0,428.0,217.0
104154,1,9733,97.0,0,428.0,217.0
104154,1,9734,97.0,0,428.0,217.0
104154,1,9735,97.0,0,428.0,217.0
104154,1,9736,97.0,0,428.0,217.0
104154,1,9737,97.0,0,428.0,217.0
104154,1,9738,97.0,0,428.0,217.0
104154,1,9739,97.0,0,428.0,217.0
104154,1,9740,97.0,0,428.0,217.0
104154,1,9741,97.0,0,428.0,217.0
104154,1,9742,97.0,0,443.0,217.0
104154,1,9743,97.0,0,443.0,217.0
104154,1,9744,97.0,0,443.0,217.0
104154,1,9745,97.0,0,443.0,217.0
104154,1,9746,97.0,0,443.0,217.0
104154,1,9747,97.0,0,443.0,217.0
104154,1,9748,97.0,0,443.0,217.0
104154,1,9749,97.0,0,443.0,217.0
104154,1,9750,97.0,0,443.0,217.0
104154,1,9751,97.0,0,457.0,217.0
104154,1,9752,97.0,0,457.0,217.0
104154,1,9753,97.0,0,457.0,217.0
104154,1,9754,97.0,0,457.0,217.0
104154,1,9755,97.0,0,457.0,217.0
104154,1,9756,97.0,0,457.0,217.0
104154,1,9757,97.0,0,457.0,217.0
104154,1,9758,97.0,0,457.0,217.0
104154,1,9759,97.0,0,457.0,217.0
104154,1,9760,97.0,0,463.0,217.0
104154,1,9761,97.0,0,463.0,217.0
104154,1,9762,97.0,0,463.0,217.0
104154,1,9763,97.0,0,463.0,217.0
104154,1,9764,97.0,0,463.0,217.0
104154,1,9765,97.0,0,463.0,217.0
104154,1,9766,97.0,0,463.0,217.0
104154,1,9767,97.0,0,463.0,217.0
104154,1,9768,97.0,0,463.0,217.0
104154,1,9769,97.0,0,463.0,217.0
104154,1,9770,97.0,0,463.0,217.0
104154,1,9771,97.0,0,463.0,217.0
104154,1,9772,97.0,0,463.0,217.0
104154,1,9773,97.0,0,463.0,217.0
104154,1,9774,97.0,0,463.0,217.0
104154,1,9775,97.0,0,463.0,217.0
104154,1,9776,97.0,0,463.0,217.0
104154,1,9777,97.0,0,463.0,217.0
104154,1,9778,97.0,0,463.0,217.0
104154,1,9779,97.0,0,463.0,217.0
104154,1,9780,97.0,0,463.0,217.0
104154,1,9781,97.0,0,463.0,217.0
104154,1,9782,97.0,0,463.0,217.0
104154,1,9783,97.0,0,471.0,217.0
104154,1,9784,97.0,0,471.0,217.0
104154,1,9785,97.0,0,471.0,217.0
104154,1,9786,97.0,0,471.0,217.0
104154,1,9787,97.0,0,471.0,217.0
104154,1,9788,97.0,0,471.0,217.0
104154,1,9789,97.0,0,471.0,217.0
104154,1,9790,97.0,0,471.0,217.0
104154,1,9791,97.0,0,471.0,217.0
104154,1,9792,97.0,0,471.0,217.0
104154,1,9793,97.0,0,471.0,217.0
104154,1,9794,97.0,0,471.0,217.0
104154,1,9795,97.0,0,471.0,217.0
104154,1,9796,97.0,0,471.0,217.0
104154,1,9797,97.0,0,471.0,217.0
104154,1,9798,97.0,0,471.0,217.0
104154,1,9799,97.0,0,471.0,217.0
104154,1,9800,97.0,0,471.0,217.0
104154,1,9801,97.0,0,471.0,217.0
104154,1,9802,97.0,0,471.0,217.0
104154,1,9803,97.0,0,471.0,217.0
104154,1,9804,97.0,0,471.0,217.0
104154,1,9805,97.0,0,471.0,217.0
104154,1,9806,97.0,0,471.0,217.0
104154,1,9807,97.0,0,471.0,217.0
104154,1,9808,97.0,0,471.0,217.0
104154,1,9809,97.0,0,471.0,217.0
104154,1,9810,97.0,0,471.0,217.0
104154,1,9811,97.0,0,471.0,217.0
104154,1,9812,97.0,0,471.0,217.0
104154,1,9813,97.0,0,471.0,217.0
104154,1,9814,97.0,0,471.0,217.0
104154,1,9815,97.0,0,471.0,217.0
104154,1,9816,97.0,0,471.0,217.0
104154,1,9817,97.0,0,471.0,217.0
104154,1,9818,97.0,0,471.0,217.0
104154,1,9819,97.0,0,471.0,217.0
104154,1,9820,97.0,0,471.0,217.0
104154,1,9821,97.0,0,471.0,217.0
104154,1,9822,97.0,0,471.0,217.0
104154,1,9823,97.0,0,471.0,217.0
104154,1,9824,97.0,0,471.0,217.0
104154,1,9825,97.0,0,436.0,217.0
104154,1,9826,97.0,0,436.0,217.0
104154,1,9827,97.0,0,436.0,217.0
104154,1,9828,97.0,0,436.0,217.0
104154,1,9829,97.0,0,436.0,217.0
104154,1,9830,97.0,0,436.0,217.0
104154,1,9831,97.0,0,436.0,217.0
104154,1,9832,103.0,0,421.0,217.0
104154,1,9833,103.0,0,421.0,217.0
104154,1,9834,103.0,0,421.0,217.0
104154,1,9835,103.0,0,421.0,217.0
104154,1,9836,103.0,0,421.0,217.0
104154,1,9837,103.0,0,421.0,217.0
104154,1,9838,103.0,0,421.0,217.0
104154,1,9839,103.0,0,421.0,217.0
104154,1,9840,103.0,0,421.0,217.0
104154,1,9841,103.0,0,421.0,217.0
104154,1,9842,103.0,0,396.0,217.0
104154,1,9843,103.0,0,396.0,217.0
104154,1,9844,103.0,0,396.0,217.0
104154,1,9845,103.0,0,396.0,217.0
104154,1,9846,103.0,0,396.0,217.0
104154,1,9847,103.0,0,396.0,217.0
104154,1,9848,103.0,0,396.0,217.0
104154,1,9849,107.0,0,396.0,217.0
104154,1,9850,107.0,0,396.0,217.0
104154,1,9851,107.0,0,396.0,217.0
104154,1,9852,107.0,0,396.0,217.0
104154,1,9853,107.0,0,396.0,217.0
104154,1,9854,107.0,0,396.0,217.0
104154,1,9855,107.0,0,396.0,217.0
104154,1,9856,107.0,0,338.0,217.0
104154,1,9857,107.0,0,338.0,217.0
104154,1,9858,107.0,0,338.0,217.0
104154,1,9859,107.0,0,338.0,217.0
104154,1,9860,107.0,0,338.0,217.0
104154,1,9861,118.0,0,311.0,217.0
104154,1,9862,118.0,0,311.0,217.0
104154,1,9863,118.0,0,311.0,217.0
104154,1,9864,118.0,0,311.0,217.0
104154,1,9865,118.0,0,311.0,217.0
104154,1,9866,118.0,0,311.0,217.0
104154,1,9867,118.0,0,311.0,217.0
104154,1,9868,118.0,0,311.0,217.0
104154,1,9869,118.0,0,311.0,217.0
104154,1,9870,118.0,0,311.0,217.0
104154,1,9871,118.0,0,271.0,217.0
104154,1,9872,118.0,0,271.0,217.0
104154,1,9873,118.0,0,271.0,217.0
104154,1,9874,118.0,0,271.0,217.0
104154,1,9875,118.0,0,271.0,217.0
104154,1,9876,118.0,0,271.0,217.0
104154,1,9877,118.0,0,271.0,217.0
104154,1,9878,129.0,0,271.0,217.0
104154,1,9879,129.0,0,271.0,217.0
104154,1,9880,129.0,0,271.0,217.0
104154,1,9881,129.0,0,271.0,217.0
104154,1,9882,129.0,0,271.0,217.0
104154,1,9883,129.0,0,271.0,217.0
104154,1,9884,129.0,0,271.0,217.0
104154,1,9885,129.0,0,271.0,217.0
104154,1,9886,129.0,0,258.0,217.0
104154,1,9887,129.0,0,258.0,217.0
104154,1,9888,129.0,0,258.0,217.0
104154,1,9889,129.0,0,258.0,217.0
104154,1,9890,129.0,0,258.0,217.0
104154,1,9891,129.0,0,258.0,217.0
104154,1,9892,129.0,0,258.0,217.0
104154,1,9893,129.0,0,258.0,217.0
104154,1,9894,129.0,0,273.0,217.0
104154,1,9895,129.0,0,273.0,217.0
104154,1,9896,129.0,0,273.0,217.0
104154,1,9897,129.0,0,273.0,217.0
104154,1,9898,129.0,0,273.0,217.0
104154,1,9899,129.0,0,273.0,217.0
104154,1,9900,129.0,0,273.0,217.0
104154,1,9901,129.0,0,273.0,217.0
104154,1,9902,129.0,0,273.0,217.0
104154,1,9903,129.0,0,273.0,217.0
104154,1,9904,129.0,0,273.0,217.0
104154,1,9905,129.0,0,273.0,217.0
104154,1,9906,129.0,5.0,273.0,217.0
104154,1,9907,129.0,5.0,273.0,217.0
104154,1,9908,129.0,5.0,273.0,217.0
104154,1,9909,129.0,5.0,273.0,217.0
104154,1,9910,129.0,5.0,273.0,217.0
104154,1,9911,129.0,5.0,273.0,217.0
104154,1,9912,129.0,5.0,273.0,217.0
104154,1,9913,129.0,5.0,273.0,217.0
104154,1,9914,129.0,5.0,273.0,217.0
104154,1,9915,129.0,5.0,273.0,217.0
104154,1,9916,129.0,10.0,273.0,217.0
104154,1,9917,129.0,10.0,273.0,217.0
104154,1,9918,129.0,10.0,273.0,217.0
104154,1,9919,129.0,10.0,273.0,217.0
104154,1,9920,129.0,10.0,273.0,217.0
104154,1,9921,129.0,10.0,273.0,217.0
104154,1,9922,129.0,10.0,273.0,217.0
104154,1,9923,129.0,10.0,273.0,217.0
104154,1,9924,129.0,10.0,273.0,217.0
104154,1,9925,129.0,10.0,273.0,217.0
104154,1,9926,129.0,10.0,273.0,217.0
104154,1,9927,129.0,10.0,273.0,217.0
104154,1,9928,129.0,10.0,273.0,217.0
104154,1,9929,129.0,10.0,273.0,217.0
104154,1,9930,129.0,10.0,273.0,217.0
104154,1,9931,129.0,10.0,273.0,217.0
104154,1,9932,129.0,10.0,273.0,217.0
104154,1,9933,129.0,10.0,273.0,217.0
104154,1,9934,129.0,10.0,273.0,217.0
104154,1,9935,129.0,10.0,273.0,217.0
104154,1,9936,129.0,10.0,273.0,217.0
104154,1,9937,129.0,10.0,273.0,217.0
104154,1,9938,129.0,10.0,273.0,217.0
104154,1,9939,129.0,10.0,273.0,217.0
104154,1,9940,129.0,10.0,273.0,217.0
104154,1,9941,129.0,10.0,273.0,217.0
104154,1,9942,129.0,10.0,273.0,217.0
104154,1,9943,129.0,10.0,273.0,217.0
104154,1,9944,129.0,10.0,273.0,217.0
104154,1,9945,129.0,10.0,273.0,217.0
104154,1,9946,129.0,10.0,273.0,217.0
104154,1,9947,129.0,23.0,273.0,217.0
104154,1,9948,129.0,23.0,273.0,217.0
104154,1,9949,129.0,23.0,273.0,217.0
104154,1,9950,129.0,23.0,273.0,217.0
104154,1,9951,129.0,23.0,273.0,217.0
104154,1,9952,129.0,23.0,273.0,217.0
104154,1,9953,129.0,23.0,273.0,217.0
104154,1,9954,129.0,23.0,273.0,217.0
104154,1,9955,129.0,23.0,273.0,217.0
104154,1,9956,129.0,23.0,273.0,217.0
104154,1,9957,129.0,23.0,273.0,217.0
104154,1,9958,129.0,23.0,273.0,217.0
104154,1,9959,129.0,23.0,282.0,217.0
104154,1,9960,129.0,23.0,282.0,217.0
104154,1,9961,129.0,23.0,282.0,217.0
104154,1,9962,129.0,23.0,282.0,217.0
104154,1,9963,129.0,23.0,282.0,217.0
104154,1,9964,129.0,23.0,282.0,217.0
104154,1,9965,129.0,23.0,282.0,217.0
104154,1,9966,129.0,23.0,282.0,217.0
104154,1,9967,129.0,23.0,282.0,217.0
104154,1,9968,129.0,23.0,282.0,217.0
104154,1,9969,129.0,23.0,282.0,217.0
104154,1,9970,129.0,23.0,282.0,217.0
104154,1,9971,129.0,23.0,282.0,217.0
104154,1,9972,129.0,23.0,282.0,217.0
104154,1,9973,129.0,23.0,282.0,217.0
104154,1,9974,129.0,23.0,282.0,217.0
104154,1,9975,129.0,23.0,282.0,217.0
104154,1,9976,129.0,23.0,282.0,217.0
104154,1,9977,129.0,23.0,282.0,217.0
104154,1,9978,129.0,23.0,282.0,217.0
104154,1,9979,129.0,23.0,282.0,217.0
104154,1,9980,129.0,37.0,282.0,217.0
104154,1,9981,129.0,37.0,282.0,217.0
104154,1,9982,129.0,37.0,282.0,217.0
104154,1,9983,129.0,37.0,282.0,217.0
104154,1,9984,129.0,37.0,282.0,217.0
104154,1,9985,129.0,37.0,282.0,217.0
104154,1,9986,129.0,37.0,282.0,217.0
104154,1,9987,129.0,37.0,282.0,217.0
104154,1,9988,129.0,37.0,282.0,217.0
104154,1,9989,129.0,37.0,282.0,217.0
104154,1,9990,129.0,37.0,282.0,217.0
104154,1,9991,129.0,37.0,282.0,217.0
104154,1,9992,129.0,37.0,282.0,217.0
104154,1,9993,129.0,37.0,282.0,217.0
104154,1,9994,129.0,37.0,282.0,217.0
104154,1,9995,129.0,37.0,282.0,217.0
104154,1,9996,129.0,37.0,282.0,217.0
104154,1,9997,129.0,37.0,282.0,217.0
104154,1,9998,129.0,37.0,282.0,217.0
104154,1,9999,129.0,37.0,282.0,217.0
104154,1,10000,129.0,37.0,282.0,217.0
104154,1,10001,129.0,37.0,282.0,217.0
104154,1,10002,129.0,37.0,282.0,217.0
104154,1,10003,129.0,37.0,282.0,217.0
104154,1,10004,129.0,37.0,282.0,217.0
104154,1,10005,129.0,37.0,282.0,217.0
104154,1,10006,129.0,37.0,282.0,217.0
104154,1,10007,129.0,37.0,282.0,217.0
104154,1,10008,129.0,37.0,282.0,217.0
104154,1,10009,129.0,37.0,282.0,217.0
104154,1,10010,129.0,37.0,282.0,217.0
104154,1,10011,129.0,37.0,282.0,217.0
104154,1,10012,129.0,37.0,282.0,217.0
104154,1,10013,129.0,37.0,282.0,217.0
104154,1,10014,129.0,37.0,282.0,217.0
104154,1,10015,129.0,37.0,282.0,217.0
104154,1,10016,129.0,37.0,282.0,217.0
104154,1,10017,129.0,37.0,282.0,217.0
104154,1,10018,129.0,37.0,282.0,217.0
104154,1,10019,129.0,37.0,282.0,217.0
104154,1,10020,129.0,37.0,282.0,217.0
104154,1,10021,129.0,37.0,282.0,217.0
104154,1,10022,129.0,37.0,282.0,217.0
104154,1,10023,129.0,37.0,282.0,217.0
104154,1,10024,129.0,37.0,282.0,217.0
104154,1,10025,129.0,37.0,282.0,217.0
104154,1,10026,129.0,37.0,282.0,217.0
104154,1,10027,129.0,37.0,282.0,217.0
104154,1,10028,129.0,37.0,282.0,217.0
104154,1,10029,129.0,37.0,282.0,217.0
104154,1,10030,129.0,37.0,282.0,217.0
104154,1,10031,129.0,37.0,282.0,217.0
104154,1,10032,129.0,37.0,282.0,217.0
104154,1,10033,129.0,37.0,282.0,217.0
104154,1,10034,129.0,37.0,282.0,217.0
104154,1,10035,129.0,37.0,282.0,217.0
104154,1,10036,129.0,37.0,282.0,217.0
104154,1,10037,129.0,37.0,282.0,217.0
104154,1,10038,129.0,37.0,282.0,217.0
104154,1,10039,129.0,37.0,282.0,217.0
104154,1,10040,129.0,37.0,282.0,217.0
104154,1,10041,129.0,37.0,282.0,217.0
104154,1,10042,129.0,37.0,282.0,217.0
104154,1,10043,129.0,37.0,282.0,217.0
104154,1,10044,129.0,37.0,282.0,217.0
104154,1,10045,129.0,37.0,282.0,217.0
104154,1,10046,129.0,37.0,282.0,217.0
104154,1,10047,129.0,37.0,282.0,217.0
104154,1,10048,129.0,37.0,282.0,217.0
104154,1,10049,129.0,37.0,282.0,217.0
104154,1,10050,129.0,37.0,282.0,217.0
104154,1,10051,129.0,37.0,282.0,217.0
104154,1,10052,129.0,37.0,282.0,217.0
104154,1,10053,129.0,37.0,282.0,217.0
104154,1,10054,129.0,37.0,282.0,217.0
104154,1,10055,129.0,37.0,282.0,217.0
104154,1,10056,129.0,37.0,282.0,217.0
104154,1,10057,129.0,37.0,282.0,217.0
104154,1,10058,129.0,37.0,282.0,217.0
104154,1,10059,129.0,37.0,282.0,217.0
104154,1,10060,129.0,37.0,282.0,217.0
104154,1,10061,129.0,37.0,282.0,217.0
104154,1,10062,129.0,37.0,282.0,217.0
104154,1,10063,129.0,37.0,282.0,217.0
104154,1,10064,129.0,37.0,282.0,217.0
104154,1,10065,129.0,37.0,282.0,217.0
104154,1,10066,129.0,37.0,282.0,217.0
104154,1,10067,129.0,37.0,282.0,217.0
104154,1,10068,129.0,37.0,282.0,217.0
104154,1,10069,129.0,37.0,282.0,217.0
104154,1,10070,129.0,37.0,282.0,217.0
104154,1,10071,129.0,37.0,282.0,217.0
104154,1,10072,129.0,37.0,282.0,217.0
104154,1,10073,129.0,37.0,282.0,217.0
104154,1,10074,129.0,37.0,282.0,217.0
104154,1,10075,129.0,37.0,282.0,217.0
104154,1,10076,129.0,37.0,282.0,217.0
104154,1,10077,129.0,48.0,282.0,217.0
104154,1,10078,129.0,48.0,282.0,217.0
104154,1,10079,129.0,48.0,282.0,217.0
104154,1,10080,129.0,48.0,282.0,217.0
104154,1,10081,129.0,48.0,282.0,217.0
104154,1,10082,129.0,48.0,282.0,217.0
104154,1,10083,129.0,48.0,282.0,217.0
104154,1,10084,129.0,48.0,282.0,217.0
104154,1,10085,129.0,48.0,282.0,217.0
104154,1,10086,129.0,48.0,282.0,217.0
104154,1,10087,129.0,48.0,282.0,217.0
104154,1,10088,129.0,48.0,282.0,217.0
104154,1,10089,129.0,48.0,282.0,217.0
104154,1,10090,129.0,48.0,282.0,217.0
104154,1,10091,129.0,48.0,282.0,217.0
104154,1,10092,129.0,48.0,282.0,217.0
104154,1,10093,129.0,48.0,282.0,217.0
104154,1,10094,129.0,48.0,282.0,217.0
104154,1,10095,129.0,48.0,282.0,217.0
104154,1,10096,129.0,48.0,282.0,217.0
104154,1,10097,129.0,48.0,282.0,217.0
104154,1,10098,129.0,48.0,282.0,217.0
104154,1,10099,129.0,48.0,282.0,217.0
104154,1,10100,129.0,48.0,282.0,217.0
104154,1,10101,129.0,48.0,282.0,217.0
104154,1,10102,129.0,48.0,282.0,217.0
104154,1,10103,129.0,48.0,282.0,217.0
104154,1,10104,129.0,48.0,282.0,217.0
104154,1,10105,129.0,48.0,282.0,217.0
104154,1,10106,129.0,48.0,282.0,217.0
104154,1,10107,129.0,48.0,282.0,217.0
104154,1,10108,129.0,48.0,282.0,217.0
104154,1,10109,129.0,48.0,282.0,217.0
104154,1,10110,129.0,48.0,282.0,217.0
104154,1,10111,129.0,48.0,282.0,217.0
104154,1,10112,129.0,48.0,282.0,217.0
104154,1,10113,129.0,48.0,282.0,217.0
104154,1,10114,129.0,48.0,282.0,217.0
104154,1,10115,129.0,48.0,282.0,217.0
104154,1,10116,129.0,48.0,282.0,217.0
104154,1,10117,129.0,48.0,282.0,217.0
104154,1,10118,129.0,48.0,282.0,217.0
104154,1,10119,129.0,48.0,282.0,217.0
104154,1,10120,129.0,48.0,282.0,217.0
104154,1,10121,129.0,48.0,282.0,217.0
104154,1,10122,129.0,48.0,282.0,217.0
104154,1,10123,129.0,48.0,282.0,217.0
104154,1,10124,129.0,48.0,282.0,217.0
104154,1,10125,129.0,48.0,282.0,217.0
104154,1,10126,129.0,48.0,282.0,217.0
104154,1,10127,129.0,48.0,282.0,217.0
104154,1,10128,129.0,48.0,282.0,217.0
104154,1,10129,129.0,48.0,282.0,217.0
104154,1,10130,129.0,48.0,282.0,217.0
104154,1,10131,129.0,48.0,282.0,217.0
104154,1,10132,129.0,48.0,282.0,217.0
104154,1,10133,129.0,48.0,282.0,217.0
104154,1,10134,129.0,48.0,282.0,217.0
104154,1,10135,129.0,48.0,282.0,217.0
104154,1,10136,129.0,48.0,282.0,217.0
104154,1,10137,129.0,48.0,282.0,217.0
104154,1,10138,129.0,48.0,282.0,217.0
104154,1,10139,129.0,48.0,282.0,217.0
104154,1,10140,129.0,48.0,282.0,217.0
104154,1,10141,129.0,48.0,282.0,217.0
104154,1,10142,129.0,48.0,282.0,217.0
104154,1,10143,129.0,48.0,282.0,217.0
104154,1,10144,129.0,48.0,282.0,217.0
104154,1,10145,129.0,48.0,282.0,217.0
104154,1,10146,129.0,48.0,282.0,217.0
104154,1,10147,129.0,48.0,282.0,217.0
104154,1,10148,129.0,48.0,282.0,217.0
104154,1,10149,129.0,48.0,282.0,217.0
104154,1,10150,129.0,48.0,282.0,217.0
104154,1,10151,129.0,48.0,282.0,217.0
104154,1,10152,129.0,48.0,282.0,217.0
104154,1,10153,129.0,48.0,282.0,217.0
104154,1,10154,129.0,48.0,282.0,217.0
104154,1,10155,129.0,48.0,282.0,217.0
104154,1,10156,129.0,48.0,282.0,217.0
104154,1,10157,129.0,48.0,282.0,217.0
104154,1,10158,129.0,48.0,282.0,217.0
104154,1,10159,129.0,48.0,282.0,217.0
104154,1,10160,129.0,48.0,282.0,217.0
104154,1,10161,129.0,48.0,282.0,217.0
104154,1,10162,129.0,48.0,282.0,217.0
104154,1,10163,129.0,48.0,282.0,217.0
104154,1,10164,129.0,48.0,282.0,217.0
104154,1,10165,129.0,21.0,282.0,217.0
104154,1,10166,129.0,21.0,282.0,217.0
104154,1,10167,129.0,21.0,282.0,217.0
104154,1,10168,129.0,21.0,282.0,217.0
104154,1,10169,129.0,21.0,282.0,217.0
104154,1,10170,129.0,21.0,282.0,217.0
104154,1,10171,129.0,21.0,282.0,217.0
104154,1,10172,129.0,21.0,282.0,217.0
104154,1,10173,129.0,21.0,282.0,217.0
104154,1,10174,129.0,21.0,282.0,217.0
104154,1,10175,129.0,21.0,282.0,217.0
104154,1,10176,129.0,21.0,282.0,217.0
104154,1,10177,129.0,21.0,282.0,217.0
104154,1,10178,129.0,21.0,282.0,217.0
104154,1,10179,129.0,21.0,282.0,217.0
104154,1,10180,129.0,8.0,282.0,217.0
104154,1,10181,129.0,8.0,282.0,217.0
104154,1,10182,129.0,8.0,282.0,217.0
104154,1,10183,129.0,8.0,282.0,217.0
104154,1,10184,129.0,8.0,282.0,217.0
104154,1,10185,129.0,8.0,282.0,217.0
104154,1,10186,129.0,8.0,282.0,217.0
104154,1,10187,129.0,8.0,282.0,217.0
104154,1,10188,129.0,8.0,282.0,217.0
104154,1,10189,129.0,8.0,282.0,217.0
104154,1,10190,129.0,8.0,282.0,217.0
104154,1,10191,129.0,8.0,282.0,217.0
104154,1,10192,129.0,8.0,282.0,217.0
104154,1,10193,129.0,8.0,282.0,217.0
104154,1,10194,129.0,8.0,282.0,217.0
104154,1,10195,129.0,8.0,282.0,217.0
104154,1,10196,129.0,8.0,282.0,217.0
104154,1,10197,129.0,0,282.0,217.0
104154,1,10198,129.0,0,282.0,217.0
104154,1,10199,129.0,0,282.0,217.0
104154,1,10200,129.0,0,282.0,217.0
104154,1,10201,129.0,0,282.0,217.0
104154,1,10202,129.0,0,282.0,217.0
104154,1,10203,129.0,0,282.0,217.0
104154,1,10204,129.0,0,282.0,217.0
104154,1,10205,129.0,0,282.0,217.0
104154,1,10206,129.0,0,282.0,217.0
104154,1,10207,129.0,0,282.0,217.0
104154,1,10208,129.0,0,282.0,217.0
104154,1,10209,129.0,0,282.0,217.0
104154,1,10210,129.0,0,282.0,217.0
104154,1,10211,129.0,0,282.0,217.0
104154,1,10212,120.0,0,282.0,217.0
104154,1,10213,120.0,0,282.0,217.0
104154,1,10214,120.0,0,282.0,217.0
104154,1,10215,120.0,0,282.0,217.0
104154,1,10216,120.0,0,282.0,217.0
104154,1,10217,120.0,0,282.0,217.0
104154,1,10218,120.0,0,282.0,217.0
104154,1,10219,120.0,0,282.0,217.0
104154,1,10220,120.0,0,282.0,217.0
104154,1,10221,120.0,0,282.0,217.0
104154,1,10222,120.0,0,289.0,217.0
104154,1,10223,120.0,0,289.0,217.0
104154,1,10224,120.0,0,289.0,217.0
104154,1,10225,120.0,0,289.0,217.0
104154,1,10226,120.0,0,289.0,217.0
104154,1,10227,120.0,0,289.0,217.0
104154,1,10228,120.0,0,289.0,217.0
104154,1,10229,120.0,0,289.0,217.0
104154,1,10230,120.0,0,289.0,217.0
104154,1,10231,120.0,0,289.0,217.0
104154,1,10232,120.0,0,289.0,217.0
104154,1,10233,120.0,0,289.0,217.0
104154,1,10234,120.0,0,289.0,217.0
104154,1,10235,120.0,0,289.0,217.0
104154,1,10236,120.0,0,309.0,217.0
104154,1,10237,120.0,0,309.0,217.0
104154,1,10238,120.0,0,309.0,217.0
104154,1,10239,120.0,0,309.0,217.0
104154,1,10240,120.0,0,309.0,217.0
104154,1,10241,120.0,0,309.0,217.0
104154,1,10242,120.0,0,309.0,217.0
104154,1,10243,120.0,0,309.0,217.0
104154,1,10244,97.0,0,309.0,217.0
104154,1,10245,97.0,0,309.0,217.0
104154,1,10246,97.0,0,309.0,217.0
104154,1,10247,97.0,0,309.0,217.0
104154,1,10248,97.0,0,309.0,217.0
104154,1,10249,97.0,0,309.0,217.0
104154,1,10250,97.0,0,309.0,217.0
104154,1,10251,97.0,0,319.0,217.0
104154,1,10252,97.0,0,319.0,217.0
104154,1,10253,97.0,0,319.0,217.0
104154,1,10254,97.0,0,319.0,217.0
104154,1,10255,97.0,0,319.0,217.0
104154,1,10256,97.0,0,319.0,217.0
104154,1,10257,97.0,0,319.0,217.0
104154,1,10258,97.0,0,319.0,217.0
104154,1,10259,97.0,0,319.0,217.0
104154,1,10260,97.0,0,319.0,217.0
104154,1,10261,97.0,0,339.0,217.0
104154,1,10262,97.0,0,339.0,217.0
104154,1,10263,97.0,0,339.0,217.0
104154,1,10264,97.0,0,339.0,217.0
104154,1,10265,97.0,0,339.0,217.0
104154,1,10266,97.0,0,339.0,217.0
104154,1,10267,97.0,0,339.0,217.0
104154,1,10268,97.0,0,339.0,217.0
104154,1,10269,97.0,0,339.0,217.0
104154,1,10270,97.0,0,339.0,217.0
104154,1,10271,97.0,0,339.0,217.0
104154,1,10272,97.0,0,339.0,217.0
104154,1,10273,97.0,0,339.0,217.0
104154,1,10274,97.0,0,339.0,217.0
104154,1,10275,97.0,0,339.0,217.0
104154,1,10276,97.0,0,339.0,217.0
104154,1,10277,97.0,0,339.0,217.0
104154,1,10278,97.0,0,348.0,217.0
104154,1,10279,97.0,0,348.0,217.0
104154,1,10280,97.0,0,348.0,217.0
104154,1,10281,97.0,0,348.0,217.0
104154,1,10282,97.0,0,348.0,217.0
104154,1,10283,97.0,0,348.0,217.0
104154,1,10284,97.0,0,348.0,217.0
104154,1,10285,97.0,0,348.0,217.0
104154,1,10286,97.0,0,348.0,217.0
104154,1,10287,97.0,0,348.0,217.0
104154,1,10288,97.0,0,348.0,217.0
104154,1,10289,97.0,0,348.0,217.0
104154,1,10290,97.0,0,348.0,217.0
104154,1,10291,97.0,0,348.0,217.0
104154,1,10292,97.0,0,348.0,217.0
104154,1,10293,97.0,0,348.0,217.0
104154,1,10294,97.0,0,348.0,217.0
104154,1,10295,97.0,0,348.0,217.0
104154,1,10296,97.0,0,348.0,217.0
104154,1,10297,97.0,0,360.0,217.0
104154,1,10298,97.0,0,360.0,217.0
104154,1,10299,97.0,0,360.0,217.0
104154,1,10300,97.0,0,360.0,217.0
104154,1,10301,97.0,0,360.0,217.0
104154,1,10302,97.0,0,360.0,217.0
104154,1,10303,97.0,0,360.0,217.0
104154,1,10304,97.0,0,360.0,217.0
104154,1,10305,97.0,0,360.0,217.0
104154,1,10306,97.0,0,360.0,217.0
104154,1,10307,97.0,0,360.0,217.0
104154,1,10308,97.0,0,360.0,217.0
104154,1,10309,97.0,0,360.0,217.0
104154,1,10310,97.0,0,360.0,217.0
104154,1,10311,97.0,0,360.0,217.0
104154,1,10312,97.0,0,360.0,217.0
104154,1,10313,97.0,0,360.0,217.0
104154,1,10314,97.0,0,360.0,217.0
104154,1,10315,97.0,0,360.0,217.0
104154,1,10316,97.0,0,360.0,217.0
104154,1,10317,97.0,0,360.0,217.0
104154,1,10318,97.0,0,360.0,217.0
104154,1,10319,97.0,0,360.0,217.0
104154,1,10320,97.0,0,360.0,217.0
104154,1,10321,97.0,0,360.0,217.0
104154,1,10322,97.0,0,360.0,217.0
104154,1,10323,97.0,0,360.0,217.0
104154,1,10324,97.0,0,360.0,217.0
104154,1,10325,97.0,0,360.0,217.0
104154,1,10326,97.0,0,379.0,217.0
104154,1,10327,97.0,0,379.0,217.0
104154,1,10328,97.0,0,379.0,217.0
104154,1,10329,97.0,0,379.0,217.0
104154,1,10330,97.0,0,379.0,217.0
104154,1,10331,97.0,0,379.0,217.0
104154,1,10332,97.0,0,379.0,217.0
104154,1,10333,97.0,0,379.0,217.0
104154,1,10334,97.0,0,379.0,217.0
104154,1,10335,97.0,0,379.0,217.0
104154,1,10336,97.0,0,379.0,217.0
104154,1,10337,97.0,0,379.0,217.0
104154,1,10338,97.0,0,379.0,217.0
104154,1,10339,97.0,0,379.0,217.0
104154,1,10340,97.0,0,379.0,217.0
104154,1,10341,97.0,0,406.0,217.0
104154,1,10342,97.0,0,406.0,217.0
104154,1,10343,97.0,0,406.0,217.0
104154,1,10344,97.0,0,406.0,217.0
104154,1,10345,97.0,0,406.0,217.0
104154,1,10346,97.0,0,406.0,217.0
104154,1,10347,97.0,0,406.0,217.0
104154,1,10348,97.0,0,406.0,217.0
104154,1,10349,97.0,0,406.0,217.0
104154,1,10350,97.0,0,406.0,217.0
104154,1,10351,97.0,0,406.0,217.0
104154,1,10352,97.0,0,406.0,217.0
104154,1,10353,97.0,0,420.0,217.0
104154,1,10354,97.0,0,420.0,217.0
104154,1,10355,97.0,0,420.0,217.0
104154,1,10356,97.0,0,420.0,217.0
104154,1,10357,97.0,0,420.0,217.0
104154,1,10358,97.0,0,420.0,217.0
104154,1,10359,97.0,0,420.0,217.0
104154,1,10360,97.0,0,420.0,217.0
104154,1,10361,97.0,0,420.0,217.0
104154,1,10362,97.0,0,420.0,217.0
104154,1,10363,97.0,0,420.0,217.0
104154,1,10364,97.0,0,420.0,217.0
104154,1,10365,97.0,0,420.0,217.0
104154,1,10366,97.0,0,420.0,217.0
104154,1,10367,97.0,0,427.0,217.0
104154,1,10368,97.0,0,427.0,217.0
104154,1,10369,97.0,0,427.0,217.0
104154,1,10370,97.0,0,427.0,217.0
104154,1,10371,97.0,0,427.0,217.0
104154,1,10372,97.0,0,427.0,217.0
104154,1,10373,97.0,0,427.0,217.0
104154,1,10374,97.0,0,427.0,217.0
104154,1,10375,97.0,0,427.0,217.0
104154,1,10376,97.0,0,427.0,217.0
104154,1,10377,97.0,0,427.0,217.0
104154,1,10378,97.0,0,427.0,217.0
104154,1,10379,97.0,0,427.0,217.0
104154,1,10380,97.0,0,439.0,217.0
104154,1,10381,97.0,0,439.0,217.0
104154,1,10382,97.0,0,439.0,217.0
104154,1,10383,97.0,0,439.0,217.0
104154,1,10384,97.0,0,439.0,217.0
104154,1,10385,97.0,0,439.0,217.0
104154,1,10386,97.0,0,439.0,217.0
104154,1,10387,97.0,0,439.0,217.0
104154,1,10388,97.0,0,439.0,217.0
104154,1,10389,97.0,0,439.0,217.0
104154,1,10390,97.0,0,439.0,217.0
104154,1,10391,97.0,0,439.0,217.0
104154,1,10392,97.0,0,439.0,217.0
104154,1,10393,97.0,0,439.0,217.0
104154,1,10394,97.0,0,439.0,217.0
104154,1,10395,97.0,0,439.0,217.0
104154,1,10396,97.0,0,439.0,217.0
104154,1,10397,97.0,0,439.0,217.0
104154,1,10398,97.0,0,439.0,217.0
104154,1,10399,97.0,0,439.0,217.0
104154,1,10400,97.0,0,439.0,217.0
104154,1,10401,97.0,0,439.0,217.0
104154,1,10402,97.0,0,439.0,217.0
104154,1,10403,97.0,0,439.0,217.0
104154,1,10404,97.0,0,439.0,217.0
104154,1,10405,97.0,0,439.0,217.0
104154,1,10406,97.0,0,439.0,217.0
104154,1,10407,97.0,0,439.0,217.0
104154,1,10408,97.0,0,439.0,217.0
104154,1,10409,97.0,0,439.0,217.0
104154,1,10410,97.0,0,439.0,217.0
104154,1,10411,97.0,0,439.0,217.0
104154,1,10412,97.0,0,439.0,217.0
104154,1,10413,97.0,0,439.0,217.0
104154,1,10414,97.0,0,439.0,217.0
104154,1,10415,97.0,0,439.0,217.0
104154,1,10416,97.0,0,439.0,217.0
104154,1,10417,97.0,0,439.0,217.0
104154,1,10418,97.0,0,439.0,217.0
104154,1,10419,97.0,0,439.0,217.0
104154,1,10420,97.0,0,439.0,217.0
104154,1,10421,97.0,0,439.0,217.0
104154,1,10422,97.0,0,439.0,217.0
104154,1,10423,97.0,0,439.0,217.0
104154,1,10424,97.0,0,439.0,217.0
104154,1,10425,97.0,0,439.0,217.0
104154,1,10426,97.0,0,439.0,217.0
104154,1,10427,97.0,0,439.0,217.0
104154,1,10428,97.0,0,439.0,217.0
104154,1,10429,97.0,0,439.0,217.0
104154,1,10430,97.0,0,439.0,217.0
104154,1,10431,97.0,0,439.0,217.0
104154,1,10432,97.0,0,439.0,217.0
104154,1,10433,97.0,0,439.0,217.0
104154,1,10434,97.0,0,439.0,217.0
104154,1,10435,97.0,0,439.0,217.0
104154,1,10436,97.0,0,439.0,217.0
104154,1,10437,97.0,0,439.0,217.0
104154,1,10438,97.0,0,439.0,217.0
104154,1,10439,97.0,0,439.0,217.0
104154,1,10440,97.0,0,439.0,217.0
104154,1,10441,97.0,0,439.0,217.0
104154,1,10442,97.0,0,439.0,217.0
104154,1,10443,97.0,0,439.0,217.0
104154,1,10444,97.0,0,439.0,217.0
104154,1,10445,97.0,0,439.0,217.0
104154,1,10446,97.0,0,439.0,217.0
104154,1,10447,97.0,0,439.0,217.0
104154,1,10448,97.0,0,439.0,217.0
104154,1,10449,97.0,0,439.0,217.0
104154,1,10450,97.0,0,439.0,217.0
104154,1,10451,97.0,0,439.0,217.0
104154,1,10452,97.0,0,439.0,217.0
104154,1,10453,97.0,0,439.0,217.0
104154,1,10454,97.0,0,439.0,217.0
104154,1,10455,97.0,0,439.0,217.0
104154,1,10456,97.0,0,439.0,217.0
104154,1,10457,97.0,0,439.0,217.0
104154,1,10458,97.0,0,439.0,217.0
104154,1,10459,97.0,0,439.0,217.0
104154,1,10460,97.0,0,439.0,217.0
104154,1,10461,97.0,0,439.0,217.0
104154,1,10462,97.0,0,439.0,217.0
104154,1,10463,97.0,0,439.0,217.0
104154,1,10464,97.0,0,439.0,217.0
104154,1,10465,97.0,0,439.0,217.0
104154,1,10466,97.0,0,439.0,217.0
104154,1,10467,97.0,0,439.0,217.0
104154,1,10468,97.0,0,439.0,217.0
104154,1,10469,97.0,0,439.0,217.0
104154,1,10470,97.0,0,439.0,217.0
104154,1,10471,97.0,0,439.0,217.0
104154,1,10472,97.0,0,439.0,217.0
104154,1,10473,97.0,0,439.0,217.0
104154,1,10474,97.0,0,439.0,217.0
104154,1,10475,97.0,0,439.0,217.0
104154,1,10476,97.0,0,439.0,217.0
104154,1,10477,97.0,0,439.0,217.0
104154,1,10478,97.0,0,439.0,217.0
104154,1,10479,97.0,0,439.0,217.0
104154,1,10480,97.0,0,439.0,217.0
104154,1,10481,97.0,0,439.0,217.0
104154,1,10482,97.0,0,439.0,217.0
104154,1,10483,97.0,0,439.0,217.0
104154,1,10484,97.0,0,439.0,217.0
104154,1,10485,97.0,0,439.0,217.0
104154,1,10486,97.0,0,439.0,217.0
104154,1,10487,97.0,0,439.0,217.0
104154,1,10488,97.0,0,439.0,217.0
104154,1,10489,97.0,0,439.0,217.0
104154,1,10490,97.0,0,439.0,217.0
104154,1,10491,97.0,0,439.0,217.0
104154,1,10492,97.0,0,439.0,217.0
104154,1,10493,97.0,0,439.0,217.0
104154,1,10494,97.0,0,439.0,217.0
104154,1,10495,97.0,0,439.0,217.0
104154,1,10496,97.0,0,439.0,217.0
104154,1,10497,97.0,0,439.0,217.0
104154,1,10498,97.0,0,439.0,217.0
104154,1,10499,97.0,0,439.0,217.0
104154,1,10500,97.0,0,439.0,217.0
104154,1,10501,97.0,0,439.0,217.0
104154,1,10502,97.0,0,439.0,217.0
104154,1,10503,97.0,0,439.0,217.0
104154,1,10504,97.0,0,439.0,217.0
104154,1,10505,97.0,0,439.0,217.0
104154,1,10506,97.0,0,439.0,217.0
104154,1,10507,97.0,0,439.0,217.0
104154,1,10508,97.0,0,439.0,217.0
104154,1,10509,97.0,0,439.0,217.0
104154,1,10510,97.0,0,439.0,217.0
104154,1,10511,97.0,0,439.0,217.0
104154,1,10512,97.0,0,439.0,217.0
104154,1,10513,97.0,0,439.0,217.0
104154,1,10514,97.0,0,439.0,217.0
104154,1,10515,97.0,0,439.0,217.0
104154,1,10516,97.0,0,439.0,217.0
104154,1,10517,97.0,0,439.0,217.0
104154,1,10518,97.0,0,439.0,217.0
104154,1,10519,97.0,0,439.0,217.0
104154,1,10520,97.0,0,439.0,217.0
104154,1,10521,97.0,19.0,457.0,217.0
104154,1,10522,97.0,19.0,457.0,217.0
104154,1,10523,97.0,19.0,457.0,217.0
104154,1,10524,97.0,19.0,457.0,217.0
104154,1,10525,97.0,19.0,457.0,217.0
104154,1,10526,97.0,19.0,457.0,217.0
104154,1,10527,97.0,19.0,457.0,217.0
104154,1,10528,97.0,19.0,457.0,217.0
104154,1,10529,97.0,19.0,457.0,217.0
104154,1,10530,97.0,19.0,457.0,217.0
104154,1,10531,97.0,19.0,457.0,217.0
104154,1,10532,97.0,19.0,457.0,217.0
104154,1,10533,97.0,19.0,457.0,217.0
104154,1,10534,97.0,19.0,457.0,217.0
104154,1,10535,97.0,19.0,457.0,217.0
104154,1,10536,97.0,19.0,457.0,217.0
104154,1,10537,97.0,19.0,457.0,217.0
104154,1,10538,97.0,19.0,457.0,217.0
104154,1,10539,97.0,19.0,457.0,217.0
104154,1,10540,97.0,19.0,470.0,217.0
104154,1,10541,97.0,19.0,470.0,217.0
104154,1,10542,97.0,19.0,470.0,217.0
104154,1,10543,97.0,19.0,470.0,217.0
104154,1,10544,97.0,19.0,470.0,217.0
104154,1,10545,97.0,19.0,470.0,217.0
104154,1,10546,97.0,19.0,470.0,217.0
104154,1,10547,97.0,19.0,470.0,217.0
104154,1,10548,97.0,19.0,470.0,217.0
104154,1,10549,97.0,19.0,470.0,217.0
104154,1,10550,97.0,19.0,470.0,217.0
104154,1,10551,97.0,19.0,470.0,217.0
104154,1,10552,97.0,19.0,470.0,217.0
104154,1,10553,97.0,19.0,470.0,217.0
104154,1,10554,97.0,19.0,470.0,217.0
104154,1,10555,97.0,19.0,470.0,217.0
104154,1,10556,97.0,19.0,470.0,217.0
104154,1,10557,97.0,19.0,470.0,217.0
104154,1,10558,97.0,19.0,470.0,217.0
104154,1,10559,97.0,19.0,470.0,217.0
104154,1,10560,97.0,19.0,470.0,217.0
104154,1,10561,97.0,19.0,470.0,217.0
104154,1,10562,97.0,19.0,470.0,217.0
104154,1,10563,97.0,19.0,470.0,217.0
104154,1,10564,97.0,19.0,470.0,217.0
104154,1,10565,97.0,19.0,470.0,217.0
104154,1,10566,97.0,19.0,470.0,217.0
104154,1,10567,97.0,19.0,470.0,217.0
104154,1,10568,97.0,19.0,470.0,217.0
104154,1,10569,97.0,19.0,470.0,217.0
104154,1,10570,97.0,19.0,470.0,217.0
104154,1,10571,97.0,19.0,470.0,217.0
104154,1,10572,97.0,19.0,470.0,217.0
104154,1,10573,97.0,19.0,470.0,217.0
104154,1,10574,97.0,19.0,470.0,217.0
104154,1,10575,97.0,25.0,470.0,217.0
104154,1,10576,97.0,25.0,470.0,217.0
104154,1,10577,97.0,25.0,470.0,217.0
104154,1,10578,97.0,25.0,470.0,217.0
104154,1,10579,97.0,25.0,470.0,217.0
104154,1,10580,97.0,25.0,470.0,217.0
104154,1,10581,97.0,25.0,470.0,217.0
104154,1,10582,97.0,25.0,470.0,217.0
104154,1,10583,97.0,25.0,470.0,217.0
104154,1,10584,97.0,25.0,470.0,217.0
104154,1,10585,97.0,25.0,470.0,217.0
104154,1,10586,97.0,25.0,470.0,217.0
104154,1,10587,97.0,25.0,470.0,217.0
104154,1,10588,97.0,25.0,470.0,217.0
104154,1,10589,97.0,25.0,470.0,217.0
104154,1,10590,97.0,25.0,470.0,217.0
104154,1,10591,97.0,25.0,470.0,217.0
104154,1,10592,97.0,25.0,470.0,217.0
104154,1,10593,97.0,25.0,470.0,217.0
104154,1,10594,97.0,25.0,470.0,217.0
104154,1,10595,97.0,25.0,470.0,217.0
104154,1,10596,97.0,25.0,470.0,217.0
104154,1,10597,97.0,25.0,470.0,217.0
104154,1,10598,97.0,25.0,470.0,217.0
104154,1,10599,97.0,25.0,470.0,217.0
104154,1,10600,97.0,25.0,470.0,217.0
104154,1,10601,97.0,25.0,470.0,217.0
104154,1,10602,97.0,25.0,470.0,217.0
104154,1,10603,97.0,25.0,470.0,217.0
104154,1,10604,97.0,25.0,470.0,217.0
104154,1,10605,97.0,25.0,470.0,217.0
104154,1,10606,97.0,25.0,470.0,217.0
104154,1,10607,97.0,25.0,470.0,217.0
104154,1,10608,97.0,25.0,470.0,217.0
104154,1,10609,97.0,25.0,470.0,217.0
104154,1,10610,97.0,25.0,470.0,217.0
104154,1,10611,97.0,25.0,470.0,217.0
104154,1,10612,97.0,25.0,470.0,217.0
104154,1,10613,97.0,25.0,470.0,217.0
104154,1,10614,97.0,25.0,470.0,217.0
104154,1,10615,97.0,25.0,470.0,217.0
104154,1,10616,97.0,25.0,470.0,217.0
104154,1,10617,97.0,25.0,470.0,217.0
104154,1,10618,97.0,25.0,470.0,217.0
104154,1,10619,97.0,25.0,470.0,217.0
104154,1,10620,97.0,25.0,470.0,217.0
104154,1,10621,97.0,25.0,470.0,217.0
104154,1,10622,97.0,25.0,470.0,217.0
104154,1,10623,97.0,25.0,470.0,217.0
104154,1,10624,97.0,25.0,470.0,217.0
104154,1,10625,97.0,25.0,470.0,217.0
104154,1,10626,97.0,25.0,470.0,217.0
104154,1,10627,97.0,25.0,470.0,217.0
104154,1,10628,97.0,25.0,470.0,217.0
104154,1,10629,97.0,25.0,470.0,217.0
104154,1,10630,97.0,25.0,470.0,217.0
104154,1,10631,97.0,25.0,470.0,217.0
104154,1,10632,97.0,25.0,470.0,217.0
104154,1,10633,97.0,25.0,470.0,217.0
104154,1,10634,97.0,25.0,470.0,217.0
104154,1,10635,97.0,25.0,470.0,217.0
104154,1,10636,97.0,25.0,470.0,217.0
104154,1,10637,97.0,25.0,470.0,217.0
104154,1,10638,97.0,25.0,470.0,217.0
104154,1,10639,97.0,25.0,470.0,217.0
104154,1,10640,97.0,25.0,470.0,217.0
104154,1,10641,97.0,25.0,470.0,217.0
104154,1,10642,97.0,25.0,470.0,217.0
104154,1,10643,97.0,25.0,470.0,217.0
104154,1,10644,97.0,25.0,470.0,217.0
104154,1,10645,97.0,25.0,470.0,217.0
104154,1,10646,97.0,25.0,470.0,217.0
104154,1,10647,97.0,25.0,470.0,217.0
104154,1,10648,97.0,25.0,470.0,217.0
104154,1,10649,97.0,25.0,470.0,217.0
104154,1,10650,97.0,25.0,470.0,217.0
104154,1,10651,97.0,25.0,470.0,217.0
104154,1,10652,97.0,25.0,470.0,217.0
104154,1,10653,97.0,25.0,470.0,217.0
104154,1,10654,97.0,25.0,470.0,217.0
104154,1,10655,97.0,25.0,470.0,217.0
104154,1,10656,97.0,25.0,470.0,217.0
104154,1,10657,97.0,25.0,470.0,217.0
104154,1,10658,97.0,25.0,470.0,217.0
104154,1,10659,97.0,25.0,470.0,217.0
104154,1,10660,97.0,25.0,470.0,217.0
104154,1,10661,97.0,25.0,470.0,217.0
104154,1,10662,97.0,25.0,470.0,217.0
104154,1,10663,97.0,25.0,470.0,217.0
104154,1,10664,97.0,25.0,470.0,217.0
104154,1,10665,97.0,25.0,470.0,217.0
104154,1,10666,97.0,25.0,470.0,217.0
104154,1,10667,97.0,25.0,470.0,217.0
104154,1,10668,97.0,25.0,470.0,217.0
104154,1,10669,97.0,25.0,470.0,217.0
104154,1,10670,97.0,25.0,470.0,217.0
104154,1,10671,97.0,25.0,470.0,217.0
104154,1,10672,97.0,25.0,470.0,217.0
104154,1,10673,97.0,25.0,470.0,217.0
104154,1,10674,97.0,25.0,470.0,217.0
104154,1,10675,97.0,25.0,470.0,217.0
104154,1,10676,97.0,25.0,470.0,217.0
104154,1,10677,97.0,25.0,470.0,217.0
104154,1,10678,97.0,25.0,470.0,217.0
104154,1,10679,97.0,25.0,470.0,217.0
104154,1,10680,97.0,25.0,470.0,217.0
104154,1,10681,97.0,25.0,470.0,217.0
104154,1,10682,97.0,25.0,470.0,217.0
104154,1,10683,97.0,25.0,470.0,217.0
104154,1,10684,97.0,25.0,470.0,217.0
104154,1,10685,97.0,25.0,470.0,217.0
104154,1,10686,97.0,25.0,470.0,217.0
104154,1,10687,97.0,25.0,470.0,217.0
104154,1,10688,97.0,25.0,470.0,217.0
104154,1,10689,97.0,25.0,470.0,217.0
104154,1,10690,97.0,25.0,470.0,217.0
104154,1,10691,97.0,25.0,470.0,217.0
104154,1,10692,97.0,25.0,470.0,217.0
104154,1,10693,97.0,25.0,470.0,217.0
104154,1,10694,97.0,25.0,470.0,217.0
104154,1,10695,97.0,25.0,470.0,217.0
104154,1,10696,97.0,25.0,470.0,217.0
104154,1,10697,97.0,25.0,470.0,217.0
104154,1,10698,97.0,25.0,470.0,217.0
104154,1,10699,97.0,25.0,470.0,217.0
104154,1,10700,97.0,25.0,470.0,217.0
104154,1,10701,97.0,25.0,470.0,217.0
104154,1,10702,97.0,25.0,470.0,217.0
104154,1,10703,97.0,25.0,470.0,217.0
104154,1,10704,97.0,25.0,470.0,217.0
104154,1,10705,97.0,25.0,470.0,217.0
104154,1,10706,97.0,25.0,470.0,217.0
104154,1,10707,97.0,25.0,470.0,217.0
104154,1,10708,97.0,25.0,470.0,217.0
104154,1,10709,97.0,25.0,470.0,217.0
104154,1,10710,97.0,25.0,470.0,217.0
104154,1,10711,97.0,25.0,470.0,217.0
104154,1,10712,97.0,25.0,470.0,217.0
104154,1,10713,97.0,25.0,470.0,217.0
104154,1,10714,97.0,25.0,470.0,217.0
104154,1,10715,97.0,25.0,470.0,217.0
104154,1,10716,97.0,25.0,470.0,217.0
104154,1,10717,97.0,25.0,470.0,217.0
104154,1,10718,97.0,25.0,470.0,217.0
104154,1,10719,97.0,25.0,470.0,217.0
104154,1,10720,97.0,25.0,470.0,217.0
104154,1,10721,97.0,25.0,470.0,217.0
104154,1,10722,97.0,25.0,470.0,217.0
104154,1,10723,97.0,25.0,470.0,217.0
104154,1,10724,97.0,25.0,470.0,217.0
104154,1,10725,97.0,25.0,470.0,217.0
104154,1,10726,97.0,25.0,470.0,217.0
104154,1,10727,97.0,25.0,470.0,217.0
104154,1,10728,97.0,25.0,470.0,217.0
104154,1,10729,97.0,25.0,470.0,217.0
104154,1,10730,97.0,25.0,470.0,217.0
104154,1,10731,97.0,25.0,470.0,217.0
104154,1,10732,97.0,25.0,470.0,217.0
104154,1,10733,97.0,25.0,470.0,217.0
104154,1,10734,97.0,25.0,470.0,217.0
104154,1,10735,97.0,25.0,470.0,217.0
104154,1,10736,97.0,25.0,470.0,217.0
104154,1,10737,97.0,25.0,470.0,217.0
104154,1,10738,97.0,25.0,470.0,217.0
104154,1,10739,97.0,25.0,470.0,217.0
104154,1,10740,97.0,25.0,470.0,217.0
104154,1,10741,97.0,25.0,470.0,217.0
104154,1,10742,97.0,25.0,470.0,217.0
104154,1,10743,97.0,25.0,470.0,217.0
104154,1,10744,97.0,25.0,470.0,217.0
104154,1,10745,97.0,25.0,470.0,217.0
104154,1,10746,97.0,25.0,470.0,217.0
104154,1,10747,97.0,25.0,470.0,217.0
104154,1,10748,97.0,25.0,470.0,217.0
104154,1,10749,97.0,25.0,470.0,217.0
104154,1,10750,97.0,25.0,470.0,217.0
104154,1,10751,97.0,25.0,470.0,217.0
104154,1,10752,97.0,25.0,470.0,217.0
104154,1,10753,97.0,25.0,470.0,217.0
104154,1,10754,97.0,25.0,470.0,217.0
104154,1,10755,97.0,25.0,470.0,217.0
104154,1,10756,97.0,25.0,470.0,217.0
104154,1,10757,97.0,25.0,470.0,217.0
104154,1,10758,97.0,25.0,470.0,217.0
104154,1,10759,97.0,25.0,470.0,217.0
104154,1,10760,97.0,25.0,470.0,217.0
104154,1,10761,97.0,25.0,470.0,217.0
104154,1,10762,97.0,25.0,470.0,217.0
104154,1,10763,97.0,25.0,470.0,217.0
104154,1,10764,97.0,25.0,470.0,217.0
104154,1,10765,97.0,25.0,470.0,217.0
104154,1,10766,97.0,25.0,470.0,217.0
104154,1,10767,97.0,12.0,470.0,217.0
104154,1,10768,97.0,12.0,470.0,217.0
104154,1,10769,97.0,12.0,470.0,217.0
104154,1,10770,97.0,12.0,470.0,217.0
104154,1,10771,97.0,12.0,470.0,217.0
104154,1,10772,97.0,12.0,470.0,217.0
104154,1,10773,97.0,12.0,470.0,217.0
104154,1,10774,97.0,12.0,470.0,217.0
104154,1,10775,97.0,12.0,470.0,217.0
104154,1,10776,97.0,12.0,470.0,217.0
104154,1,10777,97.0,12.0,470.0,217.0
104154,1,10778,97.0,12.0,470.0,217.0
104154,1,10779,97.0,12.0,470.0,217.0
104154,1,10780,97.0,12.0,470.0,217.0
104154,1,10781,97.0,12.0,470.0,217.0
104154,1,10782,97.0,12.0,470.0,217.0
104154,1,10783,97.0,12.0,470.0,217.0
104154,1,10784,97.0,12.0,470.0,217.0
104154,1,10785,97.0,12.0,470.0,217.0
104154,1,10786,97.0,12.0,470.0,217.0
104154,1,10787,97.0,12.0,470.0,217.0
104154,1,10788,97.0,12.0,470.0,217.0
104154,1,10789,97.0,12.0,470.0,217.0
104154,1,10790,97.0,12.0,470.0,217.0
104154,1,10791,97.0,0,470.0,217.0
104154,1,10792,97.0,0,470.0,217.0
104154,1,10793,97.0,0,470.0,217.0
104154,1,10794,97.0,0,470.0,217.0
104154,1,10795,97.0,0,470.0,217.0
104154,1,10796,97.0,0,470.0,217.0
104154,1,10797,97.0,0,470.0,217.0
104154,1,10798,97.0,0,470.0,217.0
104154,1,10799,97.0,0,470.0,217.0
104154,1,10800,97.0,0,470.0,217.0
104154,1,10801,97.0,0,470.0,217.0
104154,1,10802,97.0,0,470.0,217.0
104154,1,10803,97.0,0,470.0,217.0
104154,1,10804,97.0,0,470.0,217.0
104154,1,10805,97.0,0,470.0,217.0
104154,1,10806,97.0,0,470.0,217.0
104154,1,10807,97.0,0,470.0,217.0
104154,1,10808,97.0,0,470.0,217.0
104154,1,10809,97.0,0,470.0,217.0
104154,1,10810,97.0,0,470.0,217.0
104154,1,10811,97.0,0,470.0,217.0
104154,1,10812,97.0,0,470.0,217.0
104154,1,10813,97.0,0,470.0,217.0
104154,1,10814,97.0,0,470.0,217.0
104154,1,10815,97.0,0,470.0,217.0
104154,1,10816,97.0,0,470.0,217.0
104154,1,10817,97.0,0,470.0,217.0
104154,1,10818,97.0,0,470.0,217.0
104154,1,10819,97.0,0,470.0,217.0
104154,1,10820,97.0,0,470.0,217.0
104154,1,10821,97.0,0,470.0,217.0
104154,1,10822,97.0,0,470.0,217.0
104154,1,10823,97.0,0,470.0,217.0
104154,1,10824,97.0,0,470.0,217.0
104154,1,10825,97.0,0,470.0,217.0
104154,1,10826,97.0,0,470.0,217.0
104154,1,10827,97.0,0,470.0,217.0
104154,1,10828,97.0,0,470.0,217.0
104154,1,10829,97.0,0,470.0,217.0
104154,1,10830,97.0,0,470.0,217.0
104154,1,10831,97.0,0,470.0,217.0
104154,1,10832,97.0,0,470.0,217.0
104154,1,10833,97.0,0,470.0,217.0
104154,1,10834,97.0,0,470.0,217.0
104154,1,10835,97.0,0,470.0,217.0
104154,1,10836,97.0,0,470.0,217.0
104154,1,10837,97.0,0,470.0,217.0
104154,1,10838,97.0,0,470.0,217.0
104154,1,10839,97.0,0,470.0,217.0
104154,1,10840,97.0,0,470.0,217.0
104154,1,10841,97.0,0,470.0,217.0
104154,1,10842,97.0,0,470.0,217.0
104154,1,10843,97.0,0,470.0,217.0
104154,1,10844,97.0,0,470.0,217.0
104154,1,10845,97.0,0,470.0,217.0
104154,1,10846,97.0,0,470.0,217.0
104154,1,10847,97.0,0,470.0,217.0
104154,1,10848,97.0,0,470.0,217.0
104154,1,10849,97.0,0,470.0,217.0
104154,1,10850,97.0,0,470.0,217.0
104154,1,10851,97.0,0,440.0,217.0
104154,1,10852,97.0,0,440.0,217.0
104154,1,10853,97.0,0,440.0,217.0
104154,1,10854,97.0,0,440.0,217.0
104154,1,10855,97.0,0,440.0,217.0
104154,1,10856,97.0,0,440.0,217.0
104154,1,10857,97.0,0,440.0,217.0
104154,1,10858,97.0,0,440.0,217.0
104154,1,10859,97.0,0,440.0,217.0
104154,1,10860,97.0,0,440.0,217.0
104154,1,10861,97.0,0,440.0,217.0
104154,1,10862,97.0,0,440.0,217.0
104154,1,10863,97.0,0,440.0,217.0
104154,1,10864,97.0,0,421.0,217.0
104154,1,10865,97.0,0,421.0,217.0
104154,1,10866,97.0,0,421.0,217.0
104154,1,10867,97.0,0,421.0,217.0
104154,1,10868,97.0,0,421.0,217.0
104154,1,10869,97.0,0,421.0,217.0
104154,1,10870,97.0,0,421.0,217.0
104154,1,10871,97.0,0,421.0,217.0
104154,1,10872,97.0,0,421.0,217.0
104154,1,10873,97.0,0,421.0,217.0
104154,1,10874,97.0,0,421.0,217.0
104154,1,10875,97.0,0,397.0,217.0
104154,1,10876,97.0,0,397.0,217.0
104154,1,10877,97.0,0,397.0,217.0
104154,1,10878,97.0,0,397.0,217.0
104154,1,10879,97.0,0,397.0,217.0
104154,1,10880,97.0,0,397.0,217.0
104154,1,10881,97.0,0,397.0,217.0
104154,1,10882,97.0,0,397.0,217.0
104154,1,10883,97.0,0,397.0,217.0
104154,1,10884,97.0,0,397.0,217.0
104154,1,10885,97.0,0,368.0,217.0
104154,1,10886,97.0,0,368.0,217.0
104154,1,10887,97.0,0,368.0,217.0
104154,1,10888,97.0,0,368.0,217.0
104154,1,10889,97.0,0,368.0,217.0
104154,1,10890,97.0,0,368.0,217.0
104154,1,10891,97.0,0,368.0,217.0
104154,1,10892,97.0,0,368.0,217.0
104154,1,10893,109.0,0,335.0,217.0
104154,1,10894,109.0,0,335.0,217.0
104154,1,10895,109.0,0,335.0,217.0
104154,1,10896,109.0,0,335.0,217.0
104154,1,10897,109.0,0,335.0,217.0
104154,1,10898,109.0,0,335.0,217.0
104154,1,10899,109.0,0,335.0,217.0
104154,1,10900,109.0,0,335.0,217.0
104154,1,10901,109.0,0,303.0,217.0
104154,1,10902,109.0,0,303.0,217.0
104154,1,10903,109.0,0,303.0,217.0
104154,1,10904,109.0,0,303.0,217.0
104154,1,10905,109.0,0,303.0,217.0
104154,1,10906,109.0,0,303.0,217.0
104154,1,10907,109.0,0,303.0,217.0
104154,1,10908,109.0,0,303.0,217.0
104154,1,10909,124.0,0,304.0,217.0
104154,1,10910,124.0,0,304.0,217.0
104154,1,10911,124.0,0,304.0,217.0
104154,1,10912,124.0,0,304.0,217.0
104154,1,10913,124.0,0,304.0,217.0
104154,1,10914,124.0,0,304.0,217.0
104154,1,10915,124.0,0,304.0,217.0
104154,1,10916,124.0,0,304.0,217.0
104154,1,10917,124.0,0,259.0,217.0
104154,1,10918,124.0,0,259.0,217.0
104154,1,10919,124.0,0,259.0,217.0
104154,1,10920,124.0,0,259.0,217.0
104154,1,10921,124.0,0,259.0,217.0
104154,1,10922,124.0,0,259.0,217.0
104154,1,10923,124.0,0,259.0,217.0
104154,1,10924,124.0,0,259.0,217.0
104154,1,10925,124.0,0,259.0,217.0
104154,1,10926,124.0,0,259.0,217.0
104154,1,10927,124.0,0,259.0,217.0
104154,1,10928,124.0,0,259.0,217.0
104154,1,10929,124.0,0,259.0,217.0
104154,1,10930,124.0,0,259.0,217.0
104154,1,10931,124.0,0,259.0,217.0
104154,1,10932,124.0,0,259.0,217.0
104154,1,10933,124.0,0,259.0,217.0
104154,1,10934,124.0,0,259.0,217.0
104154,1,10935,124.0,0,259.0,217.0
104154,1,10936,124.0,0,259.0,217.0
104154,1,10937,124.0,0,259.0,217.0
104154,1,10938,124.0,6.0,259.0,217.0
104154,1,10939,124.0,6.0,259.0,217.0
104154,1,10940,124.0,6.0,259.0,217.0
104154,1,10941,124.0,6.0,259.0,217.0
104154,1,10942,124.0,6.0,259.0,217.0
104154,1,10943,124.0,6.0,259.0,217.0
104154,1,10944,124.0,6.0,259.0,217.0
104154,1,10945,124.0,6.0,259.0,217.0
104154,1,10946,124.0,6.0,259.0,217.0
104154,1,10947,124.0,6.0,259.0,217.0
104154,1,10948,124.0,6.0,259.0,217.0
104154,1,10949,124.0,6.0,259.0,217.0
104154,1,10950,124.0,6.0,259.0,217.0
104154,1,10951,124.0,6.0,259.0,217.0
104154,1,10952,123.0,11.0,258.0,222.0
104154,1,10953,123.0,11.0,258.0,222.0
104154,1,10954,123.0,11.0,258.0,222.0
104154,1,10955,123.0,11.0,258.0,222.0
104154,1,10956,123.0,11.0,258.0,222.0
104154,1,10957,123.0,11.0,258.0,222.0
104154,1,10958,123.0,11.0,258.0,222.0
104154,1,10959,123.0,11.0,258.0,222.0
104154,1,10960,123.0,11.0,258.0,222.0
104154,1,10961,123.0,11.0,258.0,222.0
104154,1,10962,123.0,11.0,258.0,222.0
104154,1,10963,123.0,11.0,258.0,222.0
104154,1,10964,123.0,33.0,258.0,222.0
104154,1,10965,123.0,33.0,258.0,222.0
104154,1,10966,123.0,33.0,258.0,222.0
104154,1,10967,123.0,33.0,258.0,222.0
104154,1,10968,123.0,33.0,258.0,222.0
104154,1,10969,123.0,33.0,258.0,222.0
104154,1,10970,123.0,33.0,258.0,222.0
104154,1,10971,123.0,33.0,258.0,222.0
104154,1,10972,123.0,33.0,258.0,222.0
104154,1,10973,123.0,33.0,258.0,222.0
104154,1,10974,123.0,33.0,258.0,222.0
104154,1,10975,123.0,33.0,258.0,222.0
104154,1,10976,123.0,33.0,258.0,222.0
104154,1,10977,123.0,33.0,258.0,222.0
104154,1,10978,123.0,36.0,258.0,221.0
104154,1,10979,123.0,36.0,258.0,221.0
104154,1,10980,123.0,36.0,258.0,221.0
104154,1,10981,123.0,36.0,258.0,221.0
104154,1,10982,123.0,36.0,258.0,221.0
104154,1,10983,123.0,36.0,258.0,221.0
104154,1,10984,123.0,36.0,258.0,221.0
104154,1,10985,123.0,36.0,258.0,221.0
104154,1,10986,123.0,36.0,258.0,221.0
104154,1,10987,123.0,36.0,258.0,221.0
104154,1,10988,123.0,36.0,258.0,221.0
104154,1,10989,123.0,36.0,258.0,221.0
104154,1,10990,123.0,36.0,258.0,221.0
104154,1,10991,123.0,36.0,258.0,221.0
104154,1,10992,123.0,36.0,258.0,221.0
104154,1,10993,123.0,36.0,258.0,221.0
104154,1,10994,123.0,36.0,258.0,221.0
104154,1,10995,123.0,36.0,258.0,221.0
104154,1,10996,123.0,36.0,258.0,221.0
104154,1,10997,123.0,36.0,258.0,221.0
104154,1,10998,123.0,36.0,258.0,221.0
104154,1,10999,123.0,36.0,258.0,221.0
104154,1,11000,123.0,36.0,258.0,221.0
104154,1,11001,123.0,36.0,258.0,221.0
104154,1,11002,123.0,36.0,258.0,221.0
104154,1,11003,123.0,36.0,258.0,221.0
104154,1,11004,123.0,36.0,258.0,221.0
104154,1,11005,123.0,36.0,258.0,221.0
104154,1,11006,123.0,36.0,258.0,221.0
104154,1,11007,123.0,36.0,258.0,221.0
104154,1,11008,123.0,36.0,258.0,221.0
104154,1,11009,123.0,36.0,258.0,221.0
104154,1,11010,123.0,36.0,258.0,221.0
104154,1,11011,123.0,36.0,258.0,221.0
104154,1,11012,123.0,36.0,258.0,221.0
104154,1,11013,123.0,36.0,258.0,221.0
104154,1,11014,123.0,36.0,258.0,221.0
104154,1,11015,123.0,36.0,258.0,221.0
104154,1,11016,123.0,36.0,258.0,221.0
104154,1,11017,123.0,36.0,258.0,221.0
104154,1,11018,123.0,36.0,258.0,221.0
104154,1,11019,123.0,36.0,258.0,221.0
104154,1,11020,123.0,36.0,258.0,221.0
104154,1,11021,123.0,36.0,258.0,221.0
104154,1,11022,123.0,36.0,258.0,221.0
104154,1,11023,123.0,36.0,258.0,221.0
104154,1,11024,123.0,36.0,258.0,221.0
104154,1,11025,123.0,36.0,258.0,221.0
104154,1,11026,123.0,36.0,258.0,221.0
104154,1,11027,123.0,36.0,258.0,221.0
104154,1,11028,123.0,36.0,258.0,221.0
104154,1,11029,123.0,36.0,258.0,221.0
104154,1,11030,123.0,36.0,258.0,221.0
104154,1,11031,123.0,36.0,258.0,221.0
104154,1,11032,123.0,36.0,258.0,221.0
104154,1,11033,123.0,36.0,258.0,221.0
104154,1,11034,123.0,36.0,258.0,221.0
104154,1,11035,123.0,36.0,258.0,221.0
104154,1,11036,123.0,36.0,258.0,221.0
104154,1,11037,123.0,36.0,258.0,221.0
104154,1,11038,123.0,36.0,258.0,221.0
104154,1,11039,123.0,36.0,258.0,221.0
104154,1,11040,123.0,36.0,258.0,221.0
104154,1,11041,123.0,36.0,258.0,221.0
104154,1,11042,123.0,36.0,258.0,221.0
104154,1,11043,123.0,36.0,258.0,221.0
104154,1,11044,123.0,36.0,258.0,221.0
104154,1,11045,123.0,36.0,258.0,221.0
104154,1,11046,123.0,36.0,258.0,221.0
104154,1,11047,123.0,36.0,258.0,221.0
104154,1,11048,123.0,36.0,258.0,221.0
104154,1,11049,123.0,36.0,258.0,221.0
104154,1,11050,123.0,36.0,258.0,221.0
104154,1,11051,123.0,36.0,258.0,221.0
104154,1,11052,123.0,36.0,258.0,221.0
104154,1,11053,123.0,36.0,258.0,221.0
104154,1,11054,123.0,36.0,258.0,221.0
104154,1,11055,123.0,36.0,258.0,221.0
104154,1,11056,123.0,36.0,258.0,221.0
104154,1,11057,123.0,36.0,258.0,221.0
104154,1,11058,123.0,36.0,258.0,221.0
104154,1,11059,123.0,36.0,258.0,221.0
104154,1,11060,123.0,36.0,258.0,221.0
104154,1,11061,123.0,36.0,258.0,221.0
104154,1,11062,123.0,36.0,258.0,221.0
104154,1,11063,123.0,36.0,258.0,221.0
104154,1,11064,123.0,36.0,258.0,221.0
104154,1,11065,123.0,36.0,258.0,221.0
104154,1,11066,123.0,36.0,258.0,221.0
104154,1,11067,123.0,36.0,258.0,221.0
104154,1,11068,123.0,36.0,258.0,221.0
104154,1,11069,123.0,36.0,258.0,221.0
104154,1,11070,123.0,36.0,258.0,221.0
104154,1,11071,123.0,36.0,258.0,221.0
104154,1,11072,123.0,36.0,258.0,221.0
104154,1,11073,123.0,36.0,258.0,221.0
104154,1,11074,123.0,36.0,258.0,221.0
104154,1,11075,123.0,36.0,258.0,221.0
104154,1,11076,123.0,36.0,258.0,221.0
104154,1,11077,123.0,36.0,258.0,221.0
104154,1,11078,123.0,36.0,258.0,221.0
104154,1,11079,123.0,36.0,258.0,221.0
104154,1,11080,123.0,36.0,258.0,221.0
104154,1,11081,123.0,36.0,258.0,221.0
104154,1,11082,123.0,36.0,258.0,221.0
104154,1,11083,123.0,36.0,258.0,221.0
104154,1,11084,123.0,36.0,258.0,221.0
104154,1,11085,123.0,36.0,258.0,221.0
104154,1,11086,123.0,36.0,258.0,221.0
104154,1,11087,123.0,36.0,258.0,221.0
104154,1,11088,123.0,36.0,258.0,221.0
104154,1,11089,123.0,36.0,258.0,221.0
104154,1,11090,123.0,36.0,258.0,221.0
104154,1,11091,123.0,36.0,258.0,221.0
104154,1,11092,123.0,36.0,258.0,221.0
104154,1,11093,123.0,36.0,258.0,221.0
104154,1,11094,123.0,36.0,258.0,221.0
104154,1,11095,123.0,36.0,258.0,221.0
104154,1,11096,123.0,36.0,258.0,221.0
104154,1,11097,123.0,36.0,258.0,221.0
104154,1,11098,123.0,36.0,258.0,221.0
104154,1,11099,123.0,36.0,258.0,221.0
104154,1,11100,123.0,36.0,258.0,221.0
104154,1,11101,123.0,36.0,258.0,221.0
104154,1,11102,123.0,36.0,258.0,221.0
104154,1,11103,123.0,36.0,258.0,221.0
104154,1,11104,123.0,36.0,258.0,221.0
104154,1,11105,123.0,36.0,258.0,221.0
104154,1,11106,123.0,36.0,258.0,221.0
104154,1,11107,123.0,36.0,258.0,221.0
104154,1,11108,123.0,36.0,258.0,221.0
104154,1,11109,123.0,36.0,258.0,221.0
104154,1,11110,123.0,36.0,258.0,221.0
104154,1,11111,123.0,36.0,258.0,221.0
104154,1,11112,123.0,36.0,258.0,221.0
104154,1,11113,123.0,36.0,258.0,221.0
104154,1,11114,123.0,36.0,258.0,221.0
104154,1,11115,123.0,36.0,258.0,221.0
104154,1,11116,123.0,36.0,258.0,221.0
104154,1,11117,123.0,36.0,258.0,221.0
104154,1,11118,123.0,36.0,258.0,221.0
104154,1,11119,123.0,36.0,258.0,221.0
104154,1,11120,123.0,36.0,258.0,221.0
104154,1,11121,123.0,36.0,258.0,221.0
104154,1,11122,123.0,36.0,258.0,221.0
104154,1,11123,123.0,36.0,258.0,221.0
104154,1,11124,123.0,36.0,258.0,221.0
104154,1,11125,123.0,36.0,258.0,221.0
104154,1,11126,123.0,36.0,258.0,221.0
104154,1,11127,123.0,36.0,258.0,221.0
104154,1,11128,123.0,36.0,258.0,221.0
104154,1,11129,123.0,36.0,258.0,221.0
104154,1,11130,123.0,36.0,258.0,221.0
104154,1,11131,123.0,36.0,258.0,221.0
104154,1,11132,123.0,36.0,258.0,221.0
104154,1,11133,123.0,36.0,258.0,221.0
104154,1,11134,123.0,36.0,258.0,221.0
104154,1,11135,123.0,36.0,258.0,221.0
104154,1,11136,123.0,36.0,258.0,221.0
104154,1,11137,123.0,36.0,258.0,221.0
104154,1,11138,123.0,36.0,258.0,221.0
104154,1,11139,123.0,36.0,258.0,221.0
104154,1,11140,123.0,36.0,258.0,221.0
104154,1,11141,123.0,36.0,258.0,221.0
104154,1,11142,123.0,36.0,258.0,221.0
104154,1,11143,123.0,36.0,258.0,221.0
104154,1,11144,123.0,36.0,258.0,221.0
104154,1,11145,123.0,36.0,258.0,221.0
104154,1,11146,123.0,36.0,258.0,221.0
104154,1,11147,123.0,36.0,258.0,221.0
104154,1,11148,123.0,36.0,258.0,221.0
104154,1,11149,123.0,36.0,258.0,221.0
104154,1,11150,123.0,36.0,258.0,221.0
104154,1,11151,123.0,36.0,258.0,221.0
104154,1,11152,123.0,36.0,258.0,221.0
104154,1,11153,123.0,36.0,258.0,221.0
104154,1,11154,123.0,36.0,258.0,221.0
104154,1,11155,123.0,36.0,258.0,221.0
104154,1,11156,123.0,36.0,258.0,221.0
104154,1,11157,123.0,36.0,258.0,221.0
104154,1,11158,123.0,36.0,258.0,221.0
104154,1,11159,123.0,36.0,258.0,221.0
104154,1,11160,123.0,36.0,258.0,221.0
104154,1,11161,123.0,36.0,258.0,221.0
104154,1,11162,123.0,36.0,258.0,221.0
104154,1,11163,123.0,36.0,258.0,221.0
104154,1,11164,123.0,36.0,258.0,221.0
104154,1,11165,123.0,23.0,258.0,220.0
104154,1,11166,123.0,23.0,258.0,220.0
104154,1,11167,123.0,23.0,258.0,220.0
104154,1,11168,123.0,23.0,258.0,220.0
104154,1,11169,123.0,23.0,258.0,220.0
104154,1,11170,123.0,23.0,258.0,220.0
104154,1,11171,123.0,23.0,258.0,220.0
104154,1,11172,123.0,23.0,258.0,220.0
104154,1,11173,123.0,23.0,258.0,220.0
104154,1,11174,123.0,23.0,258.0,220.0
104154,1,11175,123.0,23.0,258.0,220.0
104154,1,11176,123.0,23.0,258.0,220.0
104154,1,11177,123.0,23.0,258.0,220.0
104154,1,11178,123.0,23.0,258.0,220.0
104154,1,11179,123.0,23.0,258.0,220.0
104154,1,11180,123.0,23.0,258.0,220.0
104154,1,11181,123.0,23.0,258.0,220.0
104154,1,11182,123.0,23.0,258.0,220.0
104154,1,11183,123.0,23.0,258.0,220.0
104154,1,11184,123.0,23.0,258.0,220.0
104154,1,11185,123.0,23.0,258.0,220.0
104154,1,11186,123.0,23.0,258.0,220.0
104154,1,11187,123.0,23.0,258.0,220.0
104154,1,11188,123.0,23.0,258.0,220.0
104154,1,11189,123.0,23.0,258.0,220.0
104154,1,11190,123.0,23.0,258.0,220.0
104154,1,11191,123.0,23.0,258.0,220.0
104154,1,11192,123.0,23.0,258.0,220.0
104154,1,11193,123.0,23.0,258.0,220.0
104154,1,11194,123.0,23.0,258.0,220.0
104154,1,11195,123.0,23.0,258.0,220.0
104154,1,11196,123.0,23.0,258.0,220.0
104154,1,11197,123.0,23.0,258.0,220.0
104154,1,11198,123.0,23.0,258.0,220.0
104154,1,11199,123.0,23.0,258.0,220.0
104154,1,11200,123.0,23.0,258.0,220.0
104154,1,11201,123.0,23.0,258.0,220.0
104154,1,11202,123.0,23.0,258.0,220.0
104154,1,11203,123.0,23.0,258.0,220.0
104154,1,11204,123.0,23.0,258.0,220.0
104154,1,11205,123.0,23.0,258.0,220.0
104154,1,11206,123.0,23.0,258.0,220.0
104154,1,11207,123.0,23.0,258.0,220.0
104154,1,11208,123.0,23.0,258.0,220.0
104154,1,11209,123.0,23.0,258.0,220.0
104154,1,11210,123.0,23.0,258.0,220.0
104154,1,11211,123.0,23.0,258.0,220.0
104154,1,11212,123.0,23.0,258.0,220.0
104154,1,11213,123.0,23.0,258.0,220.0
104154,1,11214,123.0,23.0,258.0,220.0
104154,1,11215,123.0,23.0,258.0,220.0
104154,1,11216,123.0,23.0,258.0,220.0
104154,1,11217,123.0,23.0,258.0,220.0
104154,1,11218,123.0,23.0,258.0,220.0
104154,1,11219,123.0,23.0,258.0,220.0
104154,1,11220,123.0,23.0,258.0,220.0
104154,1,11221,123.0,23.0,258.0,220.0
104154,1,11222,123.0,23.0,258.0,220.0
104154,1,11223,123.0,23.0,258.0,220.0
104154,1,11224,123.0,23.0,258.0,220.0
104154,1,11225,123.0,23.0,258.0,220.0
104154,1,11226,123.0,23.0,258.0,220.0
104154,1,11227,123.0,23.0,258.0,220.0
104154,1,11228,123.0,23.0,258.0,220.0
104154,1,11229,123.0,23.0,258.0,220.0
104154,1,11230,123.0,23.0,258.0,220.0
104154,1,11231,123.0,23.0,258.0,220.0
104154,1,11232,123.0,23.0,258.0,220.0
104154,1,11233,123.0,23.0,258.0,220.0
104154,1,11234,123.0,23.0,258.0,220.0
104154,1,11235,123.0,23.0,258.0,220.0
104154,1,11236,123.0,23.0,258.0,220.0
104154,1,11237,123.0,23.0,258.0,220.0
104154,1,11238,123.0,23.0,258.0,220.0
104154,1,11239,123.0,23.0,258.0,220.0
104154,1,11240,123.0,23.0,258.0,220.0
104154,1,11241,123.0,23.0,258.0,220.0
104154,1,11242,123.0,23.0,258.0,220.0
104154,1,11243,123.0,23.0,258.0,220.0
104154,1,11244,123.0,23.0,258.0,220.0
104154,1,11245,123.0,23.0,258.0,220.0
104154,1,11246,123.0,23.0,258.0,220.0
104154,1,11247,123.0,23.0,258.0,220.0
104154,1,11248,123.0,23.0,258.0,220.0
104154,1,11249,123.0,23.0,258.0,220.0
104154,1,11250,123.0,23.0,258.0,220.0
104154,1,11251,123.0,23.0,258.0,220.0
104154,1,11252,123.0,23.0,258.0,220.0
104154,1,11253,123.0,23.0,258.0,220.0
104154,1,11254,123.0,23.0,258.0,220.0
104154,1,11255,123.0,23.0,258.0,220.0
104154,1,11256,123.0,23.0,258.0,220.0
104154,1,11257,123.0,23.0,258.0,220.0
104154,1,11258,123.0,23.0,258.0,220.0
104154,1,11259,123.0,23.0,258.0,220.0
104154,1,11260,123.0,23.0,258.0,220.0
104154,1,11261,123.0,23.0,258.0,220.0
104154,1,11262,123.0,23.0,258.0,220.0
104154,1,11263,123.0,23.0,258.0,220.0
104154,1,11264,123.0,23.0,258.0,220.0
104154,1,11265,123.0,23.0,258.0,220.0
104154,1,11266,123.0,23.0,258.0,220.0
104154,1,11267,123.0,23.0,258.0,220.0
104154,1,11268,123.0,23.0,258.0,220.0
104154,1,11269,123.0,23.0,258.0,220.0
104154,1,11270,123.0,23.0,258.0,220.0
104154,1,11271,123.0,23.0,258.0,220.0
104154,1,11272,123.0,23.0,258.0,220.0
104154,1,11273,123.0,23.0,258.0,220.0
104154,1,11274,123.0,23.0,258.0,220.0
104154,1,11275,123.0,23.0,258.0,220.0
104154,1,11276,123.0,23.0,258.0,220.0
104154,1,11277,123.0,23.0,258.0,220.0
104154,1,11278,123.0,23.0,258.0,220.0
104154,1,11279,123.0,23.0,258.0,220.0
104154,1,11280,123.0,23.0,258.0,220.0
104154,1,11281,123.0,23.0,258.0,220.0
104154,1,11282,123.0,23.0,258.0,220.0
104154,1,11283,123.0,23.0,258.0,220.0
104154,1,11284,123.0,23.0,258.0,220.0
104154,1,11285,123.0,23.0,258.0,220.0
104154,1,11286,123.0,23.0,258.0,220.0
104154,1,11287,123.0,23.0,258.0,220.0
104154,1,11288,123.0,23.0,258.0,220.0
104154,1,11289,123.0,23.0,258.0,220.0
104154,1,11290,123.0,23.0,258.0,220.0
104154,1,11291,123.0,23.0,258.0,220.0
104154,1,11292,123.0,23.0,258.0,220.0
104154,1,11293,123.0,23.0,258.0,220.0
104154,1,11294,123.0,23.0,258.0,220.0
104154,1,11295,123.0,23.0,258.0,220.0
104154,1,11296,123.0,23.0,258.0,220.0
104154,1,11297,123.0,23.0,258.0,220.0
104154,1,11298,123.0,12.0,258.0,220.0
104154,1,11299,123.0,12.0,258.0,220.0
104154,1,11300,123.0,12.0,258.0,220.0
104154,1,11301,123.0,12.0,258.0,220.0
104154,1,11302,123.0,12.0,258.0,220.0
104154,1,11303,123.0,12.0,258.0,220.0
104154,1,11304,123.0,12.0,271.0,220.0
104154,1,11305,123.0,12.0,271.0,220.0
104154,1,11306,123.0,12.0,271.0,220.0
104154,1,11307,123.0,12.0,271.0,220.0
104154,1,11308,123.0,12.0,271.0,220.0
104154,1,11309,123.0,12.0,271.0,220.0
104154,1,11310,123.0,12.0,271.0,220.0
104154,1,11311,123.0,12.0,271.0,220.0
104154,1,11312,123.0,12.0,271.0,220.0
104154,1,11313,123.0,12.0,271.0,220.0
104154,1,11314,123.0,0,287.0,220.0
104154,1,11315,123.0,0,287.0,220.0
104154,1,11316,123.0,0,287.0,220.0
104154,1,11317,123.0,0,287.0,220.0
104154,1,11318,123.0,0,287.0,220.0
104154,1,11319,123.0,0,287.0,220.0
104154,1,11320,123.0,0,287.0,220.0
104154,1,11321,123.0,0,287.0,220.0
104154,1,11322,123.0,0,287.0,220.0
104154,1,11323,123.0,0,287.0,220.0
104154,1,11324,108.0,0,301.0,220.0
104154,1,11325,108.0,0,301.0,220.0
104154,1,11326,108.0,0,301.0,220.0
104154,1,11327,108.0,0,301.0,220.0
104154,1,11328,108.0,0,301.0,220.0
104154,1,11329,108.0,0,301.0,220.0
104154,1,11330,108.0,0,328.0,220.0
104154,1,11331,108.0,0,328.0,220.0
104154,1,11332,108.0,0,328.0,220.0
104154,1,11333,108.0,0,328.0,220.0
104154,1,11334,108.0,0,328.0,220.0
104154,1,11335,108.0,0,328.0,220.0
104154,1,11336,108.0,0,328.0,220.0
104154,1,11337,108.0,0,328.0,220.0
104154,1,11338,108.0,0,328.0,220.0
104154,1,11339,108.0,0,328.0,220.0
104154,1,11340,108.0,0,328.0,220.0
104154,1,11341,108.0,0,328.0,220.0
104154,1,11342,108.0,0,328.0,220.0
104154,1,11343,108.0,0,328.0,220.0
104154,1,11344,108.0,0,328.0,220.0
104154,1,11345,108.0,0,328.0,220.0
104154,1,11346,90.0,0,351.0,220.0
104154,1,11347,90.0,0,351.0,220.0
104154,1,11348,90.0,0,351.0,220.0
104154,1,11349,90.0,0,351.0,220.0
104154,1,11350,90.0,0,351.0,220.0
104154,1,11351,90.0,0,351.0,220.0
104154,1,11352,90.0,0,351.0,220.0
104154,1,11353,90.0,0,351.0,220.0
104154,1,11354,90.0,0,377.0,216.0
104154,1,11355,90.0,0,377.0,216.0
104154,1,11356,90.0,0,377.0,216.0
104154,1,11357,90.0,0,377.0,216.0
104154,1,11358,90.0,0,377.0,216.0
104154,1,11359,90.0,0,377.0,216.0
104154,1,11360,90.0,0,377.0,216.0
104154,1,11361,90.0,0,377.0,216.0
104154,1,11362,90.0,0,377.0,216.0
104154,1,11363,90.0,0,377.0,216.0
104154,1,11364,90.0,0,388.0,216.0
104154,1,11365,90.0,0,388.0,216.0
104154,1,11366,90.0,0,388.0,216.0
104154,1,11367,90.0,0,388.0,216.0
104154,1,11368,90.0,0,388.0,216.0
104154,1,11369,90.0,0,388.0,216.0
104154,1,11370,90.0,0,388.0,216.0
104154,1,11371,90.0,0,388.0,216.0
104154,1,11372,90.0,0,388.0,216.0
104154,1,11373,90.0,0,388.0,216.0
104154,1,11374,90.0,0,388.0,216.0
104154,1,11375,90.0,0,388.0,216.0
104154,1,11376,90.0,0,388.0,216.0
104154,1,11377,84.0,0,409.0,216.0
104154,1,11378,84.0,0,409.0,216.0
104154,1,11379,84.0,0,409.0,216.0
104154,1,11380,84.0,0,409.0,216.0
104154,1,11381,84.0,0,409.0,216.0
104154,1,11382,84.0,0,409.0,216.0
104154,1,11383,84.0,0,409.0,216.0
104154,1,11384,84.0,0,409.0,216.0
104154,1,11385,84.0,0,409.0,216.0
104154,1,11386,84.0,0,409.0,216.0
104154,1,11387,84.0,0,409.0,216.0
104154,1,11388,84.0,0,409.0,216.0
104154,1,11389,84.0,0,409.0,216.0
104154,1,11390,84.0,0,409.0,216.0
104154,1,11391,84.0,0,409.0,216.0
104154,1,11392,84.0,0,409.0,216.0
104154,1,11393,84.0,0,409.0,216.0
104154,1,11394,84.0,0,409.0,216.0
104154,1,11395,84.0,0,409.0,216.0
104154,1,11396,84.0,0,409.0,216.0
104154,1,11397,84.0,0,409.0,216.0
104154,1,11398,84.0,0,409.0,216.0
104154,1,11399,84.0,0,409.0,216.0
104154,1,11400,84.0,0,409.0,216.0
104154,1,11401,84.0,0,409.0,216.0
104154,1,11402,84.0,0,409.0,216.0
104154,1,11403,84.0,0,409.0,216.0
104154,1,11404,84.0,0,409.0,216.0
104154,1,11405,84.0,0,447.0,216.0
104154,1,11406,84.0,0,447.0,216.0
104154,1,11407,84.0,0,447.0,216.0
104154,1,11408,84.0,0,447.0,216.0
104154,1,11409,84.0,0,447.0,216.0
104154,1,11410,84.0,0,447.0,216.0
104154,1,11411,84.0,0,447.0,216.0
104154,1,11412,84.0,0,447.0,216.0
104154,1,11413,84.0,0,447.0,216.0
104154,1,11414,84.0,0,447.0,216.0
104154,1,11415,84.0,0,447.0,216.0
104154,1,11416,84.0,0,447.0,216.0
104154,1,11417,84.0,0,447.0,216.0
104154,1,11418,84.0,0,447.0,216.0
104154,1,11419,84.0,0,447.0,216.0
104154,1,11420,84.0,0,447.0,216.0
104154,1,11421,84.0,0,447.0,216.0
104154,1,11422,84.0,0,447.0,216.0
104154,1,11423,84.0,0,447.0,216.0
104154,1,11424,84.0,0,447.0,216.0
104154,1,11425,84.0,0,447.0,216.0
104154,1,11426,84.0,0,447.0,216.0
104154,1,11427,84.0,0,447.0,216.0
104154,1,11428,84.0,0,447.0,216.0
104154,1,11429,84.0,0,447.0,216.0
104154,1,11430,84.0,0,447.0,216.0
104154,1,11431,84.0,0,447.0,216.0
104154,1,11432,84.0,0,447.0,216.0
104154,1,11433,84.0,0,447.0,216.0
104154,1,11434,84.0,0,447.0,216.0
104154,1,11435,84.0,0,447.0,216.0
104154,1,11436,84.0,0,447.0,216.0
104154,1,11437,84.0,0,447.0,216.0
104154,1,11438,84.0,0,447.0,216.0
104154,1,11439,84.0,0,447.0,216.0
104154,1,11440,84.0,0,447.0,216.0
104154,1,11441,84.0,0,447.0,216.0
104154,1,11442,84.0,0,447.0,216.0
104154,1,11443,84.0,0,447.0,216.0
104154,1,11444,84.0,0,447.0,216.0
104154,1,11445,84.0,0,447.0,216.0
104154,1,11446,84.0,0,447.0,216.0
104154,1,11447,84.0,0,447.0,216.0
104154,1,11448,84.0,0,447.0,216.0
104154,1,11449,84.0,0,447.0,216.0
104154,1,11450,84.0,0,447.0,216.0
104154,1,11451,84.0,0,447.0,216.0
104154,1,11452,84.0,0,447.0,216.0
104154,1,11453,84.0,0,447.0,216.0
104154,1,11454,84.0,0,447.0,216.0
104154,1,11455,84.0,0,447.0,216.0
104154,1,11456,84.0,0,447.0,216.0
104154,1,11457,84.0,0,447.0,216.0
104154,1,11458,84.0,0,447.0,216.0
104154,1,11459,84.0,0,447.0,216.0
104154,1,11460,84.0,0,447.0,216.0
104154,1,11461,84.0,0,447.0,216.0
104154,1,11462,84.0,0,447.0,216.0
104154,1,11463,84.0,0,447.0,216.0
104154,1,11464,84.0,0,447.0,216.0
104154,1,11465,84.0,0,447.0,216.0
104154,1,11466,84.0,0,447.0,216.0
104154,1,11467,84.0,0,447.0,216.0
104154,1,11468,84.0,0,447.0,216.0
104154,1,11469,84.0,0,447.0,216.0
104154,1,11470,84.0,0,447.0,216.0
104154,1,11471,84.0,0,447.0,216.0
104154,1,11472,84.0,0,447.0,216.0
104154,1,11473,84.0,0,447.0,216.0
104154,1,11474,84.0,0,447.0,216.0
104154,1,11475,84.0,0,447.0,216.0
104154,1,11476,84.0,0,447.0,216.0
104154,1,11477,84.0,0,447.0,216.0
104154,1,11478,84.0,0,447.0,216.0
104154,1,11479,84.0,0,447.0,216.0
104154,1,11480,84.0,0,447.0,216.0
104154,1,11481,84.0,0,447.0,216.0
104154,1,11482,84.0,0,447.0,216.0
104154,1,11483,84.0,0,447.0,216.0
104154,1,11484,84.0,0,447.0,216.0
104154,1,11485,84.0,0,447.0,216.0
104154,1,11486,84.0,0,447.0,216.0
104154,1,11487,84.0,0,447.0,216.0
104154,1,11488,84.0,0,447.0,216.0
104154,1,11489,84.0,0,447.0,216.0
104154,1,11490,84.0,0,447.0,216.0
104154,1,11491,84.0,0,447.0,216.0
104154,1,11492,84.0,0,447.0,216.0
104154,1,11493,84.0,0,447.0,216.0
104154,1,11494,84.0,0,447.0,216.0
104154,1,11495,84.0,0,447.0,216.0
104154,1,11496,84.0,0,447.0,216.0
104154,1,11497,84.0,0,447.0,216.0
104154,1,11498,84.0,0,447.0,216.0
104154,1,11499,84.0,0,447.0,216.0
104154,1,11500,84.0,0,447.0,216.0
104154,1,11501,84.0,0,447.0,216.0
104154,1,11502,84.0,0,447.0,216.0
104154,1,11503,84.0,0,447.0,216.0
104154,1,11504,84.0,0,447.0,216.0
104154,1,11505,84.0,0,447.0,216.0
104154,1,11506,84.0,0,447.0,216.0
104154,1,11507,84.0,0,447.0,216.0
104154,1,11508,84.0,0,447.0,216.0
104154,1,11509,84.0,0,447.0,216.0
104154,1,11510,84.0,0,447.0,216.0
104154,1,11511,84.0,0,447.0,216.0
104154,1,11512,84.0,0,447.0,216.0
104154,1,11513,84.0,0,447.0,216.0
104154,1,11514,84.0,0,447.0,216.0
104154,1,11515,84.0,0,447.0,216.0
104154,1,11516,84.0,0,447.0,216.0
104154,1,11517,84.0,0,447.0,216.0
104154,1,11518,84.0,0,447.0,216.0
104154,1,11519,84.0,0,447.0,216.0
104154,1,11520,84.0,0,447.0,216.0
104154,1,11521,84.0,0,447.0,216.0
104154,1,11522,84.0,0,447.0,216.0
104154,1,11523,84.0,0,447.0,216.0
104154,1,11524,84.0,0,447.0,216.0
104154,1,11525,84.0,0,429.0,216.0
104154,1,11526,84.0,0,429.0,216.0
104154,1,11527,84.0,0,429.0,216.0
104154,1,11528,84.0,0,429.0,216.0
104154,1,11529,84.0,0,429.0,216.0
104154,1,11530,84.0,0,429.0,216.0
104154,1,11531,84.0,0,429.0,216.0
104154,1,11532,84.0,0,429.0,216.0
104154,1,11533,84.0,0,429.0,216.0
104154,1,11534,84.0,0,429.0,216.0
104154,1,11535,84.0,0,429.0,216.0
104154,1,11536,84.0,0,429.0,216.0
104154,1,11537,84.0,0,421.0,216.0
104154,1,11538,84.0,0,421.0,216.0
104154,1,11539,84.0,0,421.0,216.0
104154,1,11540,84.0,0,421.0,216.0
104154,1,11541,84.0,0,421.0,216.0
104154,1,11542,84.0,0,421.0,216.0
104154,1,11543,84.0,0,421.0,216.0
104154,1,11544,84.0,0,421.0,216.0
104154,1,11545,84.0,0,421.0,216.0
104154,1,11546,84.0,0,416.0,216.0
104154,1,11547,84.0,0,416.0,216.0
104154,1,11548,84.0,0,416.0,216.0
104154,1,11549,84.0,0,416.0,216.0
104154,1,11550,84.0,0,416.0,216.0
104154,1,11551,84.0,0,416.0,216.0
104154,1,11552,84.0,0,416.0,216.0
104154,1,11553,84.0,0,416.0,216.0
104154,1,11554,84.0,0,416.0,216.0
104154,1,11555,84.0,0,416.0,216.0
104154,1,11556,84.0,0,416.0,216.0
104154,1,11557,84.0,0,402.0,216.0
104154,1,11558,84.0,0,402.0,216.0
104154,1,11559,84.0,0,402.0,216.0
104154,1,11560,84.0,0,402.0,216.0
104154,1,11561,84.0,0,402.0,216.0
104154,1,11562,84.0,0,402.0,216.0
104154,1,11563,84.0,0,402.0,216.0
104154,1,11564,104.0,0,402.0,216.0
104154,1,11565,104.0,0,402.0,216.0
104154,1,11566,104.0,0,402.0,216.0
104154,1,11567,104.0,0,402.0,216.0
104154,1,11568,104.0,0,402.0,216.0
104154,1,11569,104.0,0,402.0,216.0
104154,1,11570,104.0,0,402.0,216.0
104154,1,11571,104.0,0,402.0,216.0
104154,1,11572,104.0,0,367.0,216.0
104154,1,11573,104.0,0,367.0,216.0
104154,1,11574,104.0,0,367.0,216.0
104154,1,11575,104.0,0,367.0,216.0
104154,1,11576,104.0,0,367.0,216.0
104154,1,11577,104.0,0,367.0,216.0
104154,1,11578,104.0,0,367.0,216.0
104154,1,11579,104.0,0,338.0,216.0
104154,1,11580,104.0,0,338.0,216.0
104154,1,11581,104.0,0,338.0,216.0
104154,1,11582,104.0,0,338.0,216.0
104154,1,11583,104.0,0,338.0,216.0
104154,1,11584,104.0,0,338.0,216.0
104154,1,11585,104.0,0,320.0,216.0
104154,1,11586,104.0,0,320.0,216.0
104154,1,11587,104.0,0,320.0,216.0
104154,1,11588,104.0,0,320.0,216.0
104154,1,11589,104.0,0,320.0,216.0
104154,1,11590,104.0,0,300.0,216.0
104154,1,11591,104.0,0,300.0,216.0
104154,1,11592,104.0,0,300.0,216.0
104154,1,11593,104.0,0,300.0,216.0
104154,1,11594,104.0,0,300.0,216.0
104154,1,11595,104.0,0,279.0,216.0
104154,1,11596,104.0,0,279.0,216.0
104154,1,11597,104.0,0,279.0,216.0
104154,1,11598,104.0,0,279.0,216.0
104154,1,11599,104.0,0,279.0,216.0
104154,1,11600,117.0,0,279.0,216.0
104154,1,11601,117.0,0,279.0,216.0
104154,1,11602,117.0,0,279.0,216.0
104154,1,11603,117.0,0,279.0,216.0
104154,1,11604,117.0,0,279.0,216.0
104154,1,11605,117.0,0,279.0,216.0
104154,1,11606,117.0,0,279.0,216.0
104154,1,11607,117.0,0,279.0,216.0
104154,1,11608,117.0,0,279.0,216.0
104154,1,11609,117.0,0,279.0,216.0
104154,1,11610,117.0,0,279.0,216.0
104154,1,11611,117.0,0,279.0,216.0
104154,1,11612,117.0,0,279.0,216.0
104154,1,11613,117.0,0,279.0,216.0
104154,1,11614,117.0,0,279.0,216.0
104154,1,11615,117.0,0,279.0,216.0
104154,1,11616,117.0,0,279.0,216.0
104154,1,11617,117.0,0,279.0,216.0
104154,1,11618,107.0,0,287.0,216.0
104154,1,11619,107.0,0,287.0,216.0
104154,1,11620,107.0,0,287.0,216.0
104154,1,11621,107.0,0,287.0,216.0
104154,1,11622,107.0,0,287.0,216.0
104154,1,11623,107.0,0,287.0,216.0
104154,1,11624,107.0,0,287.0,216.0
104154,1,11625,107.0,0,287.0,216.0
104154,1,11626,81.0,0,287.0,216.0
104154,1,11627,81.0,0,287.0,216.0
104154,1,11628,81.0,0,287.0,216.0
104154,1,11629,81.0,0,287.0,216.0
104154,1,11630,81.0,0,287.0,216.0
104154,1,11631,81.0,0,287.0,216.0
104154,1,11632,81.0,0,287.0,216.0
104154,1,11633,81.0,0,287.0,216.0
104154,1,11634,81.0,0,287.0,216.0
104154,1,11635,81.0,0,287.0,216.0
104154,1,11636,81.0,0,287.0,216.0
104154,1,11637,81.0,0,287.0,216.0
104154,1,11638,81.0,0,287.0,216.0
104154,1,11639,45.0,0,287.0,216.0
104154,1,11640,45.0,0,287.0,216.0
104154,1,11641,45.0,0,287.0,216.0
104154,1,11642,45.0,0,287.0,216.0
104154,1,11643,45.0,0,287.0,216.0
104154,1,11644,45.0,0,287.0,216.0
104154,1,11645,45.0,0,287.0,216.0
104154,1,11646,45.0,0,310.0,216.0
104154,1,11647,45.0,0,310.0,216.0
104154,1,11648,45.0,0,310.0,216.0
104154,1,11649,45.0,0,310.0,216.0
104154,1,11650,45.0,0,310.0,216.0
104154,1,11651,30.0,0,309.0,216.0
104154,1,11652,30.0,0,309.0,216.0
104154,1,11653,30.0,0,309.0,216.0
104154,1,11654,30.0,0,309.0,216.0
104154,1,11655,30.0,0,309.0,216.0
104154,1,11656,30.0,0,309.0,216.0
104154,1,11657,30.0,0,309.0,216.0
104154,1,11658,30.0,0,309.0,216.0
104154,1,11659,30.0,0,309.0,216.0
104154,1,11660,30.0,0,309.0,216.0
104154,1,11661,30.0,0,309.0,216.0
104154,1,11662,30.0,0,309.0,216.0
104154,1,11663,30.0,0,309.0,216.0
104154,1,11664,30.0,0,309.0,216.0
104154,1,11665,30.0,0,309.0,216.0
104154,1,11666,30.0,0,309.0,216.0
104154,1,11667,30.0,0,309.0,216.0
104154,1,11668,30.0,0,309.0,216.0
104154,1,11669,30.0,0,309.0,216.0
104154,1,11670,30.0,0,309.0,216.0
104154,1,11671,30.0,0,309.0,216.0
104154,1,11672,30.0,0,309.0,216.0
104154,1,11673,30.0,0,309.0,216.0
104154,1,11674,30.0,0,309.0,216.0
104154,1,11675,30.0,0,309.0,216.0
104154,1,11676,30.0,0,309.0,216.0
104154,1,11677,30.0,0,309.0,216.0
104154,1,11678,30.0,0,309.0,216.0
104154,1,11679,30.0,0,309.0,216.0
104154,1,11680,30.0,0,309.0,216.0
104154,1,11681,30.0,0,309.0,216.0
104154,1,11682,30.0,0,309.0,216.0
104154,1,11683,30.0,0,309.0,216.0
104154,1,11684,30.0,0,309.0,216.0
104154,1,11685,30.0,0,309.0,216.0
104154,1,11686,30.0,0,309.0,216.0
104154,1,11687,30.0,0,309.0,216.0
104154,1,11688,30.0,0,309.0,216.0
104154,1,11689,30.0,0,309.0,216.0
104154,1,11690,30.0,0,309.0,216.0
104154,1,11691,30.0,0,309.0,216.0
104154,1,11692,30.0,0,309.0,216.0
104154,1,11693,30.0,0,309.0,216.0
104154,1,11694,58.0,0,309.0,216.0
104154,1,11695,58.0,0,309.0,216.0
104154,1,11696,58.0,0,309.0,216.0
104154,1,11697,58.0,0,309.0,216.0
104154,1,11698,58.0,0,309.0,216.0
104154,1,11699,58.0,0,309.0,216.0
104154,1,11700,58.0,0,309.0,216.0
104154,1,11701,58.0,0,309.0,216.0
104154,1,11702,58.0,0,309.0,216.0
104154,1,11703,58.0,0,309.0,216.0
104154,1,11704,58.0,0,309.0,216.0
104154,1,11705,58.0,0,309.0,216.0
104154,1,11706,58.0,10.0,309.0,217.0
104154,1,11707,58.0,10.0,309.0,217.0
104154,1,11708,58.0,10.0,309.0,217.0
104154,1,11709,58.0,10.0,309.0,217.0
104154,1,11710,58.0,10.0,309.0,217.0
104154,1,11711,58.0,10.0,309.0,217.0
104154,1,11712,58.0,10.0,309.0,217.0
104154,1,11713,58.0,10.0,309.0,217.0
104154,1,11714,58.0,10.0,309.0,217.0
104154,1,11715,58.0,10.0,309.0,217.0
104154,1,11716,58.0,10.0,309.0,217.0
104154,1,11717,58.0,10.0,309.0,217.0
104154,1,11718,58.0,10.0,309.0,217.0
104154,1,11719,58.0,10.0,309.0,217.0
104154,1,11720,58.0,10.0,309.0,217.0
104154,1,11721,58.0,10.0,309.0,217.0
104154,1,11722,58.0,10.0,309.0,217.0
104154,1,11723,58.0,10.0,309.0,217.0
104154,1,11724,58.0,10.0,309.0,217.0
104154,1,11725,58.0,7.0,309.0,217.0
104154,1,11726,58.0,7.0,309.0,217.0
104154,1,11727,58.0,7.0,309.0,217.0
104154,1,11728,58.0,7.0,309.0,217.0
104154,1,11729,58.0,7.0,309.0,217.0
104154,1,11730,58.0,7.0,309.0,217.0
104154,1,11731,58.0,7.0,309.0,217.0
104154,1,11732,58.0,7.0,309.0,217.0
104154,1,11733,58.0,7.0,309.0,217.0
104154,1,11734,58.0,7.0,309.0,217.0
104154,1,11735,58.0,7.0,309.0,217.0
104154,1,11736,58.0,7.0,309.0,217.0
104154,1,11737,58.0,7.0,309.0,217.0
104154,1,11738,58.0,7.0,309.0,217.0
104154,1,11739,58.0,7.0,309.0,217.0
104154,1,11740,58.0,7.0,309.0,217.0
104154,1,11741,58.0,7.0,309.0,217.0
104154,1,11742,58.0,7.0,309.0,217.0
104154,1,11743,58.0,7.0,309.0,217.0
104154,1,11744,58.0,7.0,309.0,217.0
104154,1,11745,58.0,7.0,309.0,217.0
104154,1,11746,58.0,7.0,309.0,217.0
104154,1,11747,58.0,7.0,309.0,217.0
104154,1,11748,58.0,7.0,309.0,217.0
104154,1,11749,58.0,7.0,309.0,217.0
104154,1,11750,58.0,7.0,309.0,217.0
104154,1,11751,58.0,7.0,309.0,217.0
104154,1,11752,58.0,7.0,309.0,217.0
104154,1,11753,58.0,7.0,309.0,217.0
104154,1,11754,58.0,7.0,309.0,217.0
104154,1,11755,58.0,7.0,309.0,217.0
104154,1,11756,58.0,7.0,309.0,217.0
104154,1,11757,58.0,7.0,309.0,217.0
104154,1,11758,58.0,7.0,309.0,217.0
104154,1,11759,58.0,7.0,309.0,217.0
104154,1,11760,58.0,7.0,309.0,217.0
104154,1,11761,41.0,7.0,309.0,217.0
104154,1,11762,41.0,7.0,309.0,217.0
104154,1,11763,41.0,7.0,309.0,217.0
104154,1,11764,41.0,7.0,309.0,217.0
104154,1,11765,41.0,7.0,309.0,217.0
104154,1,11766,41.0,7.0,309.0,217.0
104154,1,11767,41.0,7.0,309.0,217.0
104154,1,11768,41.0,7.0,309.0,217.0
104154,1,11769,41.0,7.0,309.0,217.0
104154,1,11770,41.0,7.0,309.0,217.0
104154,1,11771,41.0,7.0,309.0,217.0
104154,1,11772,41.0,7.0,309.0,217.0
104154,1,11773,41.0,7.0,309.0,217.0
104154,1,11774,41.0,7.0,309.0,217.0
104154,1,11775,41.0,7.0,309.0,217.0
104154,1,11776,41.0,7.0,309.0,217.0
104154,1,11777,41.0,7.0,309.0,217.0
104154,1,11778,41.0,7.0,309.0,217.0
104154,1,11779,41.0,7.0,309.0,217.0
104154,1,11780,41.0,7.0,309.0,217.0
104154,1,11781,41.0,7.0,309.0,217.0
104154,1,11782,41.0,7.0,309.0,217.0
104154,1,11783,41.0,7.0,309.0,217.0
104154,1,11784,20.0,21.0,309.0,217.0
104154,1,11785,20.0,21.0,309.0,217.0
104154,1,11786,20.0,21.0,309.0,217.0
104154,1,11787,20.0,21.0,309.0,217.0
104154,1,11788,20.0,21.0,309.0,217.0
104154,1,11789,20.0,21.0,309.0,217.0
104154,1,11790,20.0,21.0,309.0,217.0
104154,1,11791,20.0,21.0,309.0,217.0
104154,1,11792,20.0,21.0,309.0,217.0
104154,1,11793,20.0,21.0,309.0,217.0
104154,1,11794,20.0,21.0,309.0,217.0
104154,1,11795,20.0,21.0,309.0,217.0
104154,1,11796,20.0,21.0,309.0,217.0
104154,1,11797,20.0,21.0,309.0,217.0
104154,1,11798,20.0,21.0,309.0,217.0
104154,1,11799,20.0,21.0,309.0,217.0
104154,1,11800,20.0,21.0,309.0,217.0
104154,1,11801,20.0,21.0,309.0,217.0
104154,1,11802,20.0,21.0,309.0,217.0
104154,1,11803,20.0,21.0,309.0,217.0
104154,1,11804,20.0,21.0,309.0,217.0
104154,1,11805,20.0,21.0,309.0,217.0
104154,1,11806,20.0,21.0,309.0,217.0
104154,1,11807,20.0,21.0,309.0,217.0
104154,1,11808,20.0,21.0,309.0,217.0
104154,1,11809,20.0,21.0,309.0,217.0
104154,1,11810,20.0,21.0,309.0,217.0
104154,1,11811,20.0,21.0,309.0,217.0
104154,1,11812,20.0,21.0,309.0,217.0
104154,1,11813,20.0,21.0,309.0,217.0
104154,1,11814,20.0,21.0,309.0,217.0
104154,1,11815,20.0,21.0,309.0,217.0
104154,1,11816,20.0,21.0,309.0,217.0
104154,1,11817,20.0,21.0,309.0,217.0
104154,1,11818,20.0,21.0,309.0,217.0
104154,1,11819,20.0,21.0,309.0,217.0
104154,1,11820,20.0,21.0,309.0,217.0
104154,1,11821,20.0,21.0,309.0,217.0
104154,1,11822,20.0,21.0,309.0,217.0
104154,1,11823,20.0,21.0,309.0,217.0
104154,1,11824,42.0,21.0,309.0,217.0
104154,1,11825,42.0,21.0,309.0,217.0
104154,1,11826,42.0,21.0,309.0,217.0
104154,1,11827,42.0,21.0,309.0,217.0
104154,1,11828,42.0,21.0,309.0,217.0
104154,1,11829,42.0,21.0,309.0,217.0
104154,1,11830,42.0,21.0,309.0,217.0
104154,1,11831,42.0,21.0,309.0,217.0
104154,1,11832,42.0,21.0,309.0,217.0
104154,1,11833,42.0,21.0,309.0,217.0
104154,1,11834,42.0,21.0,309.0,217.0
104154,1,11835,42.0,21.0,309.0,217.0
104154,1,11836,42.0,21.0,309.0,217.0
104154,1,11837,42.0,21.0,309.0,217.0
104154,1,11838,42.0,21.0,309.0,217.0
104154,1,11839,42.0,21.0,309.0,217.0
104154,1,11840,42.0,21.0,309.0,217.0
104154,1,11841,42.0,21.0,309.0,217.0
104154,1,11842,42.0,21.0,309.0,217.0
104154,1,11843,42.0,21.0,309.0,217.0
104154,1,11844,42.0,21.0,309.0,217.0
104154,1,11845,42.0,21.0,309.0,217.0
104154,1,11846,42.0,21.0,309.0,217.0
104154,1,11847,42.0,34.0,309.0,217.0
104154,1,11848,42.0,34.0,309.0,217.0
104154,1,11849,42.0,34.0,309.0,217.0
104154,1,11850,42.0,34.0,309.0,217.0
104154,1,11851,42.0,34.0,309.0,217.0
104154,1,11852,42.0,34.0,309.0,217.0
104154,1,11853,42.0,34.0,309.0,217.0
104154,1,11854,42.0,34.0,309.0,217.0
104154,1,11855,42.0,34.0,309.0,217.0
104154,1,11856,42.0,34.0,309.0,217.0
104154,1,11857,42.0,34.0,309.0,217.0
104154,1,11858,42.0,34.0,309.0,217.0
104154,1,11859,42.0,34.0,309.0,217.0
104154,1,11860,42.0,34.0,309.0,217.0
104154,1,11861,42.0,34.0,309.0,217.0
104154,1,11862,42.0,34.0,309.0,217.0
104154,1,11863,42.0,19.0,309.0,217.0
104154,1,11864,42.0,19.0,309.0,217.0
104154,1,11865,42.0,19.0,309.0,217.0
104154,1,11866,42.0,19.0,309.0,217.0
104154,1,11867,42.0,19.0,309.0,217.0
104154,1,11868,42.0,19.0,309.0,217.0
104154,1,11869,42.0,19.0,309.0,217.0
104154,1,11870,42.0,19.0,309.0,217.0
104154,1,11871,42.0,19.0,309.0,217.0
104154,1,11872,42.0,19.0,309.0,217.0
104154,1,11873,42.0,19.0,309.0,217.0
104154,1,11874,42.0,19.0,309.0,217.0
104154,1,11875,42.0,19.0,309.0,217.0
104154,1,11876,42.0,19.0,309.0,217.0
104154,1,11877,42.0,19.0,309.0,217.0
104154,1,11878,42.0,19.0,309.0,217.0
104154,1,11879,42.0,19.0,309.0,217.0
104154,1,11880,42.0,34.0,309.0,217.0
104154,1,11881,42.0,34.0,309.0,217.0
104154,1,11882,42.0,34.0,309.0,217.0
104154,1,11883,42.0,34.0,309.0,217.0
104154,1,11884,42.0,34.0,309.0,217.0
104154,1,11885,42.0,34.0,309.0,217.0
104154,1,11886,42.0,34.0,309.0,217.0
104154,1,11887,42.0,34.0,309.0,217.0
104154,1,11888,42.0,34.0,309.0,217.0
104154,1,11889,42.0,34.0,309.0,217.0
104154,1,11890,42.0,34.0,309.0,217.0
104154,1,11891,42.0,34.0,309.0,217.0
104154,1,11892,42.0,34.0,309.0,217.0
104154,1,11893,42.0,34.0,309.0,217.0
104154,1,11894,42.0,34.0,309.0,217.0
104154,1,11895,42.0,34.0,309.0,217.0
104154,1,11896,42.0,34.0,309.0,217.0
104154,1,11897,42.0,34.0,309.0,217.0
104154,1,11898,42.0,40.0,309.0,217.0
104154,1,11899,42.0,40.0,309.0,217.0
104154,1,11900,42.0,40.0,309.0,217.0
104154,1,11901,42.0,40.0,309.0,217.0
104154,1,11902,42.0,40.0,309.0,217.0
104154,1,11903,42.0,40.0,309.0,217.0
104154,1,11904,42.0,40.0,309.0,217.0
104154,1,11905,42.0,40.0,309.0,217.0
104154,1,11906,42.0,40.0,309.0,217.0
104154,1,11907,42.0,40.0,309.0,217.0
104154,1,11908,42.0,40.0,309.0,217.0
104154,1,11909,42.0,40.0,309.0,217.0
104154,1,11910,42.0,40.0,309.0,217.0
104154,1,11911,42.0,40.0,309.0,217.0
104154,1,11912,42.0,40.0,309.0,217.0
104154,1,11913,42.0,40.0,309.0,217.0
104154,1,11914,42.0,40.0,309.0,217.0
104154,1,11915,42.0,40.0,309.0,217.0
104154,1,11916,42.0,40.0,309.0,217.0
104154,1,11917,42.0,40.0,309.0,217.0
104154,1,11918,42.0,40.0,309.0,217.0
104154,1,11919,42.0,40.0,309.0,217.0
104154,1,11920,42.0,40.0,309.0,217.0
104154,1,11921,42.0,40.0,309.0,217.0
104154,1,11922,42.0,40.0,309.0,217.0
104154,1,11923,42.0,40.0,309.0,217.0
104154,1,11924,42.0,40.0,309.0,217.0
104154,1,11925,42.0,40.0,309.0,217.0
104154,1,11926,42.0,40.0,309.0,217.0
104154,1,11927,42.0,40.0,309.0,217.0
104154,1,11928,42.0,40.0,309.0,217.0
104154,1,11929,66.0,36.0,309.0,217.0
104154,1,11930,66.0,36.0,309.0,217.0
104154,1,11931,66.0,36.0,309.0,217.0
104154,1,11932,66.0,36.0,309.0,217.0
104154,1,11933,66.0,36.0,309.0,217.0
104154,1,11934,66.0,36.0,309.0,217.0
104154,1,11935,66.0,36.0,309.0,217.0
104154,1,11936,66.0,36.0,309.0,217.0
104154,1,11937,66.0,36.0,309.0,217.0
104154,1,11938,66.0,36.0,309.0,217.0
104154,1,11939,66.0,36.0,309.0,217.0
104154,1,11940,66.0,36.0,309.0,217.0
104154,1,11941,66.0,36.0,309.0,217.0
104154,1,11942,66.0,36.0,309.0,217.0
104154,1,11943,66.0,36.0,309.0,217.0
104154,1,11944,66.0,36.0,309.0,217.0
104154,1,11945,66.0,36.0,309.0,217.0
104154,1,11946,66.0,36.0,309.0,217.0
104154,1,11947,66.0,36.0,309.0,217.0
104154,1,11948,66.0,36.0,309.0,217.0
104154,1,11949,66.0,36.0,309.0,217.0
104154,1,11950,66.0,36.0,309.0,217.0
104154,1,11951,66.0,36.0,309.0,217.0
104154,1,11952,66.0,36.0,309.0,217.0
104154,1,11953,66.0,36.0,309.0,217.0
104154,1,11954,66.0,36.0,309.0,217.0
104154,1,11955,66.0,36.0,309.0,217.0
104154,1,11956,66.0,36.0,309.0,217.0
104154,1,11957,66.0,36.0,309.0,217.0
104154,1,11958,66.0,36.0,309.0,217.0
104154,1,11959,66.0,36.0,309.0,217.0
104154,1,11960,66.0,36.0,309.0,217.0
104154,1,11961,66.0,36.0,309.0,217.0
104154,1,11962,66.0,36.0,309.0,217.0
104154,1,11963,66.0,36.0,309.0,217.0
104154,1,11964,66.0,36.0,309.0,217.0
104154,1,11965,66.0,36.0,309.0,217.0
104154,1,11966,66.0,36.0,309.0,217.0
104154,1,11967,66.0,36.0,309.0,217.0
104154,1,11968,66.0,36.0,309.0,217.0
104154,1,11969,66.0,36.0,309.0,217.0
104154,1,11970,66.0,36.0,309.0,217.0
104154,1,11971,66.0,36.0,309.0,217.0
104154,1,11972,66.0,36.0,309.0,217.0
104154,1,11973,66.0,36.0,309.0,217.0
104154,1,11974,66.0,36.0,309.0,217.0
104154,1,11975,66.0,36.0,309.0,217.0
104154,1,11976,66.0,36.0,309.0,217.0
104154,1,11977,66.0,36.0,309.0,217.0
104154,1,11978,66.0,36.0,309.0,217.0
104154,1,11979,66.0,36.0,309.0,217.0
104154,1,11980,66.0,36.0,309.0,217.0
104154,1,11981,66.0,36.0,309.0,217.0
104154,1,11982,66.0,36.0,309.0,217.0
104154,1,11983,66.0,36.0,309.0,217.0
104154,1,11984,66.0,36.0,309.0,217.0
104154,1,11985,66.0,36.0,309.0,217.0
104154,1,11986,66.0,36.0,309.0,217.0
104154,1,11987,66.0,36.0,309.0,217.0
104154,1,11988,66.0,36.0,309.0,217.0
104154,1,11989,66.0,36.0,309.0,217.0
104154,1,11990,66.0,36.0,309.0,217.0
104154,1,11991,66.0,36.0,309.0,217.0
104154,1,11992,66.0,36.0,309.0,217.0
104154,1,11993,66.0,36.0,309.0,217.0
104154,1,11994,66.0,36.0,309.0,217.0
104154,1,11995,66.0,36.0,309.0,217.0
104154,1,11996,66.0,36.0,309.0,217.0
104154,1,11997,66.0,36.0,309.0,217.0
104154,1,11998,66.0,36.0,309.0,217.0
104154,1,11999,66.0,36.0,309.0,217.0
104154,1,12000,66.0,36.0,309.0,217.0
104154,1,12001,66.0,36.0,309.0,217.0
104154,1,12002,66.0,36.0,309.0,217.0
104154,1,12003,66.0,36.0,309.0,217.0
104154,1,12004,66.0,36.0,309.0,217.0
104154,1,12005,66.0,36.0,309.0,217.0
104154,1,12006,92.0,27.0,309.0,217.0
104154,1,12007,92.0,27.0,309.0,217.0
104154,1,12008,92.0,27.0,309.0,217.0
104154,1,12009,92.0,27.0,309.0,217.0
104154,1,12010,92.0,27.0,309.0,217.0
104154,1,12011,92.0,27.0,309.0,217.0
104154,1,12012,92.0,27.0,309.0,217.0
104154,1,12013,92.0,27.0,309.0,217.0
104154,1,12014,92.0,27.0,309.0,217.0
104154,1,12015,92.0,27.0,309.0,217.0
104154,1,12016,92.0,27.0,309.0,217.0
104154,1,12017,105.0,27.0,308.0,217.0
104154,1,12018,105.0,27.0,308.0,217.0
104154,1,12019,105.0,27.0,308.0,217.0
104154,1,12020,105.0,27.0,308.0,217.0
104154,1,12021,105.0,27.0,308.0,217.0
104154,1,12022,105.0,27.0,308.0,217.0
104154,1,12023,105.0,27.0,308.0,217.0
104154,1,12024,105.0,27.0,308.0,217.0
104154,1,12025,105.0,27.0,308.0,217.0
104154,1,12026,105.0,27.0,308.0,217.0
104154,1,12027,105.0,27.0,308.0,217.0
104154,1,12028,105.0,27.0,308.0,217.0
104154,1,12029,105.0,11.0,280.0,217.0
104154,1,12030,105.0,11.0,280.0,217.0
104154,1,12031,105.0,11.0,280.0,217.0
104154,1,12032,105.0,11.0,280.0,217.0
104154,1,12033,105.0,11.0,280.0,217.0
104154,1,12034,105.0,11.0,280.0,217.0
104154,1,12035,105.0,11.0,280.0,217.0
104154,1,12036,105.0,11.0,280.0,217.0
104154,1,12037,105.0,11.0,280.0,217.0
104154,1,12038,105.0,11.0,280.0,217.0
104154,1,12039,105.0,11.0,280.0,217.0
104154,1,12040,105.0,11.0,280.0,217.0
104154,1,12041,105.0,11.0,280.0,217.0
104154,1,12042,105.0,11.0,280.0,217.0
104154,1,12043,105.0,11.0,280.0,217.0
104154,1,12044,130.0,11.0,279.0,217.0
104154,1,12045,130.0,11.0,279.0,217.0
104154,1,12046,130.0,11.0,279.0,217.0
104154,1,12047,130.0,11.0,279.0,217.0
104154,1,12048,130.0,11.0,279.0,217.0
104154,1,12049,130.0,11.0,279.0,217.0
104154,1,12050,130.0,11.0,279.0,217.0
104154,1,12051,130.0,11.0,270.0,217.0
104154,1,12052,130.0,11.0,270.0,217.0
104154,1,12053,130.0,11.0,270.0,217.0
104154,1,12054,130.0,11.0,270.0,217.0
104154,1,12055,130.0,11.0,270.0,217.0
104154,1,12056,130.0,11.0,270.0,217.0
104154,1,12057,130.0,11.0,270.0,217.0
104154,1,12058,130.0,11.0,270.0,217.0
104154,1,12059,130.0,11.0,270.0,217.0
104154,1,12060,130.0,11.0,270.0,217.0
104154,1,12061,130.0,1.0,270.0,217.0
104154,1,12062,130.0,1.0,270.0,217.0
104154,1,12063,130.0,1.0,270.0,217.0
104154,1,12064,130.0,1.0,270.0,217.0
104154,1,12065,130.0,1.0,270.0,217.0
104154,1,12066,130.0,1.0,270.0,217.0
104154,1,12067,130.0,1.0,270.0,217.0
104154,1,12068,130.0,1.0,270.0,217.0
104154,1,12069,130.0,1.0,270.0,217.0
104154,1,12070,130.0,1.0,270.0,217.0
104154,1,12071,130.0,1.0,270.0,217.0
104154,1,12072,130.0,1.0,270.0,217.0
104154,1,12073,130.0,1.0,270.0,217.0
104154,1,12074,130.0,1.0,270.0,217.0
104154,1,12075,130.0,1.0,270.0,217.0
104154,1,12076,115.0,1.0,288.0,217.0
104154,1,12077,115.0,1.0,288.0,217.0
104154,1,12078,115.0,1.0,288.0,217.0
104154,1,12079,115.0,1.0,288.0,217.0
104154,1,12080,115.0,1.0,288.0,217.0
104154,1,12081,115.0,1.0,288.0,217.0
104154,1,12082,115.0,1.0,288.0,217.0
104154,1,12083,115.0,1.0,288.0,217.0
104154,1,12084,115.0,1.0,288.0,217.0
104154,1,12085,115.0,1.0,318.0,217.0
104154,1,12086,115.0,1.0,318.0,217.0
104154,1,12087,115.0,1.0,318.0,217.0
104154,1,12088,115.0,1.0,318.0,217.0
104154,1,12089,115.0,1.0,318.0,217.0
104154,1,12090,115.0,1.0,318.0,217.0
104154,1,12091,115.0,1.0,318.0,217.0
104154,1,12092,115.0,1.0,318.0,217.0
104154,1,12093,115.0,1.0,318.0,217.0
104154,1,12094,97.0,1.0,318.0,217.0
104154,1,12095,97.0,1.0,318.0,217.0
104154,1,12096,97.0,1.0,318.0,217.0
104154,1,12097,97.0,1.0,318.0,217.0
104154,1,12098,97.0,1.0,318.0,217.0
104154,1,12099,97.0,1.0,318.0,217.0
104154,1,12100,97.0,1.0,345.0,217.0
104154,1,12101,97.0,1.0,345.0,217.0
104154,1,12102,97.0,1.0,345.0,217.0
104154,1,12103,97.0,1.0,345.0,217.0
104154,1,12104,97.0,1.0,345.0,217.0
104154,1,12105,97.0,1.0,345.0,217.0
104154,1,12106,97.0,1.0,345.0,217.0
104154,1,12107,97.0,1.0,345.0,217.0
104154,1,12108,97.0,1.0,345.0,217.0
104154,1,12109,97.0,1.0,345.0,217.0
104154,1,12110,97.0,1.0,345.0,217.0
104154,1,12111,88.0,1.0,365.0,217.0
104154,1,12112,88.0,1.0,365.0,217.0
104154,1,12113,88.0,1.0,365.0,217.0
104154,1,12114,88.0,1.0,365.0,217.0
104154,1,12115,88.0,1.0,365.0,217.0
104154,1,12116,88.0,1.0,365.0,217.0
104154,1,12117,88.0,1.0,365.0,217.0
104154,1,12118,88.0,1.0,365.0,217.0
104154,1,12119,88.0,1.0,380.0,217.0
104154,1,12120,88.0,1.0,380.0,217.0
104154,1,12121,88.0,1.0,380.0,217.0
104154,1,12122,88.0,1.0,380.0,217.0
104154,1,12123,88.0,1.0,380.0,217.0
104154,1,12124,88.0,1.0,380.0,217.0
104154,1,12125,88.0,1.0,380.0,217.0
104154,1,12126,88.0,1.0,380.0,217.0
104154,1,12127,88.0,1.0,380.0,217.0
104154,1,12128,88.0,1.0,391.0,217.0
104154,1,12129,88.0,1.0,391.0,217.0
104154,1,12130,88.0,1.0,391.0,217.0
104154,1,12131,88.0,1.0,391.0,217.0
104154,1,12132,88.0,1.0,391.0,217.0
104154,1,12133,88.0,1.0,391.0,217.0
104154,1,12134,88.0,1.0,391.0,217.0
104154,1,12135,88.0,1.0,391.0,217.0
104154,1,12136,88.0,1.0,391.0,217.0
104154,1,12137,88.0,1.0,391.0,217.0
104154,1,12138,88.0,1.0,391.0,217.0
104154,1,12139,88.0,1.0,391.0,217.0
104154,1,12140,88.0,1.0,391.0,217.0
104154,1,12141,88.0,1.0,391.0,217.0
104154,1,12142,88.0,1.0,391.0,217.0
104154,1,12143,88.0,1.0,391.0,217.0
104154,1,12144,88.0,1.0,391.0,217.0
104154,1,12145,88.0,1.0,391.0,217.0
104154,1,12146,88.0,1.0,391.0,217.0
104154,1,12147,88.0,1.0,391.0,217.0
104154,1,12148,88.0,1.0,391.0,217.0
104154,1,12149,88.0,1.0,420.0,217.0
104154,1,12150,88.0,1.0,420.0,217.0
104154,1,12151,88.0,1.0,420.0,217.0
104154,1,12152,88.0,1.0,420.0,217.0
104154,1,12153,88.0,1.0,420.0,217.0
104154,1,12154,88.0,1.0,420.0,217.0
104154,1,12155,88.0,1.0,420.0,217.0
104154,1,12156,88.0,1.0,420.0,217.0
104154,1,12157,88.0,1.0,420.0,217.0
104154,1,12158,88.0,1.0,420.0,217.0
104154,1,12159,88.0,1.0,420.0,217.0
104154,1,12160,88.0,1.0,420.0,217.0
104154,1,12161,88.0,1.0,420.0,217.0
104154,1,12162,88.0,1.0,420.0,217.0
104154,1,12163,88.0,1.0,420.0,217.0
104154,1,12164,88.0,1.0,420.0,217.0
104154,1,12165,88.0,1.0,420.0,217.0
104154,1,12166,88.0,1.0,420.0,217.0
104154,1,12167,88.0,1.0,420.0,217.0
104154,1,12168,88.0,1.0,420.0,217.0
104154,1,12169,88.0,1.0,435.0,217.0
104154,1,12170,88.0,1.0,435.0,217.0
104154,1,12171,88.0,1.0,435.0,217.0
104154,1,12172,88.0,1.0,435.0,217.0
104154,1,12173,88.0,1.0,435.0,217.0
104154,1,12174,88.0,1.0,435.0,217.0
104154,1,12175,88.0,1.0,435.0,217.0
104154,1,12176,88.0,1.0,435.0,217.0
104154,1,12177,88.0,1.0,435.0,217.0
104154,1,12178,88.0,1.0,435.0,217.0
104154,1,12179,88.0,1.0,435.0,217.0
104154,1,12180,88.0,1.0,435.0,217.0
104154,1,12181,88.0,1.0,435.0,217.0
104154,1,12182,88.0,1.0,435.0,217.0
104154,1,12183,88.0,1.0,450.0,217.0
104154,1,12184,88.0,1.0,450.0,217.0
104154,1,12185,88.0,1.0,450.0,217.0
104154,1,12186,88.0,1.0,450.0,217.0
104154,1,12187,88.0,1.0,450.0,217.0
104154,1,12188,88.0,1.0,450.0,217.0
104154,1,12189,88.0,1.0,450.0,217.0
104154,1,12190,88.0,1.0,450.0,217.0
104154,1,12191,88.0,1.0,450.0,217.0
104154,1,12192,88.0,1.0,450.0,217.0
104154,1,12193,88.0,1.0,450.0,217.0
104154,1,12194,88.0,1.0,450.0,217.0
104154,1,12195,88.0,1.0,450.0,217.0
104154,1,12196,88.0,13.0,461.0,217.0
104154,1,12197,88.0,13.0,461.0,217.0
104154,1,12198,88.0,13.0,461.0,217.0
104154,1,12199,88.0,13.0,461.0,217.0
104154,1,12200,88.0,13.0,461.0,217.0
104154,1,12201,88.0,13.0,461.0,217.0
104154,1,12202,88.0,13.0,461.0,217.0
104154,1,12203,88.0,13.0,461.0,217.0
104154,1,12204,88.0,13.0,461.0,217.0
104154,1,12205,88.0,13.0,461.0,217.0
104154,1,12206,88.0,13.0,461.0,217.0
104154,1,12207,88.0,13.0,467.0,217.0
104154,1,12208,88.0,13.0,467.0,217.0
104154,1,12209,88.0,13.0,467.0,217.0
104154,1,12210,88.0,13.0,467.0,217.0
104154,1,12211,88.0,13.0,467.0,217.0
104154,1,12212,88.0,13.0,467.0,217.0
104154,1,12213,88.0,13.0,467.0,217.0
104154,1,12214,88.0,13.0,467.0,217.0
104154,1,12215,88.0,13.0,467.0,217.0
104154,1,12216,88.0,13.0,467.0,217.0
104154,1,12217,88.0,13.0,467.0,217.0
104154,1,12218,88.0,13.0,467.0,217.0
104154,1,12219,88.0,24.0,478.0,217.0
104154,1,12220,88.0,24.0,478.0,217.0
104154,1,12221,88.0,24.0,478.0,217.0
104154,1,12222,88.0,24.0,478.0,217.0
104154,1,12223,88.0,24.0,478.0,217.0
104154,1,12224,88.0,24.0,478.0,217.0
104154,1,12225,88.0,24.0,478.0,217.0
104154,1,12226,88.0,24.0,478.0,217.0
104154,1,12227,88.0,24.0,478.0,217.0
104154,1,12228,88.0,24.0,478.0,217.0
104154,1,12229,88.0,24.0,478.0,217.0
104154,1,12230,88.0,24.0,478.0,217.0
104154,1,12231,88.0,24.0,478.0,217.0
104154,1,12232,88.0,24.0,478.0,217.0
104154,1,12233,88.0,24.0,478.0,217.0
104154,1,12234,88.0,24.0,478.0,217.0
104154,1,12235,88.0,24.0,478.0,217.0
104154,1,12236,88.0,24.0,478.0,217.0
104154,1,12237,88.0,24.0,478.0,217.0
104154,1,12238,88.0,24.0,478.0,217.0
104154,1,12239,88.0,24.0,478.0,217.0
104154,1,12240,88.0,24.0,478.0,217.0
104154,1,12241,88.0,24.0,478.0,217.0
104154,1,12242,88.0,24.0,478.0,217.0
104154,1,12243,88.0,24.0,478.0,217.0
104154,1,12244,88.0,24.0,478.0,217.0
104154,1,12245,88.0,24.0,478.0,217.0
104154,1,12246,88.0,24.0,478.0,217.0
104154,1,12247,88.0,24.0,478.0,217.0
104154,1,12248,88.0,24.0,478.0,217.0
104154,1,12249,88.0,24.0,478.0,217.0
104154,1,12250,88.0,24.0,478.0,217.0
104154,1,12251,88.0,24.0,478.0,217.0
104154,1,12252,88.0,24.0,478.0,217.0
104154,1,12253,88.0,24.0,478.0,217.0
104154,1,12254,88.0,24.0,478.0,217.0
104154,1,12255,88.0,24.0,478.0,217.0
104154,1,12256,88.0,24.0,478.0,217.0
104154,1,12257,88.0,24.0,478.0,217.0
104154,1,12258,88.0,24.0,478.0,217.0
104154,1,12259,88.0,24.0,478.0,217.0
104154,1,12260,88.0,24.0,478.0,217.0
104154,1,12261,88.0,24.0,478.0,217.0
104154,1,12262,88.0,24.0,478.0,217.0
104154,1,12263,88.0,24.0,478.0,217.0
104154,1,12264,88.0,24.0,478.0,217.0
104154,1,12265,88.0,24.0,478.0,217.0
104154,1,12266,88.0,24.0,478.0,217.0
104154,1,12267,88.0,24.0,478.0,217.0
104154,1,12268,88.0,24.0,478.0,217.0
104154,1,12269,88.0,24.0,478.0,217.0
104154,1,12270,88.0,24.0,478.0,217.0
104154,1,12271,88.0,24.0,478.0,217.0
104154,1,12272,88.0,24.0,478.0,217.0
104154,1,12273,88.0,24.0,478.0,217.0
104154,1,12274,88.0,24.0,478.0,217.0
104154,1,12275,88.0,24.0,478.0,217.0
104154,1,12276,88.0,24.0,478.0,217.0
104154,1,12277,88.0,24.0,478.0,217.0
104154,1,12278,88.0,24.0,478.0,217.0
104154,1,12279,88.0,24.0,478.0,217.0
104154,1,12280,88.0,24.0,478.0,217.0
104154,1,12281,88.0,24.0,478.0,217.0
104154,1,12282,88.0,24.0,478.0,217.0
104154,1,12283,88.0,24.0,478.0,217.0
104154,1,12284,88.0,24.0,478.0,217.0
104154,1,12285,88.0,24.0,478.0,217.0
104154,1,12286,88.0,24.0,478.0,217.0
104154,1,12287,88.0,24.0,478.0,217.0
104154,1,12288,88.0,24.0,478.0,217.0
104154,1,12289,88.0,24.0,478.0,217.0
104154,1,12290,88.0,24.0,478.0,217.0
104154,1,12291,88.0,24.0,478.0,217.0
104154,1,12292,88.0,24.0,478.0,217.0
104154,1,12293,88.0,24.0,478.0,217.0
104154,1,12294,88.0,24.0,478.0,217.0
104154,1,12295,88.0,24.0,478.0,217.0
104154,1,12296,88.0,24.0,478.0,217.0
104154,1,12297,88.0,24.0,478.0,217.0
104154,1,12298,88.0,24.0,478.0,217.0
104154,1,12299,88.0,24.0,478.0,217.0
104154,1,12300,88.0,24.0,478.0,217.0
104154,1,12301,88.0,24.0,478.0,217.0
104154,1,12302,88.0,24.0,478.0,217.0
104154,1,12303,88.0,24.0,478.0,217.0
104154,1,12304,88.0,24.0,478.0,217.0
104154,1,12305,88.0,24.0,478.0,217.0
104154,1,12306,88.0,24.0,478.0,217.0
104154,1,12307,88.0,24.0,478.0,217.0
104154,1,12308,88.0,24.0,478.0,217.0
104154,1,12309,88.0,24.0,478.0,217.0
104154,1,12310,88.0,24.0,478.0,217.0
104154,1,12311,88.0,24.0,478.0,217.0
104154,1,12312,88.0,24.0,478.0,217.0
104154,1,12313,88.0,24.0,478.0,217.0
104154,1,12314,88.0,24.0,478.0,217.0
104154,1,12315,88.0,24.0,478.0,217.0
104154,1,12316,88.0,24.0,478.0,217.0
104154,1,12317,88.0,24.0,478.0,217.0
104154,1,12318,88.0,24.0,478.0,217.0
104154,1,12319,88.0,24.0,478.0,217.0
104154,1,12320,88.0,24.0,478.0,217.0
104154,1,12321,88.0,24.0,478.0,217.0
104154,1,12322,88.0,24.0,478.0,217.0
104154,1,12323,88.0,24.0,478.0,217.0
104154,1,12324,88.0,24.0,478.0,217.0
104154,1,12325,88.0,24.0,478.0,217.0
104154,1,12326,88.0,24.0,478.0,217.0
104154,1,12327,88.0,24.0,478.0,217.0
104154,1,12328,88.0,24.0,478.0,217.0
104154,1,12329,88.0,24.0,478.0,217.0
104154,1,12330,88.0,24.0,478.0,217.0
104154,1,12331,88.0,24.0,478.0,217.0
104154,1,12332,88.0,24.0,478.0,217.0
104154,1,12333,88.0,1.0,478.0,217.0
104154,1,12334,88.0,1.0,478.0,217.0
104154,1,12335,88.0,1.0,478.0,217.0
104154,1,12336,88.0,1.0,478.0,217.0
104154,1,12337,88.0,1.0,478.0,217.0
104154,1,12338,88.0,1.0,478.0,217.0
104154,1,12339,88.0,1.0,478.0,217.0
104154,1,12340,88.0,1.0,478.0,217.0
104154,1,12341,88.0,1.0,478.0,217.0
104154,1,12342,88.0,1.0,478.0,217.0
104154,1,12343,88.0,1.0,478.0,217.0
104154,1,12344,88.0,1.0,478.0,217.0
104154,1,12345,88.0,1.0,478.0,217.0
104154,1,12346,88.0,1.0,478.0,217.0
104154,1,12347,88.0,1.0,478.0,217.0
104154,1,12348,88.0,1.0,478.0,217.0
104154,1,12349,88.0,1.0,464.0,217.0
104154,1,12350,88.0,1.0,464.0,217.0
104154,1,12351,88.0,1.0,464.0,217.0
104154,1,12352,88.0,1.0,464.0,217.0
104154,1,12353,88.0,1.0,464.0,217.0
104154,1,12354,88.0,1.0,464.0,217.0
104154,1,12355,88.0,1.0,464.0,217.0
104154,1,12356,88.0,1.0,464.0,217.0
104154,1,12357,88.0,1.0,464.0,217.0
104154,1,12358,88.0,1.0,449.0,217.0
104154,1,12359,88.0,1.0,449.0,217.0
104154,1,12360,88.0,1.0,449.0,217.0
104154,1,12361,88.0,1.0,449.0,217.0
104154,1,12362,88.0,1.0,449.0,217.0
104154,1,12363,88.0,1.0,449.0,217.0
104154,1,12364,88.0,1.0,449.0,217.0
104154,1,12365,88.0,1.0,437.0,217.0
104154,1,12366,88.0,1.0,437.0,217.0
104154,1,12367,88.0,1.0,437.0,217.0
104154,1,12368,88.0,1.0,437.0,217.0
104154,1,12369,88.0,1.0,437.0,217.0
104154,1,12370,88.0,1.0,437.0,217.0
104154,1,12371,88.0,1.0,437.0,217.0
104154,1,12372,88.0,1.0,437.0,217.0
104154,1,12373,88.0,1.0,437.0,217.0
104154,1,12374,88.0,1.0,417.0,217.0
104154,1,12375,88.0,1.0,417.0,217.0
104154,1,12376,88.0,1.0,417.0,217.0
104154,1,12377,88.0,1.0,417.0,217.0
104154,1,12378,88.0,1.0,417.0,217.0
104154,1,12379,88.0,1.0,417.0,217.0
104154,1,12380,88.0,1.0,417.0,217.0
104154,1,12381,88.0,1.0,395.0,217.0
104154,1,12382,88.0,1.0,395.0,217.0
104154,1,12383,88.0,1.0,395.0,217.0
104154,1,12384,88.0,1.0,395.0,217.0
104154,1,12385,88.0,1.0,395.0,217.0
104154,1,12386,88.0,1.0,395.0,217.0
104154,1,12387,88.0,1.0,395.0,217.0
104154,1,12388,88.0,1.0,395.0,217.0
104154,1,12389,88.0,1.0,395.0,217.0
104154,1,12390,110.0,1.0,367.0,217.0
104154,1,12391,110.0,1.0,367.0,217.0
104154,1,12392,110.0,1.0,367.0,217.0
104154,1,12393,110.0,1.0,367.0,217.0
104154,1,12394,110.0,1.0,367.0,217.0
104154,1,12395,110.0,1.0,367.0,217.0
104154,1,12396,110.0,1.0,339.0,217.0
104154,1,12397,110.0,1.0,339.0,217.0
104154,1,12398,110.0,1.0,339.0,217.0
104154,1,12399,110.0,1.0,339.0,217.0
104154,1,12400,110.0,1.0,339.0,217.0
104154,1,12401,110.0,1.0,339.0,217.0
104154,1,12402,122.0,1.0,310.0,217.0
104154,1,12403,122.0,1.0,310.0,217.0
104154,1,12404,122.0,1.0,310.0,217.0
104154,1,12405,122.0,1.0,310.0,217.0
104154,1,12406,122.0,1.0,310.0,217.0
104154,1,12407,122.0,1.0,310.0,217.0
104154,1,12408,122.0,1.0,310.0,217.0
104154,1,12409,129.0,1.0,277.0,217.0
104154,1,12410,129.0,1.0,277.0,217.0
104154,1,12411,129.0,1.0,277.0,217.0
104154,1,12412,129.0,1.0,277.0,217.0
104154,1,12413,129.0,1.0,277.0,217.0
104154,1,12414,129.0,1.0,277.0,217.0
104154,1,12415,129.0,1.0,272.0,217.0
104154,1,12416,129.0,1.0,272.0,217.0
104154,1,12417,129.0,1.0,272.0,217.0
104154,1,12418,129.0,1.0,272.0,217.0
104154,1,12419,129.0,1.0,272.0,217.0
104154,1,12420,129.0,1.0,272.0,217.0
104154,1,12421,129.0,1.0,272.0,217.0
104154,1,12422,129.0,1.0,272.0,217.0
104154,1,12423,129.0,1.0,272.0,217.0
104154,1,12424,129.0,1.0,272.0,217.0
104154,1,12425,129.0,1.0,272.0,217.0
104154,1,12426,129.0,1.0,272.0,217.0
104154,1,12427,129.0,1.0,272.0,217.0
104154,1,12428,129.0,1.0,272.0,217.0
104154,1,12429,129.0,1.0,272.0,217.0
104154,1,12430,129.0,1.0,272.0,217.0
104154,1,12431,129.0,1.0,279.0,217.0
104154,1,12432,129.0,1.0,279.0,217.0
104154,1,12433,129.0,1.0,279.0,217.0
104154,1,12434,129.0,1.0,279.0,217.0
104154,1,12435,129.0,1.0,279.0,217.0
104154,1,12436,106.0,1.0,279.0,217.0
104154,1,12437,106.0,1.0,279.0,217.0
104154,1,12438,106.0,1.0,279.0,217.0
104154,1,12439,106.0,1.0,279.0,217.0
104154,1,12440,106.0,1.0,279.0,217.0
104154,1,12441,106.0,1.0,279.0,217.0
104154,1,12442,88.0,1.0,290.0,217.0
104154,1,12443,88.0,1.0,290.0,217.0
104154,1,12444,88.0,1.0,290.0,217.0
104154,1,12445,88.0,1.0,290.0,217.0
104154,1,12446,88.0,1.0,290.0,217.0
104154,1,12447,88.0,1.0,290.0,217.0
104154,1,12448,88.0,13.0,290.0,217.0
104154,1,12449,88.0,13.0,290.0,217.0
104154,1,12450,88.0,13.0,290.0,217.0
104154,1,12451,88.0,13.0,290.0,217.0
104154,1,12452,88.0,13.0,290.0,217.0
104154,1,12453,88.0,13.0,307.0,217.0
104154,1,12454,88.0,13.0,307.0,217.0
104154,1,12455,88.0,13.0,307.0,217.0
104154,1,12456,88.0,13.0,307.0,217.0
104154,1,12457,88.0,13.0,307.0,217.0
104154,1,12458,88.0,13.0,307.0,217.0
104154,1,12459,88.0,13.0,307.0,217.0
104154,1,12460,60.0,17.0,307.0,217.0
104154,1,12461,60.0,17.0,307.0,217.0
104154,1,12462,60.0,17.0,307.0,217.0
104154,1,12463,60.0,17.0,307.0,217.0
104154,1,12464,60.0,17.0,307.0,217.0
104154,1,12465,60.0,17.0,307.0,217.0
104154,1,12466,60.0,17.0,307.0,217.0
104154,1,12467,60.0,17.0,307.0,217.0
104154,1,12468,60.0,17.0,307.0,217.0
104154,1,12469,60.0,17.0,307.0,217.0
104154,1,12470,74.0,17.0,307.0,217.0
104154,1,12471,74.0,17.0,307.0,217.0
104154,1,12472,74.0,17.0,307.0,217.0
104154,1,12473,74.0,17.0,307.0,217.0
104154,1,12474,74.0,17.0,307.0,217.0
104154,1,12475,74.0,17.0,307.0,217.0
104154,1,12476,74.0,17.0,307.0,217.0
104154,1,12477,74.0,17.0,307.0,217.0
104154,1,12478,74.0,17.0,307.0,217.0
104154,1,12479,74.0,17.0,307.0,217.0
104154,1,12480,74.0,17.0,307.0,217.0
104154,1,12481,74.0,17.0,307.0,217.0
104154,1,12482,74.0,17.0,307.0,217.0
104154,1,12483,87.0,29.0,307.0,217.0
104154,1,12484,87.0,29.0,307.0,217.0
104154,1,12485,87.0,29.0,307.0,217.0
104154,1,12486,87.0,29.0,307.0,217.0
104154,1,12487,87.0,29.0,307.0,217.0
104154,1,12488,87.0,29.0,307.0,217.0
104154,1,12489,87.0,29.0,307.0,217.0
104154,1,12490,87.0,29.0,307.0,217.0
104154,1,12491,87.0,29.0,307.0,217.0
104154,1,12492,87.0,29.0,307.0,217.0
104154,1,12493,87.0,29.0,307.0,217.0
104154,1,12494,87.0,29.0,307.0,217.0
104154,1,12495,87.0,29.0,307.0,217.0
104154,1,12496,87.0,29.0,307.0,217.0
104154,1,12497,87.0,29.0,307.0,217.0
104154,1,12498,87.0,29.0,307.0,217.0
104154,1,12499,87.0,29.0,307.0,217.0
104154,1,12500,87.0,29.0,307.0,217.0
104154,1,12501,87.0,29.0,307.0,217.0
104154,1,12502,87.0,29.0,307.0,217.0
104154,1,12503,87.0,29.0,291.0,217.0
104154,1,12504,87.0,29.0,291.0,217.0
104154,1,12505,87.0,29.0,291.0,217.0
104154,1,12506,87.0,29.0,291.0,217.0
104154,1,12507,87.0,29.0,291.0,217.0
104154,1,12508,87.0,29.0,291.0,217.0
104154,1,12509,87.0,29.0,291.0,217.0
104154,1,12510,87.0,29.0,291.0,217.0
104154,1,12511,87.0,29.0,291.0,217.0
104154,1,12512,87.0,29.0,291.0,217.0
104154,1,12513,87.0,29.0,291.0,217.0
104154,1,12514,87.0,29.0,291.0,217.0
104154,1,12515,87.0,29.0,291.0,217.0
104154,1,12516,87.0,29.0,291.0,217.0
104154,1,12517,87.0,29.0,291.0,217.0
104154,1,12518,87.0,29.0,291.0,217.0
104154,1,12519,87.0,29.0,291.0,217.0
104154,1,12520,87.0,29.0,291.0,217.0
104154,1,12521,87.0,29.0,291.0,217.0
104154,1,12522,87.0,29.0,291.0,217.0
104154,1,12523,87.0,29.0,291.0,217.0
104154,1,12524,87.0,29.0,291.0,217.0
104154,1,12525,107.0,43.0,290.0,217.0
104154,1,12526,107.0,43.0,290.0,217.0
104154,1,12527,107.0,43.0,290.0,217.0
104154,1,12528,107.0,43.0,290.0,217.0
104154,1,12529,107.0,43.0,290.0,217.0
104154,1,12530,107.0,43.0,290.0,217.0
104154,1,12531,107.0,43.0,290.0,217.0
104154,1,12532,107.0,43.0,290.0,217.0
104154,1,12533,107.0,43.0,290.0,217.0
104154,1,12534,107.0,43.0,290.0,217.0
104154,1,12535,107.0,43.0,290.0,217.0
104154,1,12536,107.0,43.0,290.0,217.0
104154,1,12537,107.0,43.0,290.0,217.0
104154,1,12538,107.0,43.0,290.0,217.0
104154,1,12539,107.0,43.0,290.0,217.0
104154,1,12540,107.0,43.0,290.0,217.0
104154,1,12541,107.0,43.0,290.0,217.0
104154,1,12542,107.0,43.0,290.0,217.0
104154,1,12543,107.0,43.0,290.0,217.0
104154,1,12544,107.0,43.0,290.0,217.0
104154,1,12545,107.0,43.0,290.0,217.0
104154,1,12546,107.0,43.0,290.0,217.0
104154,1,12547,107.0,43.0,290.0,217.0
104154,1,12548,107.0,43.0,290.0,217.0
104154,1,12549,107.0,43.0,290.0,217.0
104154,1,12550,107.0,43.0,290.0,217.0
104154,1,12551,107.0,43.0,290.0,217.0
104154,1,12552,107.0,43.0,290.0,217.0
104154,1,12553,107.0,43.0,290.0,217.0
104154,1,12554,107.0,43.0,290.0,217.0
104154,1,12555,107.0,43.0,290.0,217.0
104154,1,12556,107.0,43.0,290.0,217.0
104154,1,12557,107.0,43.0,290.0,217.0
104154,1,12558,107.0,43.0,290.0,217.0
104154,1,12559,107.0,43.0,290.0,217.0
104154,1,12560,107.0,43.0,290.0,217.0
104154,1,12561,107.0,43.0,290.0,217.0
104154,1,12562,107.0,43.0,290.0,217.0
104154,1,12563,107.0,43.0,290.0,217.0
104154,1,12564,107.0,43.0,290.0,217.0
104154,1,12565,107.0,26.0,290.0,217.0
104154,1,12566,107.0,26.0,290.0,217.0
104154,1,12567,107.0,26.0,290.0,217.0
104154,1,12568,107.0,26.0,290.0,217.0
104154,1,12569,107.0,26.0,290.0,217.0
104154,1,12570,107.0,26.0,290.0,217.0
104154,1,12571,107.0,26.0,290.0,217.0
104154,1,12572,107.0,26.0,290.0,217.0
104154,1,12573,107.0,26.0,290.0,217.0
104154,1,12574,107.0,26.0,290.0,217.0
104154,1,12575,107.0,26.0,290.0,217.0
104154,1,12576,107.0,26.0,290.0,217.0
104154,1,12577,107.0,26.0,290.0,217.0
104154,1,12578,107.0,26.0,290.0,217.0
104154,1,12579,107.0,26.0,290.0,217.0
104154,1,12580,107.0,26.0,290.0,217.0
104154,1,12581,107.0,26.0,290.0,217.0
104154,1,12582,95.0,26.0,289.0,217.0
104154,1,12583,95.0,26.0,289.0,217.0
104154,1,12584,95.0,26.0,289.0,217.0
104154,1,12585,95.0,26.0,289.0,217.0
104154,1,12586,95.0,26.0,289.0,217.0
104154,1,12587,95.0,26.0,289.0,217.0
104154,1,12588,95.0,26.0,289.0,217.0
104154,1,12589,95.0,26.0,289.0,217.0
104154,1,12590,95.0,26.0,289.0,217.0
104154,1,12591,95.0,26.0,289.0,217.0
104154,1,12592,95.0,26.0,289.0,217.0
104154,1,12593,95.0,26.0,289.0,217.0
104154,1,12594,95.0,26.0,289.0,217.0
104154,1,12595,95.0,26.0,289.0,217.0
104154,1,12596,95.0,26.0,289.0,217.0
104154,1,12597,95.0,26.0,289.0,217.0
104154,1,12598,95.0,26.0,289.0,217.0
104154,1,12599,95.0,26.0,289.0,217.0
104154,1,12600,95.0,26.0,289.0,217.0
104154,1,12601,95.0,26.0,289.0,217.0
104154,1,12602,95.0,26.0,289.0,217.0
104154,1,12603,95.0,26.0,289.0,217.0
104154,1,12604,95.0,26.0,289.0,217.0
104154,1,12605,95.0,26.0,289.0,217.0
104154,1,12606,95.0,26.0,289.0,217.0
104154,1,12607,95.0,14.0,288.0,217.0
104154,1,12608,95.0,14.0,288.0,217.0
104154,1,12609,95.0,14.0,288.0,217.0
104154,1,12610,95.0,14.0,288.0,217.0
104154,1,12611,95.0,14.0,288.0,217.0
104154,1,12612,95.0,14.0,288.0,217.0
104154,1,12613,95.0,14.0,288.0,217.0
104154,1,12614,95.0,14.0,288.0,217.0
104154,1,12615,95.0,14.0,288.0,217.0
104154,1,12616,95.0,14.0,288.0,217.0
104154,1,12617,95.0,14.0,288.0,217.0
104154,1,12618,95.0,14.0,288.0,217.0
104154,1,12619,95.0,14.0,288.0,217.0
104154,1,12620,95.0,14.0,288.0,217.0
104154,1,12621,95.0,14.0,288.0,217.0
104154,1,12622,95.0,14.0,288.0,217.0
104154,1,12623,95.0,14.0,288.0,217.0
104154,1,12624,95.0,14.0,288.0,217.0
104154,1,12625,95.0,14.0,288.0,217.0
104154,1,12626,123.0,4.0,288.0,217.0
104154,1,12627,123.0,4.0,288.0,217.0
104154,1,12628,123.0,4.0,288.0,217.0
104154,1,12629,123.0,4.0,288.0,217.0
104154,1,12630,123.0,4.0,288.0,217.0
104154,1,12631,123.0,4.0,288.0,217.0
104154,1,12632,123.0,4.0,288.0,217.0
104154,1,12633,123.0,4.0,288.0,217.0
104154,1,12634,123.0,4.0,288.0,217.0
104154,1,12635,123.0,4.0,288.0,217.0
104154,1,12636,123.0,4.0,288.0,217.0
104154,1,12637,123.0,4.0,288.0,217.0
104154,1,12638,123.0,4.0,288.0,217.0
104154,1,12639,123.0,4.0,288.0,217.0
104154,1,12640,123.0,4.0,288.0,217.0
104154,1,12641,123.0,4.0,288.0,217.0
104154,1,12642,123.0,4.0,288.0,217.0
104154,1,12643,123.0,4.0,288.0,217.0
104154,1,12644,123.0,4.0,288.0,217.0
104154,1,12645,123.0,4.0,288.0,217.0
104154,1,12646,123.0,4.0,288.0,217.0
104154,1,12647,123.0,4.0,288.0,217.0
104154,1,12648,123.0,4.0,288.0,217.0
104154,1,12649,123.0,4.0,288.0,217.0
104154,1,12650,123.0,4.0,288.0,217.0
104154,1,12651,123.0,4.0,288.0,217.0
104154,1,12652,132.0,4.0,275.0,217.0
104154,1,12653,132.0,4.0,275.0,217.0
104154,1,12654,132.0,4.0,275.0,217.0
104154,1,12655,132.0,4.0,275.0,217.0
104154,1,12656,132.0,4.0,275.0,217.0
104154,1,12657,132.0,4.0,275.0,217.0
104154,1,12658,132.0,4.0,275.0,217.0
104154,1,12659,132.0,4.0,275.0,217.0
104154,1,12660,132.0,4.0,275.0,217.0
104154,1,12661,132.0,4.0,275.0,217.0
104154,1,12662,132.0,4.0,275.0,217.0
104154,1,12663,132.0,4.0,275.0,217.0
104154,1,12664,132.0,4.0,275.0,217.0
104154,1,12665,132.0,4.0,275.0,217.0
104154,1,12666,132.0,4.0,275.0,217.0
104154,1,12667,132.0,4.0,275.0,217.0
104154,1,12668,121.0,4.0,296.0,217.0
104154,1,12669,121.0,4.0,296.0,217.0
104154,1,12670,121.0,4.0,296.0,217.0
104154,1,12671,121.0,4.0,296.0,217.0
104154,1,12672,121.0,4.0,296.0,217.0
104154,1,12673,121.0,4.0,296.0,217.0
104154,1,12674,121.0,4.0,296.0,217.0
104154,1,12675,121.0,4.0,296.0,217.0
104154,1,12676,121.0,4.0,296.0,217.0
104154,1,12677,121.0,4.0,296.0,217.0
104154,1,12678,110.0,4.0,296.0,217.0
104154,1,12679,110.0,4.0,296.0,217.0
104154,1,12680,110.0,4.0,296.0,217.0
104154,1,12681,110.0,4.0,296.0,217.0
104154,1,12682,110.0,4.0,296.0,217.0
104154,1,12683,110.0,4.0,296.0,217.0
104154,1,12684,110.0,4.0,296.0,217.0
104154,1,12685,110.0,4.0,296.0,217.0
104154,1,12686,110.0,4.0,314.0,217.0
104154,1,12687,110.0,4.0,314.0,217.0
104154,1,12688,110.0,4.0,314.0,217.0
104154,1,12689,110.0,4.0,314.0,217.0
104154,1,12690,110.0,4.0,314.0,217.0
104154,1,12691,110.0,4.0,314.0,217.0
104154,1,12692,110.0,4.0,314.0,217.0
104154,1,12693,110.0,4.0,314.0,217.0
104154,1,12694,110.0,4.0,314.0,217.0
104154,1,12695,110.0,4.0,314.0,217.0
104154,1,12696,99.0,4.0,345.0,217.0
104154,1,12697,99.0,4.0,345.0,217.0
104154,1,12698,99.0,4.0,345.0,217.0
104154,1,12699,99.0,4.0,345.0,217.0
104154,1,12700,99.0,4.0,345.0,217.0
104154,1,12701,99.0,4.0,345.0,217.0
104154,1,12702,99.0,4.0,345.0,217.0
104154,1,12703,99.0,4.0,345.0,217.0
104154,1,12704,99.0,4.0,358.0,217.0
104154,1,12705,99.0,4.0,358.0,217.0
104154,1,12706,99.0,4.0,358.0,217.0
104154,1,12707,99.0,4.0,358.0,217.0
104154,1,12708,99.0,4.0,358.0,217.0
104154,1,12709,99.0,4.0,358.0,217.0
104154,1,12710,99.0,4.0,358.0,217.0
104154,1,12711,99.0,4.0,358.0,217.0
104154,1,12712,99.0,0,373.0,217.0
104154,1,12713,99.0,0,373.0,217.0
104154,1,12714,99.0,0,373.0,217.0
104154,1,12715,99.0,0,373.0,217.0
104154,1,12716,99.0,0,373.0,217.0
104154,1,12717,99.0,0,373.0,217.0
104154,1,12718,99.0,0,373.0,217.0
104154,1,12719,88.0,0,373.0,217.0
104154,1,12720,88.0,0,373.0,217.0
104154,1,12721,88.0,0,373.0,217.0
104154,1,12722,88.0,0,373.0,217.0
104154,1,12723,88.0,0,373.0,217.0
104154,1,12724,88.0,0,373.0,217.0
104154,1,12725,88.0,0,373.0,217.0
104154,1,12726,88.0,0,373.0,217.0
104154,1,12727,88.0,0,391.0,217.0
104154,1,12728,88.0,0,391.0,217.0
104154,1,12729,88.0,0,391.0,217.0
104154,1,12730,88.0,0,391.0,217.0
104154,1,12731,88.0,0,391.0,217.0
104154,1,12732,88.0,0,391.0,217.0
104154,1,12733,88.0,0,391.0,217.0
104154,1,12734,88.0,0,391.0,217.0
104154,1,12735,88.0,0,391.0,217.0
104154,1,12736,88.0,0,391.0,217.0
104154,1,12737,88.0,0,405.0,217.0
104154,1,12738,88.0,0,405.0,217.0
104154,1,12739,88.0,0,405.0,217.0
104154,1,12740,88.0,0,405.0,217.0
104154,1,12741,88.0,0,405.0,217.0
104154,1,12742,88.0,0,405.0,217.0
104154,1,12743,88.0,0,405.0,217.0
104154,1,12744,88.0,0,405.0,217.0
104154,1,12745,88.0,0,405.0,217.0
104154,1,12746,88.0,0,405.0,217.0
104154,1,12747,88.0,0,405.0,217.0
104154,1,12748,88.0,0,405.0,217.0
104154,1,12749,88.0,0,405.0,217.0
104154,1,12750,88.0,0,405.0,217.0
104154,1,12751,88.0,0,405.0,217.0
104154,1,12752,88.0,0,439.0,217.0
104154,1,12753,88.0,0,439.0,217.0
104154,1,12754,88.0,0,439.0,217.0
104154,1,12755,88.0,0,439.0,217.0
104154,1,12756,88.0,0,439.0,217.0
104154,1,12757,88.0,0,439.0,217.0
104154,1,12758,88.0,0,439.0,217.0
104154,1,12759,88.0,0,439.0,217.0
104154,1,12760,88.0,0,439.0,217.0
104154,1,12761,88.0,0,439.0,217.0
104154,1,12762,88.0,0,439.0,217.0
104154,1,12763,88.0,0,439.0,217.0
104154,1,12764,88.0,0,439.0,217.0
104154,1,12765,88.0,0,439.0,217.0
104154,1,12766,88.0,0,439.0,217.0
104154,1,12767,88.0,0,439.0,217.0
104154,1,12768,88.0,0,439.0,217.0
104154,1,12769,88.0,0,439.0,217.0
104154,1,12770,88.0,0,439.0,217.0
104154,1,12771,88.0,0,439.0,217.0
104154,1,12772,88.0,0,449.0,217.0
104154,1,12773,88.0,0,449.0,217.0
104154,1,12774,88.0,0,449.0,217.0
104154,1,12775,88.0,0,449.0,217.0
104154,1,12776,88.0,0,449.0,217.0
104154,1,12777,88.0,0,449.0,217.0
104154,1,12778,88.0,0,449.0,217.0
104154,1,12779,88.0,0,449.0,217.0
104154,1,12780,88.0,0,449.0,217.0
104154,1,12781,88.0,0,449.0,217.0
104154,1,12782,88.0,0,449.0,217.0
104154,1,12783,88.0,0,449.0,217.0
104154,1,12784,88.0,0,449.0,217.0
104154,1,12785,88.0,0,449.0,217.0
104154,1,12786,88.0,0,449.0,217.0
104154,1,12787,88.0,0,449.0,217.0
104154,1,12788,88.0,0,449.0,217.0
104154,1,12789,88.0,0,458.0,217.0
104154,1,12790,88.0,0,458.0,217.0
104154,1,12791,88.0,0,458.0,217.0
104154,1,12792,88.0,0,458.0,217.0
104154,1,12793,88.0,0,458.0,217.0
104154,1,12794,88.0,0,458.0,217.0
104154,1,12795,88.0,0,458.0,217.0
104154,1,12796,88.0,0,458.0,217.0
104154,1,12797,88.0,0,458.0,217.0
104154,1,12798,88.0,0,458.0,217.0
104154,1,12799,88.0,0,458.0,217.0
104154,1,12800,88.0,0,458.0,217.0
104154,1,12801,88.0,0,458.0,217.0
104154,1,12802,88.0,0,458.0,217.0
104154,1,12803,88.0,0,458.0,217.0
104154,1,12804,88.0,0,458.0,217.0
104154,1,12805,88.0,0,458.0,217.0
104154,1,12806,88.0,0,458.0,217.0
104154,1,12807,88.0,0,458.0,217.0
104154,1,12808,88.0,0,458.0,217.0
104154,1,12809,88.0,0,458.0,217.0
104154,1,12810,88.0,0,458.0,217.0
104154,1,12811,88.0,0,458.0,217.0
104154,1,12812,88.0,0,458.0,217.0
104154,1,12813,88.0,0,458.0,217.0
104154,1,12814,88.0,0,458.0,217.0
104154,1,12815,88.0,0,458.0,217.0
104154,1,12816,88.0,0,458.0,217.0
104154,1,12817,88.0,0,458.0,217.0
104154,1,12818,88.0,0,458.0,217.0
104154,1,12819,88.0,0,458.0,217.0
104154,1,12820,88.0,0,458.0,217.0
104154,1,12821,88.0,0,458.0,217.0
104154,1,12822,88.0,0,458.0,217.0
104154,1,12823,88.0,0,458.0,217.0
104154,1,12824,88.0,0,458.0,217.0
104154,1,12825,88.0,0,458.0,217.0
104154,1,12826,88.0,0,458.0,217.0
104154,1,12827,88.0,0,458.0,217.0
104154,1,12828,88.0,0,458.0,217.0
104154,1,12829,88.0,0,458.0,217.0
104154,1,12830,88.0,0,458.0,217.0
104154,1,12831,88.0,0,458.0,217.0
104154,1,12832,88.0,0,458.0,217.0
104154,1,12833,88.0,0,458.0,217.0
104154,1,12834,88.0,0,458.0,217.0
104154,1,12835,88.0,0,458.0,217.0
104154,1,12836,88.0,0,458.0,217.0
104154,1,12837,88.0,0,458.0,217.0
104154,1,12838,88.0,0,458.0,217.0
104154,1,12839,88.0,0,458.0,217.0
104154,1,12840,88.0,0,458.0,217.0
104154,1,12841,88.0,0,458.0,217.0
104154,1,12842,88.0,0,458.0,217.0
104154,1,12843,88.0,0,458.0,217.0
104154,1,12844,88.0,0,458.0,217.0
104154,1,12845,88.0,0,458.0,217.0
104154,1,12846,88.0,0,458.0,217.0
104154,1,12847,88.0,0,458.0,217.0
104154,1,12848,88.0,0,458.0,217.0
104154,1,12849,88.0,0,458.0,217.0
104154,1,12850,88.0,0,458.0,217.0
104154,1,12851,88.0,0,458.0,217.0
104154,1,12852,88.0,0,458.0,217.0
104154,1,12853,88.0,0,458.0,217.0
104154,1,12854,88.0,0,458.0,217.0
104154,1,12855,88.0,0,458.0,217.0
104154,1,12856,88.0,0,458.0,217.0
104154,1,12857,88.0,0,458.0,217.0
104154,1,12858,88.0,0,458.0,217.0
104154,1,12859,88.0,0,458.0,217.0
104154,1,12860,88.0,0,458.0,217.0
104154,1,12861,88.0,0,447.0,217.0
104154,1,12862,88.0,0,447.0,217.0
104154,1,12863,88.0,0,447.0,217.0
104154,1,12864,88.0,0,447.0,217.0
104154,1,12865,88.0,0,447.0,217.0
104154,1,12866,88.0,0,447.0,217.0
104154,1,12867,88.0,0,447.0,217.0
104154,1,12868,88.0,0,447.0,217.0
104154,1,12869,88.0,0,447.0,217.0
104154,1,12870,88.0,0,447.0,217.0
104154,1,12871,88.0,0,447.0,217.0
104154,1,12872,88.0,0,447.0,217.0
104154,1,12873,88.0,0,437.0,217.0
104154,1,12874,88.0,0,437.0,217.0
104154,1,12875,88.0,0,437.0,217.0
104154,1,12876,88.0,0,437.0,217.0
104154,1,12877,88.0,0,437.0,217.0
104154,1,12878,88.0,0,437.0,217.0
104154,1,12879,88.0,0,437.0,217.0
104154,1,12880,88.0,0,430.0,217.0
104154,1,12881,88.0,0,430.0,217.0
104154,1,12882,88.0,0,430.0,217.0
104154,1,12883,88.0,0,430.0,217.0
104154,1,12884,88.0,0,430.0,217.0
104154,1,12885,88.0,0,430.0,217.0
104154,1,12886,88.0,0,430.0,217.0
104154,1,12887,88.0,0,430.0,217.0
104154,1,12888,88.0,0,430.0,217.0
104154,1,12889,103.0,0,418.0,217.0
104154,1,12890,103.0,0,418.0,217.0
104154,1,12891,103.0,0,418.0,217.0
104154,1,12892,103.0,0,418.0,217.0
104154,1,12893,103.0,0,418.0,217.0
104154,1,12894,103.0,0,418.0,217.0
104154,1,12895,103.0,0,418.0,217.0
104154,1,12896,103.0,0,418.0,217.0
104154,1,12897,103.0,0,418.0,217.0
104154,1,12898,103.0,0,418.0,217.0
104154,1,12899,103.0,0,418.0,217.0
104154,1,12900,103.0,0,418.0,217.0
104154,1,12901,103.0,0,418.0,217.0
104154,1,12902,103.0,0,389.0,217.0
104154,1,12903,103.0,0,389.0,217.0
104154,1,12904,103.0,0,389.0,217.0
104154,1,12905,103.0,0,389.0,217.0
104154,1,12906,103.0,0,389.0,217.0
104154,1,12907,103.0,0,389.0,217.0
104154,1,12908,103.0,0,389.0,217.0
104154,1,12909,103.0,0,389.0,217.0
104154,1,12910,103.0,0,389.0,217.0
104154,1,12911,103.0,0,368.0,217.0
104154,1,12912,103.0,0,368.0,217.0
104154,1,12913,103.0,0,368.0,217.0
104154,1,12914,103.0,0,368.0,217.0
104154,1,12915,103.0,0,368.0,217.0
104154,1,12916,103.0,0,347.0,217.0
104154,1,12917,103.0,0,347.0,217.0
104154,1,12918,103.0,0,347.0,217.0
104154,1,12919,103.0,0,347.0,217.0
104154,1,12920,103.0,0,347.0,217.0
104154,1,12921,103.0,0,347.0,217.0
104154,1,12922,103.0,0,347.0,217.0
104154,1,12923,115.0,0,347.0,217.0
104154,1,12924,115.0,0,347.0,217.0
104154,1,12925,115.0,0,347.0,217.0
104154,1,12926,115.0,0,347.0,217.0
104154,1,12927,115.0,0,347.0,217.0
104154,1,12928,115.0,0,300.0,217.0
104154,1,12929,115.0,0,300.0,217.0
104154,1,12930,115.0,0,300.0,217.0
104154,1,12931,115.0,0,300.0,217.0
104154,1,12932,115.0,0,300.0,217.0
104154,1,12933,115.0,0,300.0,217.0
104154,1,12934,115.0,0,273.0,217.0
104154,1,12935,115.0,0,273.0,217.0
104154,1,12936,115.0,0,273.0,217.0
104154,1,12937,115.0,0,273.0,217.0
104154,1,12938,115.0,0,273.0,217.0
104154,1,12939,115.0,0,273.0,217.0
104154,1,12940,115.0,0,273.0,217.0
104154,1,12941,126.0,0,273.0,217.0
104154,1,12942,126.0,0,273.0,217.0
104154,1,12943,126.0,0,273.0,217.0
104154,1,12944,126.0,0,273.0,217.0
104154,1,12945,126.0,0,273.0,217.0
104154,1,12946,126.0,0,273.0,217.0
104154,1,12947,126.0,0,264.0,217.0
104154,1,12948,126.0,0,264.0,217.0
104154,1,12949,126.0,0,264.0,217.0
104154,1,12950,126.0,0,264.0,217.0
104154,1,12951,126.0,0,264.0,217.0
104154,1,12952,126.0,0,264.0,217.0
104154,1,12953,126.0,0,264.0,217.0
104154,1,12954,126.0,0,274.0,217.0
104154,1,12955,126.0,0,274.0,217.0
104154,1,12956,126.0,0,274.0,217.0
104154,1,12957,126.0,0,274.0,217.0
104154,1,12958,126.0,0,274.0,217.0
104154,1,12959,126.0,0,274.0,217.0
104154,1,12960,126.0,0,274.0,217.0
104154,1,12961,126.0,0,274.0,217.0
104154,1,12962,105.0,0,291.0,217.0
104154,1,12963,105.0,0,291.0,217.0
104154,1,12964,105.0,0,291.0,217.0
104154,1,12965,105.0,0,291.0,217.0
104154,1,12966,105.0,0,291.0,217.0
104154,1,12967,105.0,0,291.0,217.0
104154,1,12968,105.0,0,291.0,217.0
104154,1,12969,105.0,0,291.0,217.0
104154,1,12970,105.0,0,291.0,217.0
104154,1,12971,105.0,0,291.0,217.0
104154,1,12972,105.0,7.0,290.0,217.0
104154,1,12973,105.0,7.0,290.0,217.0
104154,1,12974,105.0,7.0,290.0,217.0
104154,1,12975,105.0,7.0,290.0,217.0
104154,1,12976,105.0,7.0,290.0,217.0
104154,1,12977,105.0,7.0,290.0,217.0
104154,1,12978,105.0,7.0,290.0,217.0
104154,1,12979,105.0,7.0,290.0,217.0
104154,1,12980,84.0,7.0,289.0,217.0
104154,1,12981,84.0,7.0,289.0,217.0
104154,1,12982,84.0,7.0,289.0,217.0
104154,1,12983,84.0,7.0,289.0,217.0
104154,1,12984,84.0,7.0,289.0,217.0
104154,1,12985,84.0,7.0,289.0,217.0
104154,1,12986,84.0,7.0,289.0,217.0
104154,1,12987,84.0,7.0,289.0,217.0
104154,1,12988,84.0,24.0,289.0,217.0
104154,1,12989,84.0,24.0,289.0,217.0
104154,1,12990,84.0,24.0,289.0,217.0
104154,1,12991,84.0,24.0,289.0,217.0
104154,1,12992,84.0,24.0,289.0,217.0
104154,1,12993,84.0,24.0,289.0,217.0
104154,1,12994,84.0,24.0,289.0,217.0
104154,1,12995,84.0,24.0,289.0,217.0
104154,1,12996,84.0,24.0,289.0,217.0
104154,1,12997,84.0,24.0,289.0,217.0
104154,1,12998,66.0,34.0,289.0,217.0
104154,1,12999,66.0,34.0,289.0,217.0
104154,1,13000,66.0,34.0,289.0,217.0
104154,1,13001,66.0,34.0,289.0,217.0
104154,1,13002,66.0,34.0,289.0,217.0
104154,1,13003,66.0,34.0,289.0,217.0
104154,1,13004,66.0,34.0,289.0,217.0
104154,1,13005,66.0,34.0,289.0,217.0
104154,1,13006,66.0,34.0,289.0,217.0
104154,1,13007,66.0,34.0,289.0,217.0
104154,1,13008,66.0,34.0,289.0,217.0
104154,1,13009,66.0,34.0,289.0,217.0
104154,1,13010,66.0,34.0,289.0,217.0
104154,1,13011,66.0,34.0,289.0,217.0
104154,1,13012,66.0,34.0,289.0,217.0
104154,1,13013,66.0,34.0,289.0,217.0
104154,1,13014,66.0,34.0,289.0,217.0
104154,1,13015,66.0,45.0,289.0,217.0
104154,1,13016,66.0,45.0,289.0,217.0
104154,1,13017,66.0,45.0,289.0,217.0
104154,1,13018,66.0,45.0,289.0,217.0
104154,1,13019,66.0,45.0,289.0,217.0
104154,1,13020,66.0,45.0,289.0,217.0
104154,1,13021,66.0,45.0,289.0,217.0
104154,1,13022,66.0,45.0,289.0,217.0
104154,1,13023,79.0,45.0,289.0,217.0
104154,1,13024,79.0,45.0,289.0,217.0
104154,1,13025,79.0,45.0,289.0,217.0
104154,1,13026,79.0,45.0,289.0,217.0
104154,1,13027,79.0,45.0,289.0,217.0
104154,1,13028,79.0,45.0,289.0,217.0
104154,1,13029,79.0,45.0,289.0,217.0
104154,1,13030,79.0,45.0,289.0,217.0
104154,1,13031,79.0,45.0,289.0,217.0
104154,1,13032,79.0,45.0,289.0,217.0
104154,1,13033,79.0,45.0,289.0,217.0
104154,1,13034,79.0,45.0,289.0,217.0
104154,1,13035,79.0,45.0,289.0,217.0
104154,1,13036,79.0,45.0,289.0,217.0
104154,1,13037,79.0,45.0,289.0,217.0
104154,1,13038,79.0,45.0,289.0,217.0
104154,1,13039,79.0,45.0,289.0,217.0
104154,1,13040,79.0,45.0,289.0,217.0
104154,1,13041,79.0,45.0,289.0,217.0
104154,1,13042,79.0,45.0,289.0,217.0
104154,1,13043,79.0,45.0,289.0,217.0
104154,1,13044,79.0,45.0,289.0,217.0
104154,1,13045,79.0,45.0,289.0,217.0
104154,1,13046,79.0,45.0,289.0,217.0
104154,1,13047,79.0,45.0,289.0,217.0
104154,1,13048,79.0,45.0,289.0,217.0
104154,1,13049,79.0,45.0,289.0,217.0
104154,1,13050,79.0,45.0,289.0,217.0
104154,1,13051,79.0,45.0,289.0,217.0
104154,1,13052,79.0,45.0,289.0,217.0
104154,1,13053,79.0,45.0,289.0,217.0
104154,1,13054,79.0,45.0,289.0,217.0
104154,1,13055,79.0,45.0,289.0,217.0
104154,1,13056,79.0,45.0,289.0,217.0
104154,1,13057,79.0,45.0,289.0,217.0
104154,1,13058,79.0,45.0,289.0,217.0
104154,1,13059,79.0,45.0,289.0,217.0
104154,1,13060,79.0,45.0,289.0,217.0
104154,1,13061,79.0,45.0,289.0,217.0
104154,1,13062,79.0,45.0,289.0,217.0
104154,1,13063,79.0,45.0,289.0,217.0
104154,1,13064,79.0,45.0,289.0,217.0
104154,1,13065,103.0,34.0,289.0,217.0
104154,1,13066,103.0,34.0,289.0,217.0
104154,1,13067,103.0,34.0,289.0,217.0
104154,1,13068,103.0,34.0,289.0,217.0
104154,1,13069,103.0,34.0,289.0,217.0
104154,1,13070,103.0,34.0,289.0,217.0
104154,1,13071,103.0,34.0,289.0,217.0
104154,1,13072,103.0,34.0,289.0,217.0
104154,1,13073,103.0,34.0,289.0,217.0
104154,1,13074,103.0,34.0,289.0,217.0
104154,1,13075,103.0,34.0,289.0,217.0
104154,1,13076,103.0,34.0,289.0,217.0
104154,1,13077,103.0,34.0,289.0,217.0
104154,1,13078,103.0,34.0,289.0,217.0
104154,1,13079,103.0,34.0,289.0,217.0
104154,1,13080,103.0,34.0,289.0,217.0
104154,1,13081,103.0,34.0,289.0,217.0
104154,1,13082,103.0,34.0,289.0,217.0
104154,1,13083,103.0,34.0,289.0,217.0
104154,1,13084,103.0,34.0,289.0,217.0
104154,1,13085,103.0,34.0,289.0,217.0
104154,1,13086,103.0,34.0,289.0,217.0
104154,1,13087,103.0,34.0,289.0,217.0
104154,1,13088,103.0,34.0,289.0,217.0
104154,1,13089,103.0,34.0,289.0,217.0
104154,1,13090,103.0,34.0,289.0,217.0
104154,1,13091,103.0,34.0,289.0,217.0
104154,1,13092,103.0,34.0,289.0,217.0
104154,1,13093,103.0,34.0,289.0,217.0
104154,1,13094,103.0,34.0,289.0,217.0
104154,1,13095,103.0,34.0,289.0,217.0
104154,1,13096,103.0,34.0,289.0,217.0
104154,1,13097,103.0,34.0,289.0,217.0
104154,1,13098,103.0,34.0,289.0,217.0
104154,1,13099,103.0,34.0,289.0,217.0
104154,1,13100,103.0,34.0,289.0,217.0
104154,1,13101,103.0,34.0,289.0,217.0
104154,1,13102,103.0,34.0,289.0,217.0
104154,1,13103,103.0,34.0,289.0,217.0
104154,1,13104,103.0,34.0,289.0,217.0
104154,1,13105,103.0,34.0,289.0,217.0
104154,1,13106,103.0,34.0,289.0,217.0
104154,1,13107,103.0,34.0,289.0,217.0
104154,1,13108,103.0,34.0,289.0,217.0
104154,1,13109,103.0,34.0,289.0,217.0
104154,1,13110,103.0,34.0,289.0,217.0
104154,1,13111,103.0,34.0,289.0,217.0
104154,1,13112,103.0,34.0,289.0,217.0
104154,1,13113,103.0,34.0,289.0,217.0
104154,1,13114,103.0,34.0,289.0,217.0
104154,1,13115,103.0,34.0,289.0,217.0
104154,1,13116,103.0,34.0,289.0,217.0
104154,1,13117,103.0,34.0,289.0,217.0
104154,1,13118,103.0,34.0,289.0,217.0
104154,1,13119,103.0,34.0,289.0,217.0
104154,1,13120,103.0,34.0,289.0,217.0
104154,1,13121,103.0,34.0,289.0,217.0
104154,1,13122,103.0,34.0,289.0,217.0
104154,1,13123,103.0,34.0,289.0,217.0
104154,1,13124,87.0,19.0,300.0,217.0
104154,1,13125,87.0,19.0,300.0,217.0
104154,1,13126,87.0,19.0,300.0,217.0
104154,1,13127,87.0,19.0,300.0,217.0
104154,1,13128,87.0,19.0,300.0,217.0
104154,1,13129,87.0,19.0,300.0,217.0
104154,1,13130,87.0,19.0,300.0,217.0
104154,1,13131,87.0,19.0,300.0,217.0
104154,1,13132,87.0,19.0,300.0,217.0
104154,1,13133,87.0,19.0,300.0,217.0
104154,1,13134,87.0,31.0,300.0,217.0
104154,1,13135,87.0,31.0,300.0,217.0
104154,1,13136,87.0,31.0,300.0,217.0
104154,1,13137,87.0,31.0,300.0,217.0
104154,1,13138,87.0,31.0,300.0,217.0
104154,1,13139,87.0,31.0,300.0,217.0
104154,1,13140,87.0,31.0,300.0,217.0
104154,1,13141,87.0,31.0,300.0,217.0
104154,1,13142,87.0,31.0,300.0,217.0
104154,1,13143,87.0,31.0,300.0,217.0
104154,1,13144,87.0,31.0,300.0,217.0
104154,1,13145,87.0,31.0,300.0,217.0
104154,1,13146,87.0,31.0,300.0,217.0
104154,1,13147,87.0,31.0,300.0,217.0
104154,1,13148,87.0,31.0,300.0,217.0
104154,1,13149,87.0,31.0,300.0,217.0
104154,1,13150,87.0,31.0,300.0,217.0
104154,1,13151,87.0,31.0,300.0,217.0
104154,1,13152,87.0,31.0,300.0,217.0
104154,1,13153,87.0,31.0,300.0,217.0
104154,1,13154,87.0,31.0,300.0,217.0
104154,1,13155,87.0,31.0,300.0,217.0
104154,1,13156,87.0,31.0,300.0,217.0
104154,1,13157,87.0,31.0,300.0,217.0
104154,1,13158,87.0,31.0,300.0,217.0
104154,1,13159,87.0,31.0,300.0,217.0
104154,1,13160,87.0,31.0,300.0,217.0
104154,1,13161,87.0,31.0,300.0,217.0
104154,1,13162,87.0,31.0,300.0,217.0
104154,1,13163,87.0,31.0,300.0,217.0
104154,1,13164,87.0,31.0,300.0,217.0
104154,1,13165,87.0,31.0,300.0,217.0
104154,1,13166,87.0,31.0,300.0,217.0
104154,1,13167,87.0,31.0,300.0,217.0
104154,1,13168,87.0,31.0,300.0,217.0
104154,1,13169,87.0,31.0,300.0,217.0
104154,1,13170,87.0,31.0,300.0,217.0
104154,1,13171,87.0,31.0,300.0,217.0
104154,1,13172,87.0,31.0,300.0,217.0
104154,1,13173,87.0,31.0,300.0,217.0
104154,1,13174,87.0,31.0,300.0,217.0
104154,1,13175,87.0,31.0,300.0,217.0
104154,1,13176,87.0,31.0,300.0,217.0
104154,1,13177,87.0,31.0,300.0,217.0
104154,1,13178,87.0,31.0,300.0,217.0
104154,1,13179,87.0,31.0,300.0,217.0
104154,1,13180,87.0,31.0,300.0,217.0
104154,1,13181,87.0,31.0,300.0,217.0
104154,1,13182,87.0,31.0,300.0,217.0
104154,1,13183,87.0,31.0,300.0,217.0
104154,1,13184,87.0,31.0,300.0,217.0
104154,1,13185,87.0,31.0,300.0,217.0
104154,1,13186,87.0,31.0,300.0,217.0
104154,1,13187,87.0,31.0,300.0,217.0
104154,1,13188,87.0,31.0,300.0,217.0
104154,1,13189,87.0,31.0,300.0,217.0
104154,1,13190,87.0,31.0,300.0,217.0
104154,1,13191,87.0,31.0,300.0,217.0
104154,1,13192,87.0,31.0,300.0,217.0
104154,1,13193,87.0,31.0,300.0,217.0
104154,1,13194,87.0,31.0,300.0,217.0
104154,1,13195,87.0,31.0,300.0,217.0
104154,1,13196,87.0,31.0,300.0,217.0
104154,1,13197,87.0,31.0,300.0,217.0
104154,1,13198,87.0,31.0,300.0,217.0
104154,1,13199,87.0,31.0,300.0,217.0
104154,1,13200,87.0,31.0,300.0,217.0
104154,1,13201,87.0,31.0,300.0,217.0
104154,1,13202,87.0,31.0,300.0,217.0
104154,1,13203,87.0,31.0,300.0,217.0
104154,1,13204,87.0,31.0,300.0,217.0
104154,1,13205,87.0,31.0,300.0,217.0
104154,1,13206,87.0,31.0,300.0,217.0
104154,1,13207,87.0,31.0,300.0,217.0
104154,1,13208,87.0,31.0,300.0,217.0
104154,1,13209,87.0,31.0,300.0,217.0
104154,1,13210,87.0,31.0,300.0,217.0
104154,1,13211,87.0,31.0,300.0,217.0
104154,1,13212,87.0,31.0,300.0,217.0
104154,1,13213,87.0,31.0,300.0,217.0
104154,1,13214,87.0,31.0,300.0,217.0
104154,1,13215,87.0,31.0,300.0,217.0
104154,1,13216,87.0,31.0,300.0,217.0
104154,1,13217,87.0,31.0,300.0,217.0
104154,1,13218,87.0,31.0,300.0,217.0
104154,1,13219,87.0,31.0,300.0,217.0
104154,1,13220,87.0,31.0,300.0,217.0
104154,1,13221,87.0,31.0,300.0,217.0
104154,1,13222,87.0,31.0,300.0,217.0
104154,1,13223,87.0,31.0,300.0,217.0
104154,1,13224,87.0,31.0,300.0,217.0
104154,1,13225,87.0,31.0,300.0,217.0
104154,1,13226,87.0,31.0,300.0,217.0
104154,1,13227,87.0,31.0,300.0,217.0
104154,1,13228,87.0,31.0,300.0,217.0
104154,1,13229,87.0,31.0,300.0,217.0
104154,1,13230,87.0,31.0,300.0,217.0
104154,1,13231,87.0,31.0,300.0,217.0
104154,1,13232,87.0,31.0,300.0,217.0
104154,1,13233,87.0,31.0,300.0,217.0
104154,1,13234,87.0,31.0,300.0,217.0
104154,1,13235,87.0,31.0,300.0,217.0
104154,1,13236,87.0,31.0,300.0,217.0
104154,1,13237,87.0,31.0,300.0,217.0
104154,1,13238,87.0,31.0,300.0,217.0
104154,1,13239,87.0,31.0,300.0,217.0
104154,1,13240,87.0,31.0,300.0,217.0
104154,1,13241,87.0,31.0,300.0,217.0
104154,1,13242,87.0,31.0,300.0,217.0
104154,1,13243,87.0,31.0,300.0,217.0
104154,1,13244,87.0,31.0,300.0,217.0
104154,1,13245,87.0,31.0,300.0,217.0
104154,1,13246,87.0,31.0,300.0,217.0
104154,1,13247,87.0,31.0,300.0,217.0
104154,1,13248,87.0,31.0,300.0,217.0
104154,1,13249,87.0,31.0,300.0,217.0
104154,1,13250,87.0,31.0,300.0,217.0
104154,1,13251,87.0,31.0,300.0,217.0
104154,1,13252,87.0,31.0,300.0,217.0
104154,1,13253,87.0,31.0,300.0,217.0
104154,1,13254,87.0,31.0,300.0,217.0
104154,1,13255,87.0,31.0,300.0,217.0
104154,1,13256,87.0,31.0,300.0,217.0
104154,1,13257,87.0,31.0,300.0,217.0
104154,1,13258,87.0,31.0,300.0,217.0
104154,1,13259,87.0,31.0,300.0,217.0
104154,1,13260,121.0,14.0,300.0,217.0
104154,1,13261,121.0,14.0,300.0,217.0
104154,1,13262,121.0,14.0,300.0,217.0
104154,1,13263,121.0,14.0,300.0,217.0
104154,1,13264,121.0,14.0,300.0,217.0
104154,1,13265,121.0,14.0,300.0,217.0
104154,1,13266,121.0,14.0,300.0,217.0
104154,1,13267,121.0,14.0,300.0,217.0
104154,1,13268,121.0,14.0,300.0,217.0
104154,1,13269,121.0,14.0,300.0,217.0
104154,1,13270,121.0,14.0,300.0,217.0
104154,1,13271,121.0,14.0,300.0,217.0
104154,1,13272,121.0,14.0,300.0,217.0
104154,1,13273,121.0,14.0,300.0,217.0
104154,1,13274,121.0,14.0,300.0,217.0
104154,1,13275,121.0,14.0,300.0,217.0
104154,1,13276,121.0,14.0,300.0,217.0
104154,1,13277,121.0,14.0,300.0,217.0
104154,1,13278,121.0,14.0,300.0,217.0
104154,1,13279,121.0,14.0,300.0,217.0
104154,1,13280,121.0,14.0,300.0,217.0
104154,1,13281,121.0,14.0,300.0,217.0
104154,1,13282,129.0,10.0,276.0,217.0
104154,1,13283,129.0,10.0,276.0,217.0
104154,1,13284,129.0,10.0,276.0,217.0
104154,1,13285,129.0,10.0,276.0,217.0
104154,1,13286,129.0,10.0,276.0,217.0
104154,1,13287,129.0,10.0,276.0,217.0
104154,1,13288,129.0,10.0,276.0,217.0
104154,1,13289,129.0,10.0,276.0,217.0
104154,1,13290,129.0,10.0,276.0,217.0
104154,1,13291,129.0,10.0,276.0,217.0
104154,1,13292,129.0,10.0,276.0,217.0
104154,1,13293,129.0,10.0,276.0,217.0
104154,1,13294,129.0,10.0,276.0,217.0
104154,1,13295,129.0,10.0,276.0,217.0
104154,1,13296,129.0,10.0,276.0,217.0
104154,1,13297,129.0,10.0,276.0,217.0
104154,1,13298,129.0,10.0,276.0,217.0
104154,1,13299,129.0,10.0,276.0,217.0
104154,1,13300,129.0,10.0,276.0,217.0
104154,1,13301,129.0,10.0,276.0,217.0
104154,1,13302,129.0,10.0,276.0,217.0
104154,1,13303,129.0,10.0,276.0,217.0
104154,1,13304,129.0,10.0,276.0,217.0
104154,1,13305,129.0,10.0,276.0,217.0
104154,1,13306,129.0,10.0,276.0,217.0
104154,1,13307,129.0,10.0,276.0,217.0
104154,1,13308,129.0,10.0,276.0,217.0
104154,1,13309,129.0,10.0,276.0,217.0
104154,1,13310,129.0,10.0,276.0,217.0
104154,1,13311,129.0,10.0,276.0,217.0
104154,1,13312,129.0,10.0,276.0,217.0
104154,1,13313,129.0,10.0,276.0,217.0
104154,1,13314,129.0,10.0,276.0,217.0
104154,1,13315,129.0,10.0,276.0,217.0
104154,1,13316,129.0,10.0,276.0,217.0
104154,1,13317,129.0,10.0,276.0,217.0
104154,1,13318,129.0,10.0,276.0,217.0
104154,1,13319,129.0,10.0,276.0,217.0
104154,1,13320,129.0,10.0,276.0,217.0
104154,1,13321,129.0,10.0,276.0,217.0
104154,1,13322,129.0,10.0,276.0,217.0
104154,1,13323,129.0,10.0,276.0,217.0
104154,1,13324,129.0,10.0,276.0,217.0
104154,1,13325,129.0,10.0,276.0,217.0
104154,1,13326,129.0,10.0,276.0,217.0
104154,1,13327,129.0,10.0,276.0,217.0
104154,1,13328,129.0,10.0,276.0,217.0
104154,1,13329,129.0,10.0,276.0,217.0
104154,1,13330,129.0,10.0,276.0,217.0
104154,1,13331,129.0,10.0,276.0,217.0
104154,1,13332,129.0,10.0,276.0,217.0
104154,1,13333,129.0,10.0,276.0,217.0
104154,1,13334,129.0,10.0,276.0,217.0
104154,1,13335,129.0,10.0,276.0,217.0
104154,1,13336,129.0,10.0,276.0,217.0
104154,1,13337,129.0,10.0,276.0,217.0
104154,1,13338,129.0,10.0,276.0,217.0
104154,1,13339,129.0,21.0,276.0,217.0
104154,1,13340,129.0,21.0,276.0,217.0
104154,1,13341,129.0,21.0,276.0,217.0
104154,1,13342,129.0,21.0,276.0,217.0
104154,1,13343,129.0,21.0,276.0,217.0
104154,1,13344,129.0,21.0,276.0,217.0
104154,1,13345,129.0,21.0,276.0,217.0
104154,1,13346,129.0,21.0,276.0,217.0
104154,1,13347,129.0,21.0,276.0,217.0
104154,1,13348,129.0,21.0,276.0,217.0
104154,1,13349,129.0,21.0,276.0,217.0
104154,1,13350,129.0,21.0,276.0,217.0
104154,1,13351,129.0,21.0,276.0,217.0
104154,1,13352,129.0,21.0,276.0,217.0
104154,1,13353,129.0,21.0,276.0,217.0
104154,1,13354,129.0,21.0,276.0,217.0
104154,1,13355,129.0,21.0,276.0,217.0
104154,1,13356,129.0,21.0,276.0,217.0
104154,1,13357,129.0,21.0,276.0,217.0
104154,1,13358,129.0,21.0,276.0,217.0
104154,1,13359,129.0,21.0,276.0,217.0
104154,1,13360,129.0,21.0,276.0,217.0
104154,1,13361,129.0,21.0,276.0,217.0
104154,1,13362,129.0,21.0,276.0,217.0
104154,1,13363,129.0,21.0,276.0,217.0
104154,1,13364,129.0,21.0,276.0,217.0
104154,1,13365,129.0,21.0,276.0,217.0
104154,1,13366,129.0,21.0,276.0,217.0
104154,1,13367,129.0,21.0,276.0,217.0
104154,1,13368,129.0,21.0,276.0,217.0
104154,1,13369,129.0,21.0,276.0,217.0
104154,1,13370,129.0,51.0,281.0,217.0
104154,1,13371,129.0,51.0,281.0,217.0
104154,1,13372,129.0,51.0,281.0,217.0
104154,1,13373,129.0,51.0,281.0,217.0
104154,1,13374,129.0,51.0,281.0,217.0
104154,1,13375,129.0,51.0,281.0,217.0
104154,1,13376,129.0,51.0,281.0,217.0
104154,1,13377,129.0,51.0,281.0,217.0
104154,1,13378,129.0,51.0,281.0,217.0
104154,1,13379,129.0,51.0,281.0,217.0
104154,1,13380,129.0,51.0,281.0,217.0
104154,1,13381,129.0,51.0,281.0,217.0
104154,1,13382,129.0,51.0,281.0,217.0
104154,1,13383,129.0,51.0,281.0,217.0
104154,1,13384,129.0,51.0,281.0,217.0
104154,1,13385,129.0,51.0,281.0,217.0
104154,1,13386,129.0,51.0,281.0,217.0
104154,1,13387,129.0,51.0,281.0,217.0
104154,1,13388,129.0,51.0,281.0,217.0
104154,1,13389,129.0,51.0,281.0,217.0
104154,1,13390,129.0,51.0,281.0,217.0
104154,1,13391,129.0,51.0,281.0,217.0
104154,1,13392,129.0,51.0,281.0,217.0
104154,1,13393,129.0,51.0,281.0,217.0
104154,1,13394,129.0,51.0,281.0,217.0
104154,1,13395,129.0,51.0,281.0,217.0
104154,1,13396,129.0,51.0,281.0,217.0
104154,1,13397,129.0,51.0,281.0,217.0
104154,1,13398,129.0,51.0,281.0,217.0
104154,1,13399,129.0,51.0,281.0,217.0
104154,1,13400,129.0,51.0,281.0,217.0
104154,1,13401,129.0,51.0,281.0,217.0
104154,1,13402,129.0,51.0,281.0,217.0
104154,1,13403,129.0,51.0,281.0,217.0
104154,1,13404,129.0,51.0,281.0,217.0
104154,1,13405,129.0,51.0,281.0,217.0
104154,1,13406,129.0,51.0,281.0,217.0
104154,1,13407,129.0,51.0,281.0,217.0
104154,1,13408,129.0,51.0,281.0,217.0
104154,1,13409,129.0,51.0,281.0,217.0
104154,1,13410,129.0,51.0,281.0,217.0
104154,1,13411,129.0,51.0,281.0,217.0
104154,1,13412,129.0,51.0,281.0,217.0
104154,1,13413,129.0,51.0,281.0,217.0
104154,1,13414,129.0,51.0,281.0,217.0
104154,1,13415,129.0,51.0,281.0,217.0
104154,1,13416,129.0,51.0,281.0,217.0
104154,1,13417,129.0,36.0,281.0,217.0
104154,1,13418,129.0,36.0,281.0,217.0
104154,1,13419,129.0,36.0,281.0,217.0
104154,1,13420,129.0,36.0,281.0,217.0
104154,1,13421,129.0,36.0,281.0,217.0
104154,1,13422,129.0,36.0,281.0,217.0
104154,1,13423,129.0,36.0,281.0,217.0
104154,1,13424,129.0,36.0,281.0,217.0
104154,1,13425,129.0,36.0,281.0,217.0
104154,1,13426,129.0,36.0,281.0,217.0
104154,1,13427,129.0,36.0,281.0,217.0
104154,1,13428,129.0,36.0,281.0,217.0
104154,1,13429,129.0,36.0,281.0,217.0
104154,1,13430,129.0,36.0,281.0,217.0
104154,1,13431,129.0,36.0,281.0,217.0
104154,1,13432,129.0,36.0,281.0,217.0
104154,1,13433,129.0,36.0,281.0,217.0
104154,1,13434,129.0,36.0,281.0,217.0
104154,1,13435,129.0,36.0,281.0,217.0
104154,1,13436,129.0,36.0,281.0,217.0
104154,1,13437,129.0,36.0,281.0,217.0
104154,1,13438,129.0,36.0,281.0,217.0
104154,1,13439,129.0,36.0,281.0,217.0
104154,1,13440,129.0,36.0,281.0,217.0
104154,1,13441,129.0,36.0,281.0,217.0
104154,1,13442,129.0,36.0,281.0,217.0
104154,1,13443,129.0,36.0,281.0,217.0
104154,1,13444,129.0,36.0,281.0,217.0
104154,1,13445,129.0,36.0,281.0,217.0
104154,1,13446,129.0,36.0,281.0,217.0
104154,1,13447,129.0,36.0,281.0,217.0
104154,1,13448,129.0,36.0,281.0,217.0
104154,1,13449,129.0,36.0,281.0,217.0
104154,1,13450,129.0,36.0,281.0,217.0
104154,1,13451,129.0,36.0,281.0,217.0
104154,1,13452,129.0,36.0,281.0,217.0
104154,1,13453,129.0,36.0,281.0,217.0
104154,1,13454,129.0,36.0,281.0,217.0
104154,1,13455,129.0,36.0,281.0,217.0
104154,1,13456,129.0,22.0,281.0,217.0
104154,1,13457,129.0,22.0,281.0,217.0
104154,1,13458,129.0,22.0,281.0,217.0
104154,1,13459,129.0,22.0,281.0,217.0
104154,1,13460,129.0,22.0,281.0,217.0
104154,1,13461,129.0,22.0,281.0,217.0
104154,1,13462,129.0,22.0,281.0,217.0
104154,1,13463,129.0,22.0,281.0,217.0
104154,1,13464,129.0,22.0,281.0,217.0
104154,1,13465,129.0,22.0,281.0,217.0
104154,1,13466,129.0,22.0,281.0,217.0
104154,1,13467,129.0,22.0,281.0,217.0
104154,1,13468,129.0,22.0,281.0,217.0
104154,1,13469,129.0,22.0,281.0,217.0
104154,1,13470,129.0,22.0,281.0,217.0
104154,1,13471,129.0,22.0,281.0,217.0
104154,1,13472,129.0,22.0,281.0,217.0
104154,1,13473,129.0,22.0,281.0,217.0
104154,1,13474,129.0,22.0,281.0,217.0
104154,1,13475,129.0,22.0,281.0,217.0
104154,1,13476,129.0,9.0,281.0,217.0
104154,1,13477,129.0,9.0,281.0,217.0
104154,1,13478,129.0,9.0,281.0,217.0
104154,1,13479,129.0,9.0,281.0,217.0
104154,1,13480,129.0,9.0,281.0,217.0
104154,1,13481,129.0,9.0,281.0,217.0
104154,1,13482,129.0,9.0,281.0,217.0
104154,1,13483,129.0,9.0,281.0,217.0
104154,1,13484,129.0,9.0,281.0,217.0
104154,1,13485,129.0,9.0,281.0,217.0
104154,1,13486,129.0,9.0,281.0,217.0
104154,1,13487,129.0,9.0,281.0,217.0
104154,1,13488,129.0,9.0,281.0,217.0
104154,1,13489,129.0,9.0,281.0,217.0
104154,1,13490,129.0,9.0,281.0,217.0
104154,1,13491,129.0,9.0,281.0,217.0
104154,1,13492,129.0,9.0,281.0,217.0
104154,1,13493,129.0,9.0,281.0,217.0
104154,1,13494,129.0,9.0,281.0,217.0
104154,1,13495,129.0,9.0,281.0,217.0
104154,1,13496,129.0,9.0,281.0,217.0
104154,1,13497,111.0,9.0,287.0,217.0
104154,1,13498,111.0,9.0,287.0,217.0
104154,1,13499,111.0,9.0,287.0,217.0
104154,1,13500,111.0,9.0,287.0,217.0
104154,1,13501,111.0,9.0,287.0,217.0
104154,1,13502,111.0,9.0,287.0,217.0
104154,1,13503,111.0,9.0,287.0,217.0
104154,1,13504,111.0,9.0,287.0,217.0
104154,1,13505,111.0,9.0,287.0,217.0
104154,1,13506,111.0,9.0,287.0,217.0
104154,1,13507,111.0,5.0,299.0,217.0
104154,1,13508,111.0,5.0,299.0,217.0
104154,1,13509,111.0,5.0,299.0,217.0
104154,1,13510,111.0,5.0,299.0,217.0
104154,1,13511,111.0,5.0,299.0,217.0
104154,1,13512,111.0,5.0,299.0,217.0
104154,1,13513,111.0,5.0,299.0,217.0
104154,1,13514,111.0,0,318.0,217.0
104154,1,13515,111.0,0,318.0,217.0
104154,1,13516,111.0,0,318.0,217.0
104154,1,13517,111.0,0,318.0,217.0
104154,1,13518,111.0,0,318.0,217.0
104154,1,13519,111.0,0,318.0,217.0
104154,1,13520,111.0,0,318.0,217.0
104154,1,13521,111.0,0,318.0,217.0
104154,1,13522,111.0,0,318.0,217.0
104154,1,13523,111.0,0,318.0,217.0
104154,1,13524,101.0,0,318.0,217.0
104154,1,13525,101.0,0,318.0,217.0
104154,1,13526,101.0,0,318.0,217.0
104154,1,13527,101.0,0,318.0,217.0
104154,1,13528,101.0,0,318.0,217.0
104154,1,13529,101.0,0,318.0,217.0
104154,1,13530,101.0,0,318.0,217.0
104154,1,13531,101.0,0,318.0,217.0
104154,1,13532,101.0,0,318.0,217.0
104154,1,13533,101.0,0,336.0,217.0
104154,1,13534,101.0,0,336.0,217.0
104154,1,13535,101.0,0,336.0,217.0
104154,1,13536,101.0,0,336.0,217.0
104154,1,13537,101.0,0,336.0,217.0
104154,1,13538,101.0,0,336.0,217.0
104154,1,13539,101.0,0,336.0,217.0
104154,1,13540,101.0,0,336.0,217.0
104154,1,13541,101.0,0,336.0,217.0
104154,1,13542,101.0,0,336.0,217.0
104154,1,13543,101.0,0,336.0,217.0
104154,1,13544,101.0,0,336.0,217.0
104154,1,13545,101.0,0,336.0,217.0
104154,1,13546,91.0,0,336.0,217.0
104154,1,13547,91.0,0,336.0,217.0
104154,1,13548,91.0,0,336.0,217.0
104154,1,13549,91.0,0,336.0,217.0
104154,1,13550,91.0,0,336.0,217.0
104154,1,13551,91.0,0,336.0,217.0
104154,1,13552,91.0,0,362.0,217.0
104154,1,13553,91.0,0,362.0,217.0
104154,1,13554,91.0,0,362.0,217.0
104154,1,13555,91.0,0,362.0,217.0
104154,1,13556,91.0,0,362.0,217.0
104154,1,13557,91.0,0,362.0,217.0
104154,1,13558,91.0,0,362.0,217.0
104154,1,13559,91.0,0,362.0,217.0
104154,1,13560,91.0,0,362.0,217.0
104154,1,13561,91.0,0,362.0,217.0
104154,1,13562,91.0,0,362.0,217.0
104154,1,13563,91.0,0,379.0,217.0
104154,1,13564,91.0,0,379.0,217.0
104154,1,13565,91.0,0,379.0,217.0
104154,1,13566,91.0,0,379.0,217.0
104154,1,13567,91.0,0,379.0,217.0
104154,1,13568,91.0,0,379.0,217.0
104154,1,13569,91.0,0,379.0,217.0
104154,1,13570,91.0,0,379.0,217.0
104154,1,13571,91.0,0,379.0,217.0
104154,1,13572,91.0,0,379.0,217.0
104154,1,13573,91.0,0,379.0,217.0
104154,1,13574,91.0,0,379.0,217.0
104154,1,13575,91.0,0,379.0,217.0
104154,1,13576,91.0,0,379.0,217.0
104154,1,13577,91.0,0,379.0,217.0
104154,1,13578,91.0,0,414.0,217.0
104154,1,13579,91.0,0,414.0,217.0
104154,1,13580,91.0,0,414.0,217.0
104154,1,13581,91.0,0,414.0,217.0
104154,1,13582,91.0,0,414.0,217.0
104154,1,13583,91.0,0,414.0,217.0
104154,1,13584,91.0,0,414.0,217.0
104154,1,13585,91.0,0,414.0,217.0
104154,1,13586,91.0,0,414.0,217.0
104154,1,13587,91.0,0,414.0,217.0
104154,1,13588,91.0,0,414.0,217.0
104154,1,13589,91.0,0,414.0,217.0
104154,1,13590,91.0,0,414.0,217.0
104154,1,13591,91.0,0,414.0,217.0
104154,1,13592,91.0,0,436.0,217.0
104154,1,13593,91.0,0,436.0,217.0
104154,1,13594,91.0,0,436.0,217.0
104154,1,13595,91.0,0,436.0,217.0
104154,1,13596,91.0,0,436.0,217.0
104154,1,13597,91.0,0,436.0,217.0
104154,1,13598,91.0,0,436.0,217.0
104154,1,13599,91.0,0,436.0,217.0
104154,1,13600,91.0,0,436.0,217.0
104154,1,13601,91.0,0,436.0,217.0
104154,1,13602,91.0,0,436.0,217.0
104154,1,13603,91.0,0,436.0,217.0
104154,1,13604,91.0,0,436.0,217.0
104154,1,13605,91.0,0,436.0,217.0
104154,1,13606,91.0,0,436.0,217.0
104154,1,13607,91.0,0,436.0,217.0
104154,1,13608,91.0,0,436.0,217.0
104154,1,13609,91.0,0,436.0,217.0
104154,1,13610,91.0,0,436.0,217.0
104154,1,13611,91.0,0,436.0,217.0
104154,1,13612,91.0,0,436.0,217.0
104154,1,13613,91.0,0,436.0,217.0
104154,1,13614,91.0,0,436.0,217.0
104154,1,13615,91.0,0,436.0,217.0
104154,1,13616,91.0,0,436.0,217.0
104154,1,13617,91.0,0,436.0,217.0
104154,1,13618,91.0,0,436.0,217.0
104154,1,13619,91.0,0,446.0,217.0
104154,1,13620,91.0,0,446.0,217.0
104154,1,13621,91.0,0,446.0,217.0
104154,1,13622,91.0,0,446.0,217.0
104154,1,13623,91.0,0,446.0,217.0
104154,1,13624,91.0,0,446.0,217.0
104154,1,13625,91.0,0,446.0,217.0
104154,1,13626,91.0,0,446.0,217.0
104154,1,13627,91.0,0,446.0,217.0
104154,1,13628,91.0,0,446.0,217.0
104154,1,13629,91.0,0,446.0,217.0
104154,1,13630,91.0,0,446.0,217.0
104154,1,13631,91.0,0,446.0,217.0
104154,1,13632,91.0,0,446.0,217.0
104154,1,13633,91.0,0,446.0,217.0
104154,1,13634,91.0,0,446.0,217.0
104154,1,13635,91.0,0,446.0,217.0
104154,1,13636,91.0,0,446.0,217.0
104154,1,13637,91.0,0,446.0,217.0
104154,1,13638,91.0,0,454.0,217.0
104154,1,13639,91.0,0,454.0,217.0
104154,1,13640,91.0,0,454.0,217.0
104154,1,13641,91.0,0,454.0,217.0
104154,1,13642,91.0,0,454.0,217.0
104154,1,13643,91.0,0,454.0,217.0
104154,1,13644,91.0,0,454.0,217.0
104154,1,13645,91.0,0,454.0,217.0
104154,1,13646,91.0,0,454.0,217.0
104154,1,13647,91.0,0,454.0,217.0
104154,1,13648,91.0,0,454.0,217.0
104154,1,13649,91.0,0,454.0,217.0
104154,1,13650,91.0,0,454.0,217.0
104154,1,13651,91.0,0,454.0,217.0
104154,1,13652,91.0,0,454.0,217.0
104154,1,13653,91.0,0,454.0,217.0
104154,1,13654,91.0,0,454.0,217.0
104154,1,13655,91.0,0,454.0,217.0
104154,1,13656,91.0,0,454.0,217.0
104154,1,13657,91.0,0,454.0,217.0
104154,1,13658,91.0,0,454.0,217.0
104154,1,13659,91.0,0,454.0,217.0
104154,1,13660,91.0,0,454.0,217.0
104154,1,13661,91.0,0,454.0,217.0
104154,1,13662,91.0,0,454.0,217.0
104154,1,13663,91.0,0,454.0,217.0
104154,1,13664,91.0,0,454.0,217.0
104154,1,13665,91.0,0,454.0,217.0
104154,1,13666,91.0,0,454.0,217.0
104154,1,13667,91.0,0,454.0,217.0
104154,1,13668,91.0,0,454.0,217.0
104154,1,13669,91.0,0,460.0,217.0
104154,1,13670,91.0,0,460.0,217.0
104154,1,13671,91.0,0,460.0,217.0
104154,1,13672,91.0,0,460.0,217.0
104154,1,13673,91.0,0,460.0,217.0
104154,1,13674,91.0,0,460.0,217.0
104154,1,13675,91.0,0,460.0,217.0
104154,1,13676,91.0,0,460.0,217.0
104154,1,13677,91.0,0,460.0,217.0
104154,1,13678,91.0,0,460.0,217.0
104154,1,13679,91.0,0,460.0,217.0
104154,1,13680,91.0,0,460.0,217.0
104154,1,13681,91.0,0,460.0,217.0
104154,1,13682,91.0,0,460.0,217.0
104154,1,13683,91.0,0,460.0,217.0
104154,1,13684,91.0,0,460.0,217.0
104154,1,13685,91.0,0,460.0,217.0
104154,1,13686,91.0,0,460.0,217.0
104154,1,13687,91.0,0,460.0,217.0
104154,1,13688,91.0,0,460.0,217.0
104154,1,13689,91.0,0,460.0,217.0
104154,1,13690,91.0,0,460.0,217.0
104154,1,13691,91.0,0,460.0,217.0
104154,1,13692,91.0,0,460.0,217.0
104154,1,13693,91.0,0,460.0,217.0
104154,1,13694,91.0,0,460.0,217.0
104154,1,13695,91.0,0,460.0,217.0
104154,1,13696,91.0,0,460.0,217.0
104154,1,13697,91.0,0,460.0,217.0
104154,1,13698,91.0,0,460.0,217.0
104154,1,13699,91.0,0,460.0,217.0
104154,1,13700,91.0,0,460.0,217.0
104154,1,13701,91.0,0,460.0,217.0
104154,1,13702,91.0,0,460.0,217.0
104154,1,13703,91.0,0,460.0,217.0
104154,1,13704,91.0,0,460.0,217.0
104154,1,13705,91.0,0,460.0,217.0
104154,1,13706,91.0,0,460.0,217.0
104154,1,13707,91.0,0,460.0,217.0
104154,1,13708,91.0,0,460.0,217.0
104154,1,13709,91.0,0,460.0,217.0
104154,1,13710,91.0,0,460.0,217.0
104154,1,13711,91.0,0,460.0,217.0
104154,1,13712,91.0,0,460.0,217.0
104154,1,13713,91.0,0,460.0,217.0
104154,1,13714,91.0,0,460.0,217.0
104154,1,13715,91.0,0,460.0,217.0
104154,1,13716,91.0,0,460.0,217.0
104154,1,13717,91.0,0,460.0,217.0
104154,1,13718,91.0,0,460.0,217.0
104154,1,13719,91.0,0,460.0,217.0
104154,1,13720,91.0,0,460.0,217.0
104154,1,13721,91.0,0,460.0,217.0
104154,1,13722,91.0,0,460.0,217.0
104154,1,13723,91.0,0,460.0,217.0
104154,1,13724,91.0,0,460.0,217.0
104154,1,13725,91.0,0,460.0,217.0
104154,1,13726,91.0,0,460.0,217.0
104154,1,13727,91.0,0,460.0,217.0
104154,1,13728,91.0,0,460.0,217.0
104154,1,13729,91.0,0,460.0,217.0
104154,1,13730,91.0,0,460.0,217.0
104154,1,13731,91.0,0,460.0,217.0
104154,1,13732,91.0,0,460.0,217.0
104154,1,13733,91.0,0,460.0,217.0
104154,1,13734,91.0,0,460.0,217.0
104154,1,13735,91.0,0,460.0,217.0
104154,1,13736,91.0,0,460.0,217.0
104154,1,13737,91.0,0,460.0,217.0
104154,1,13738,91.0,0,460.0,217.0
104154,1,13739,91.0,0,460.0,217.0
104154,1,13740,91.0,0,460.0,217.0
104154,1,13741,91.0,0,460.0,217.0
104154,1,13742,91.0,0,460.0,217.0
104154,1,13743,91.0,0,460.0,217.0
104154,1,13744,91.0,0,460.0,217.0
104154,1,13745,91.0,0,465.0,217.0
104154,1,13746,91.0,0,465.0,217.0
104154,1,13747,91.0,0,465.0,217.0
104154,1,13748,91.0,0,465.0,217.0
104154,1,13749,91.0,0,465.0,217.0
104154,1,13750,91.0,0,465.0,217.0
104154,1,13751,91.0,0,465.0,217.0
104154,1,13752,91.0,0,465.0,217.0
104154,1,13753,91.0,0,465.0,217.0
104154,1,13754,91.0,0,465.0,217.0
104154,1,13755,91.0,0,465.0,217.0
104154,1,13756,91.0,0,465.0,217.0
104154,1,13757,91.0,0,465.0,217.0
104154,1,13758,91.0,0,465.0,217.0
104154,1,13759,91.0,0,465.0,217.0
104154,1,13760,91.0,0,465.0,217.0
104154,1,13761,91.0,0,465.0,217.0
104154,1,13762,91.0,0,465.0,217.0
104154,1,13763,91.0,0,465.0,217.0
104154,1,13764,91.0,0,465.0,217.0
104154,1,13765,91.0,0,465.0,217.0
104154,1,13766,91.0,0,465.0,217.0
104154,1,13767,91.0,0,465.0,217.0
104154,1,13768,91.0,0,465.0,217.0
104154,1,13769,91.0,0,465.0,217.0
104154,1,13770,91.0,0,465.0,217.0
104154,1,13771,91.0,0,465.0,217.0
104154,1,13772,91.0,0,465.0,217.0
104154,1,13773,91.0,0,465.0,217.0
104154,1,13774,91.0,0,465.0,217.0
104154,1,13775,91.0,0,465.0,217.0
104154,1,13776,91.0,0,465.0,217.0
104154,1,13777,91.0,0,465.0,217.0
104154,1,13778,91.0,0,465.0,217.0
104154,1,13779,91.0,0,465.0,217.0
104154,1,13780,91.0,0,465.0,217.0
104154,1,13781,91.0,0,465.0,217.0
104154,1,13782,91.0,0,465.0,217.0
104154,1,13783,91.0,0,465.0,217.0
104154,1,13784,91.0,0,465.0,217.0
104154,1,13785,91.0,0,465.0,217.0
104154,1,13786,91.0,0,465.0,217.0
104154,1,13787,91.0,0,465.0,217.0
104154,1,13788,91.0,0,465.0,217.0
104154,1,13789,91.0,0,465.0,217.0
104154,1,13790,91.0,0,465.0,217.0
104154,1,13791,91.0,0,465.0,217.0
104154,1,13792,91.0,0,465.0,217.0
104154,1,13793,91.0,0,465.0,217.0
104154,1,13794,91.0,0,465.0,217.0
104154,1,13795,91.0,0,465.0,217.0
104154,1,13796,91.0,0,465.0,217.0
104154,1,13797,91.0,0,465.0,217.0
104154,1,13798,91.0,0,465.0,217.0
104154,1,13799,91.0,0,465.0,217.0
104154,1,13800,91.0,0,465.0,217.0
104154,1,13801,91.0,0,465.0,217.0
104154,1,13802,91.0,0,465.0,217.0
104154,1,13803,91.0,0,465.0,217.0
104154,1,13804,91.0,0,465.0,217.0
104154,1,13805,91.0,0,465.0,217.0
104154,1,13806,91.0,0,465.0,217.0
104154,1,13807,91.0,0,465.0,217.0
104154,1,13808,91.0,0,444.0,217.0
104154,1,13809,91.0,0,444.0,217.0
104154,1,13810,91.0,0,444.0,217.0
104154,1,13811,91.0,0,444.0,217.0
104154,1,13812,91.0,0,444.0,217.0
104154,1,13813,91.0,0,444.0,217.0
104154,1,13814,91.0,0,444.0,217.0
104154,1,13815,91.0,0,444.0,217.0
104154,1,13816,91.0,0,444.0,217.0
104154,1,13817,91.0,0,444.0,217.0
104154,1,13818,91.0,0,430.0,217.0
104154,1,13819,91.0,0,430.0,217.0
104154,1,13820,91.0,0,430.0,217.0
104154,1,13821,91.0,0,430.0,217.0
104154,1,13822,91.0,0,430.0,217.0
104154,1,13823,91.0,0,430.0,217.0
104154,1,13824,91.0,0,430.0,217.0
104154,1,13825,91.0,0,430.0,217.0
104154,1,13826,91.0,0,430.0,217.0
104154,1,13827,91.0,0,430.0,217.0
104154,1,13828,91.0,0,401.0,217.0
104154,1,13829,91.0,0,401.0,217.0
104154,1,13830,91.0,0,401.0,217.0
104154,1,13831,91.0,0,401.0,217.0
104154,1,13832,91.0,0,401.0,217.0
104154,1,13833,91.0,0,401.0,217.0
104154,1,13834,91.0,0,401.0,217.0
104154,1,13835,114.0,0,378.0,217.0
104154,1,13836,114.0,0,378.0,217.0
104154,1,13837,114.0,0,378.0,217.0
104154,1,13838,114.0,0,378.0,217.0
104154,1,13839,114.0,0,378.0,217.0
104154,1,13840,114.0,0,378.0,217.0
104154,1,13841,114.0,0,378.0,217.0
104154,1,13842,114.0,0,378.0,217.0
104154,1,13843,114.0,0,341.0,217.0
104154,1,13844,114.0,0,341.0,217.0
104154,1,13845,114.0,0,341.0,217.0
104154,1,13846,114.0,0,341.0,217.0
104154,1,13847,114.0,0,341.0,217.0
104154,1,13848,114.0,0,341.0,217.0
104154,1,13849,114.0,0,341.0,217.0
104154,1,13850,132.0,0,341.0,217.0
104154,1,13851,132.0,0,341.0,217.0
104154,1,13852,132.0,0,341.0,217.0
104154,1,13853,132.0,0,341.0,217.0
104154,1,13854,132.0,0,341.0,217.0
104154,1,13855,132.0,0,341.0,217.0
104154,1,13856,132.0,0,341.0,217.0
104154,1,13857,132.0,0,341.0,217.0
104154,1,13858,132.0,0,295.0,217.0
104154,1,13859,132.0,0,295.0,217.0
104154,1,13860,132.0,0,295.0,217.0
104154,1,13861,132.0,0,295.0,217.0
104154,1,13862,132.0,0,295.0,217.0
104154,1,13863,132.0,0,295.0,217.0
104154,1,13864,132.0,0,295.0,217.0
104154,1,13865,132.0,0,295.0,217.0
104154,1,13866,132.0,0,295.0,217.0
104154,1,13867,132.0,0,295.0,217.0
104154,1,13868,132.0,0,295.0,217.0
104154,1,13869,132.0,0,278.0,217.0
104154,1,13870,132.0,0,278.0,217.0
104154,1,13871,132.0,0,278.0,217.0
104154,1,13872,132.0,0,278.0,217.0
104154,1,13873,132.0,0,278.0,217.0
104154,1,13874,132.0,0,278.0,217.0
104154,1,13875,132.0,0,278.0,217.0
104154,1,13876,132.0,0,278.0,217.0
104154,1,13877,132.0,0,278.0,217.0
104154,1,13878,132.0,0,278.0,217.0
104154,1,13879,132.0,0,278.0,217.0
104154,1,13880,132.0,0,278.0,217.0
104154,1,13881,132.0,0,278.0,217.0
104154,1,13882,132.0,0,278.0,217.0
104154,1,13883,132.0,0,278.0,217.0
104154,1,13884,132.0,0,278.0,217.0
104154,1,13885,132.0,0,278.0,217.0
104154,1,13886,132.0,0,278.0,217.0
104154,1,13887,132.0,0,278.0,217.0
104154,1,13888,132.0,0,278.0,217.0
104154,1,13889,132.0,0,278.0,217.0
104154,1,13890,132.0,0,278.0,217.0
104154,1,13891,132.0,0,278.0,217.0
104154,1,13892,132.0,0,278.0,217.0
104154,1,13893,132.0,0,278.0,217.0
104154,1,13894,132.0,0,278.0,217.0
104154,1,13895,132.0,0,278.0,217.0
104154,1,13896,132.0,0,278.0,217.0
104154,1,13897,132.0,0,278.0,217.0
104154,1,13898,132.0,0,278.0,217.0
104154,1,13899,132.0,0,278.0,217.0
104154,1,13900,132.0,0,278.0,217.0
104154,1,13901,132.0,0,278.0,217.0
104154,1,13902,132.0,0,278.0,217.0
104154,1,13903,132.0,0,278.0,217.0
104154,1,13904,132.0,0,278.0,217.0
104154,1,13905,132.0,0,278.0,217.0
104154,1,13906,132.0,0,278.0,217.0
104154,1,13907,132.0,0,278.0,217.0
104154,1,13908,132.0,0,278.0,217.0
104154,1,13909,132.0,0,278.0,217.0
104154,1,13910,132.0,0,278.0,217.0
104154,1,13911,132.0,0,291.0,217.0
104154,1,13912,132.0,0,291.0,217.0
104154,1,13913,132.0,0,291.0,217.0
104154,1,13914,132.0,0,291.0,217.0
104154,1,13915,132.0,0,291.0,217.0
104154,1,13916,132.0,0,291.0,217.0
104154,1,13917,132.0,0,291.0,217.0
104154,1,13918,132.0,0,291.0,217.0
104154,1,13919,132.0,0,291.0,217.0
104154,1,13920,132.0,0,291.0,217.0
104154,1,13921,132.0,0,291.0,217.0
104154,1,13922,132.0,0,291.0,217.0
104154,1,13923,132.0,0,291.0,217.0
104154,1,13924,132.0,0,291.0,217.0
104154,1,13925,132.0,0,291.0,217.0
104154,1,13926,132.0,0,291.0,217.0
104154,1,13927,132.0,0,291.0,217.0
104154,1,13928,132.0,0,291.0,217.0
104154,1,13929,132.0,0,291.0,217.0
104154,1,13930,132.0,0,291.0,217.0
104154,1,13931,132.0,0,291.0,217.0
104154,1,13932,132.0,0,291.0,217.0
104154,1,13933,132.0,0,291.0,217.0
104154,1,13934,132.0,0,291.0,217.0
104154,1,13935,132.0,0,291.0,217.0
104154,1,13936,132.0,0,291.0,217.0
104154,1,13937,132.0,0,291.0,217.0
104154,1,13938,132.0,0,291.0,217.0
104154,1,13939,132.0,0,291.0,217.0
104154,1,13940,132.0,0,291.0,217.0
104154,1,13941,132.0,0,291.0,217.0
104154,1,13942,132.0,0,291.0,217.0
104154,1,13943,132.0,0,291.0,217.0
104154,1,13944,132.0,0,291.0,217.0
104154,1,13945,132.0,0,291.0,217.0
104154,1,13946,132.0,0,291.0,217.0
104154,1,13947,132.0,0,291.0,217.0
104154,1,13948,132.0,0,291.0,217.0
104154,1,13949,132.0,0,291.0,217.0
104154,1,13950,132.0,0,291.0,217.0
104154,1,13951,132.0,0,291.0,217.0
104154,1,13952,132.0,0,291.0,217.0
104154,1,13953,132.0,0,291.0,217.0
104154,1,13954,132.0,0,291.0,217.0
104154,1,13955,132.0,0,291.0,217.0
104154,1,13956,132.0,0,291.0,217.0
104154,1,13957,132.0,0,291.0,217.0
104154,1,13958,132.0,0,291.0,217.0
104154,1,13959,132.0,0,291.0,217.0
104154,1,13960,132.0,0,291.0,217.0
104154,1,13961,132.0,0,291.0,217.0
104154,1,13962,132.0,0,291.0,217.0
104154,1,13963,132.0,0,291.0,217.0
104154,1,13964,132.0,0,291.0,217.0
104154,1,13965,132.0,0,291.0,217.0
104154,1,13966,132.0,0,291.0,217.0
104154,1,13967,132.0,0,291.0,217.0
104154,1,13968,132.0,0,291.0,217.0
104154,1,13969,132.0,0,291.0,217.0
104154,1,13970,132.0,0,291.0,217.0
104154,1,13971,132.0,0,291.0,217.0
104154,1,13972,132.0,0,291.0,217.0
104154,1,13973,132.0,0,291.0,217.0
104154,1,13974,132.0,0,291.0,217.0
104154,1,13975,132.0,0,291.0,217.0
104154,1,13976,132.0,0,291.0,217.0
104154,1,13977,132.0,0,291.0,217.0
104154,1,13978,132.0,0,291.0,217.0
104154,1,13979,132.0,0,291.0,217.0
104154,1,13980,132.0,0,274.0,217.0
104154,1,13981,132.0,0,274.0,217.0
104154,1,13982,132.0,0,274.0,217.0
104154,1,13983,132.0,0,274.0,217.0
104154,1,13984,132.0,0,274.0,217.0
104154,1,13985,132.0,0,274.0,217.0
104154,1,13986,132.0,0,274.0,217.0
104154,1,13987,132.0,0,274.0,217.0
104154,1,13988,132.0,0,274.0,217.0
104154,1,13989,132.0,0,274.0,217.0
104154,1,13990,132.0,0,274.0,217.0
104154,1,13991,132.0,0,274.0,217.0
104154,1,13992,132.0,0,274.0,217.0
104154,1,13993,132.0,0,274.0,217.0
104154,1,13994,132.0,0,274.0,217.0
104154,1,13995,132.0,0,274.0,217.0
104154,1,13996,132.0,0,274.0,217.0
104154,1,13997,132.0,0,274.0,217.0
104154,1,13998,131.0,0,273.0,217.0
104154,1,13999,130.0,0,272.0,217.0
104154,1,14000,129.0,0,271.0,217.0
104154,1,14001,128.0,0,270.0,217.0
104154,1,14002,104.0,0,270.0,217.0
104154,1,14003,103.0,0,269.0,217.0
104154,1,14004,102.0,0,268.0,217.0
104154,1,14005,101.0,0,267.0,217.0
104154,1,14006,100.0,0,266.0,217.0
104154,1,14007,99.0,0,289.0,217.0
104154,1,14008,98.0,0,288.0,217.0
104154,1,14009,97.0,0,287.0,217.0
104154,1,14010,96.0,0,286.0,217.0
104154,1,14011,95.0,0,285.0,217.0
104154,1,14012,70.0,0,285.0,217.0
104154,1,14013,69.0,0,284.0,217.0
104154,1,14014,68.0,0,283.0,217.0
104154,1,14015,67.0,0,282.0,217.0
104154,1,14016,66.0,0,281.0,217.0
104154,1,14017,66.0,0,296.0,217.0
104154,1,14018,65.0,0,295.0,217.0
104154,1,14019,64.0,0,294.0,217.0
104154,1,14020,63.0,0,293.0,217.0
104154,1,14021,43.0,0,295.0,217.0
104154,1,14022,43.0,0,295.0,217.0
104154,1,14023,43.0,0,295.0,217.0
104154,1,14024,43.0,0,295.0,217.0
104154,1,14025,43.0,0,295.0,217.0
104154,1,14026,30.0,0,296.0,217.0
104154,1,14027,30.0,0,296.0,217.0
104154,1,14028,30.0,0,296.0,217.0
104154,1,14029,30.0,0,296.0,217.0
104154,1,14030,30.0,0,296.0,217.0
104154,1,14031,10.0,0,296.0,217.0
104154,1,14032,10.0,0,296.0,217.0
104154,1,14033,10.0,0,296.0,217.0
104154,1,14034,10.0,0,296.0,217.0
104154,1,14035,10.0,0,296.0,217.0
104154,1,14036,10.0,0,296.0,217.0
104154,1,14037,0,0,306.0,217.0
104154,1,14038,0,0,306.0,217.0
104154,1,14039,0,0,306.0,217.0
104154,1,14040,0,0,306.0,217.0
104154,1,14041,0,0,306.0,217.0
104154,1,14042,0,0,306.0,217.0
104154,1,14043,0,0,306.0,217.0
104154,1,14044,0,0,306.0,217.0
104154,1,14045,0,0,306.0,217.0
104154,1,14046,0,0,306.0,217.0
104154,1,14047,0,0,306.0,217.0
104154,1,14048,0,0,306.0,217.0
104154,1,14049,0,0,306.0,217.0
104154,1,14050,0,0,306.0,217.0
104154,1,14051,0,0,306.0,217.0
104154,1,14052,0,0,306.0,217.0
104154,1,14053,0,0,306.0,217.0
104154,1,14054,0,0,306.0,217.0
104154,1,14055,0,0,306.0,217.0
104154,1,14056,0,0,306.0,217.0
104154,1,14057,0,0,306.0,217.0
104154,1,14058,0,0,306.0,217.0
104154,1,14059,0,0,306.0,217.0
104154,1,14060,0,0,306.0,217.0
104154,1,14061,0,0,306.0,217.0
104154,1,14062,0,0,306.0,217.0
104154,1,14063,0,0,306.0,217.0
104154,1,14064,0,0,306.0,217.0
104154,1,14065,0,0,306.0,217.0
104154,1,14066,0,0,306.0,217.0
104154,1,14067,0,0,306.0,217.0
104154,1,14068,0,0,306.0,217.0
104154,1,14069,0,0,306.0,217.0
104154,1,14070,0,0,306.0,217.0
104154,1,14071,0,0,306.0,217.0
104154,1,14072,0,0,306.0,217.0
104154,1,14073,0,0,306.0,217.0
104154,1,14074,0,0,306.0,217.0
104154,1,14075,0,0,306.0,217.0
104154,1,14076,0,0,306.0,217.0
104154,1,14077,0,0,306.0,217.0
104154,1,14078,0,0,306.0,217.0
104154,1,14079,0,0,306.0,217.0
104154,1,14080,0,0,306.0,217.0
104154,1,14081,0,0,306.0,217.0
104154,1,14082,0,0,306.0,217.0
104154,1,14083,0,0,306.0,217.0
104154,1,14084,0,0,306.0,217.0
104154,1,14085,0,0,306.0,217.0
104154,1,14086,0,0,306.0,217.0
104154,1,14087,0,0,306.0,217.0
104154,1,14088,0,0,306.0,217.0
104154,1,14089,0,0,306.0,217.0
104154,1,14090,0,0,306.0,217.0
104154,1,14091,0,0,306.0,217.0
104154,1,14092,0,0,306.0,217.0
104154,1,14093,0,0,306.0,217.0
104154,1,14094,0,0,306.0,217.0
104154,1,14095,0,0,306.0,217.0
104154,1,14096,0,0,306.0,217.0
104154,1,14097,0,0,306.0,217.0
104154,1,14098,0,0,306.0,217.0
104154,1,14099,0,0,306.0,217.0
104154,1,14100,0,0,306.0,217.0
104154,1,14101,0,0,306.0,217.0
104154,1,14102,0,0,306.0,217.0
104154,1,14103,0,0,306.0,217.0
104154,1,14104,0,0,306.0,217.0
104154,1,14105,0,0,306.0,217.0
104154,1,14106,0,0,306.0,217.0
104154,1,14107,0,0,306.0,217.0
104154,1,14108,0,0,306.0,217.0
104154,1,14109,0,0,306.0,217.0
104154,1,14110,0,0,306.0,217.0
104154,1,14111,0,0,306.0,217.0
104154,1,14112,0,0,306.0,217.0
104154,1,14113,0,0,306.0,217.0
104154,1,14114,0,0,306.0,217.0
104154,1,14115,0,0,306.0,217.0
104154,1,14116,0,0,306.0,217.0
104154,1,14117,0,0,306.0,217.0
104154,1,14118,0,0,306.0,217.0
104154,1,14119,0,0,306.0,217.0
104154,1,14120,0,0,306.0,217.0
104154,1,14121,0,0,306.0,217.0
104154,1,14122,0,0,306.0,217.0
104154,1,14123,0,0,306.0,217.0
104154,1,14124,0,0,306.0,217.0
104154,1,14125,0,0,306.0,217.0
104154,1,14126,0,0,306.0,217.0
104154,1,14127,0,0,306.0,217.0
104154,1,14128,0,0,306.0,217.0
104154,1,14129,0,0,306.0,217.0
104154,1,14130,0,0,306.0,217.0
104154,1,14131,0,0,306.0,217.0
104154,1,14132,0,0,306.0,217.0
104154,1,14133,0,0,306.0,217.0
104154,1,14134,0,0,306.0,217.0
104154,1,14135,0,0,306.0,217.0
104154,1,14136,0,0,306.0,217.0
104154,1,14137,0,0,306.0,217.0
104154,1,14138,0,0,306.0,217.0
104154,1,14139,0,0,306.0,217.0
104154,1,14140,0,0,306.0,217.0
104154,1,14141,0,0,306.0,217.0
104154,1,14142,0,0,306.0,217.0
104154,1,14143,0,0,306.0,217.0
104154,1,14144,0,0,306.0,217.0
104154,1,14145,0,0,306.0,217.0
104154,1,14146,0,0,306.0,217.0
104154,1,14147,0,0,306.0,217.0
104154,1,14148,0,0,306.0,217.0
104154,1,14149,0,0,306.0,217.0
104154,1,14150,0,0,306.0,217.0
104154,1,14151,0,0,306.0,217.0
104154,1,14152,0,0,306.0,217.0
104154,1,14153,0,0,306.0,217.0
104154,1,14154,0,0,306.0,217.0
104154,1,14155,0,0,306.0,217.0
104154,1,14156,0,0,306.0,217.0
104154,1,14157,0,0,306.0,217.0
104154,1,14158,0,0,306.0,217.0
104154,1,14159,0,0,306.0,217.0
104154,1,14160,0,0,306.0,217.0
104154,1,14161,0,0,306.0,217.0
104154,1,14162,0,0,306.0,217.0
104154,1,14163,0,0,306.0,217.0
104154,1,14164,0,0,306.0,217.0
104154,1,14165,0,0,306.0,217.0
104154,1,14166,0,0,306.0,217.0
104154,1,14167,0,0,306.0,217.0
104154,1,14168,0,0,306.0,217.0
104154,1,14169,0,0,306.0,217.0
104154,1,14170,0,0,306.0,217.0
104154,1,14171,0,0,306.0,217.0
104154,1,14172,0,0,306.0,217.0
104154,1,14173,0,0,306.0,217.0
104154,1,14174,0,0,306.0,217.0
104154,1,14175,0,0,306.0,217.0
104154,1,14176,0,0,306.0,217.0
104154,1,14177,0,0,306.0,217.0
104154,1,14178,0,0,306.0,217.0
104154,1,14179,0,0,306.0,217.0
104154,1,14180,0,0,306.0,217.0
104154,1,14181,0,0,306.0,217.0
104154,1,14182,0,0,306.0,217.0
104154,1,14183,0,0,306.0,217.0
104154,1,14184,0,19.0,306.0,217.0
104154,1,14185,0,19.0,306.0,217.0
104154,1,14186,0,19.0,306.0,217.0
104154,1,14187,0,19.0,306.0,217.0
104154,1,14188,0,19.0,306.0,217.0
104154,1,14189,0,19.0,306.0,217.0
104154,1,14190,0,19.0,306.0,217.0
104154,1,14191,0,19.0,306.0,217.0
104154,1,14192,0,19.0,306.0,217.0
104154,1,14193,0,19.0,306.0,217.0
104154,1,14194,0,19.0,306.0,217.0
104154,1,14195,0,19.0,306.0,217.0
104154,1,14196,0,19.0,306.0,217.0
104154,1,14197,0,19.0,306.0,217.0
104154,1,14198,0,19.0,306.0,217.0
104154,1,14199,0,19.0,306.0,217.0
104154,1,14200,0,19.0,306.0,217.0
104154,1,14201,0,19.0,306.0,217.0
104154,1,14202,0,19.0,306.0,217.0
104154,1,14203,0,19.0,306.0,217.0
104154,1,14204,0,19.0,306.0,217.0
104154,1,14205,0,34.0,306.0,217.0
104154,1,14206,0,34.0,306.0,217.0
104154,1,14207,0,34.0,306.0,217.0
104154,1,14208,0,34.0,306.0,217.0
104154,1,14209,0,34.0,306.0,217.0
104154,1,14210,0,34.0,306.0,217.0
104154,1,14211,0,34.0,306.0,217.0
104154,1,14212,0,34.0,306.0,217.0
104154,1,14213,0,34.0,306.0,217.0
104154,1,14214,0,34.0,306.0,217.0
104154,1,14215,0,34.0,306.0,217.0
104154,1,14216,0,34.0,306.0,217.0
104154,1,14217,0,34.0,306.0,217.0
104154,1,14218,0,49.0,306.0,217.0
104154,1,14219,0,49.0,306.0,217.0
104154,1,14220,0,49.0,306.0,217.0
104154,1,14221,0,49.0,306.0,217.0
104154,1,14222,0,49.0,306.0,217.0
104154,1,14223,0,49.0,306.0,217.0
104154,1,14224,0,49.0,306.0,217.0
104154,1,14225,0,49.0,306.0,217.0
104154,1,14226,0,49.0,306.0,217.0
104154,1,14227,0,49.0,306.0,217.0
104154,1,14228,0,49.0,306.0,217.0
104154,1,14229,0,49.0,306.0,217.0
104154,1,14230,0,49.0,306.0,217.0
104154,1,14231,0,49.0,306.0,217.0
104154,1,14232,0,49.0,306.0,217.0
104154,1,14233,0,49.0,306.0,217.0
104154,1,14234,0,49.0,306.0,217.0
104154,1,14235,0,49.0,306.0,217.0
104154,1,14236,0,49.0,306.0,217.0
104154,1,14237,0,49.0,306.0,217.0
104154,1,14238,0,49.0,306.0,217.0
104154,1,14239,0,49.0,306.0,217.0
104154,1,14240,0,49.0,306.0,217.0
104154,1,14241,0,49.0,306.0,217.0
104154,1,14242,0,49.0,306.0,217.0
104154,1,14243,0,49.0,306.0,217.0
104154,1,14244,0,49.0,306.0,217.0
104154,1,14245,0,49.0,306.0,217.0
104154,1,14246,0,49.0,306.0,217.0
104154,1,14247,0,49.0,306.0,217.0
104154,1,14248,0,49.0,306.0,217.0
104154,1,14249,0,49.0,306.0,217.0
104154,1,14250,0,49.0,306.0,217.0
104154,1,14251,0,49.0,306.0,217.0
104154,1,14252,0,49.0,306.0,217.0
104154,1,14253,0,49.0,306.0,217.0
104154,1,14254,0,37.0,306.0,217.0
104154,1,14255,0,37.0,306.0,217.0
104154,1,14256,0,37.0,306.0,217.0
104154,1,14257,0,37.0,306.0,217.0
104154,1,14258,0,37.0,306.0,217.0
104154,1,14259,0,37.0,306.0,217.0
104154,1,14260,0,37.0,306.0,217.0
104154,1,14261,0,37.0,306.0,217.0
104154,1,14262,0,37.0,306.0,217.0
104154,1,14263,0,37.0,306.0,217.0
104154,1,14264,0,37.0,306.0,217.0
104154,1,14265,0,37.0,306.0,217.0
104154,1,14266,0,28.0,306.0,217.0
104154,1,14267,0,28.0,306.0,217.0
104154,1,14268,0,28.0,306.0,217.0
104154,1,14269,0,28.0,306.0,217.0
104154,1,14270,0,28.0,306.0,217.0
104154,1,14271,0,28.0,306.0,217.0
104154,1,14272,0,28.0,306.0,217.0
104154,1,14273,0,28.0,306.0,217.0
104154,1,14274,0,28.0,306.0,217.0
104154,1,14275,0,28.0,306.0,217.0
104154,1,14276,0,28.0,306.0,217.0
104154,1,14277,0,28.0,306.0,217.0
104154,1,14278,0,28.0,306.0,217.0
104154,1,14279,0,28.0,306.0,217.0
104154,1,14280,0,28.0,306.0,217.0
104154,1,14281,0,28.0,306.0,217.0
104154,1,14282,0,28.0,306.0,217.0
104154,1,14283,0,28.0,306.0,217.0
104154,1,14284,0,28.0,306.0,217.0
104154,1,14285,0,28.0,306.0,217.0
104154,1,14286,0,28.0,306.0,217.0
104154,1,14287,0,28.0,306.0,217.0
104154,1,14288,0,28.0,306.0,217.0
104154,1,14289,0,5.0,306.0,217.0
104154,1,14290,0,5.0,306.0,217.0
104154,1,14291,0,5.0,306.0,217.0
104154,1,14292,0,5.0,306.0,217.0
104154,1,14293,0,5.0,306.0,217.0
104154,1,14294,0,5.0,306.0,217.0
104154,1,14295,0,5.0,306.0,217.0
104154,1,14296,0,5.0,306.0,217.0
104154,1,14297,0,5.0,306.0,217.0
104154,1,14298,0,5.0,306.0,217.0
104154,1,14299,0,5.0,306.0,217.0
104154,1,14300,0,5.0,306.0,217.0
104154,1,14301,0,5.0,306.0,217.0
104154,1,14302,0,5.0,306.0,217.0
104154,1,14303,0,5.0,306.0,217.0
104154,1,14304,0,5.0,306.0,217.0
104154,1,14305,0,5.0,306.0,217.0
104154,1,14306,0,5.0,306.0,217.0
104154,1,14307,0,5.0,306.0,217.0
104154,1,14308,0,5.0,306.0,217.0
104154,1,14309,0,5.0,306.0,217.0
104154,1,14310,0,5.0,306.0,217.0
104154,1,14311,0,5.0,306.0,217.0
104154,1,14312,0,5.0,306.0,217.0
104154,1,14313,0,5.0,306.0,217.0
104154,1,14314,0,5.0,306.0,217.0
104154,1,14315,0,5.0,306.0,217.0
104154,1,14316,0,5.0,306.0,217.0
104154,1,14317,0,5.0,306.0,217.0
104154,1,14318,0,5.0,306.0,217.0
104154,1,14319,0,5.0,306.0,217.0
104154,1,14320,0,5.0,306.0,217.0
104154,1,14321,0,5.0,306.0,217.0
104154,1,14322,0,5.0,306.0,217.0
104154,1,14323,0,5.0,306.0,217.0
104154,1,14324,0,5.0,306.0,217.0
104154,1,14325,0,5.0,306.0,217.0
104154,1,14326,0,5.0,306.0,217.0
104154,1,14327,0,5.0,306.0,217.0
104154,1,14328,0,5.0,306.0,217.0
104154,1,14329,0,0,306.0,217.0
104154,1,14330,0,0,306.0,217.0
104154,1,14331,0,0,306.0,217.0
104154,1,14332,0,0,306.0,217.0
104154,1,14333,0,0,306.0,217.0
104154,1,14334,0,0,306.0,217.0
104154,1,14335,0,0,306.0,217.0
104154,1,14336,0,0,306.0,217.0
104154,1,14337,0,0,306.0,217.0
104154,1,14338,0,0,306.0,217.0
104154,1,14339,0,0,306.0,217.0
104154,1,14340,0,0,306.0,217.0
104154,1,14341,0,0,306.0,217.0
104154,1,14342,0,0,306.0,217.0
104154,1,14343,0,0,306.0,217.0
104154,1,14344,0,0,306.0,217.0
104154,1,14345,0,0,306.0,217.0
104154,1,14346,0,0,306.0,217.0
104154,1,14347,0,0,306.0,217.0
104154,1,14348,0,0,306.0,217.0
104154,1,14349,0,0,306.0,217.0
104154,1,14350,0,0,306.0,217.0
104154,1,14351,0,0,306.0,217.0
104154,1,14352,0,0,306.0,217.0
104154,1,14353,0,0,306.0,217.0
104154,1,14354,0,0,306.0,217.0
104154,1,14355,0,0,306.0,217.0
104154,1,14356,0,0,306.0,217.0
104154,1,14357,0,0,306.0,217.0
104154,1,14358,0,0,306.0,217.0
104154,1,14359,0,0,306.0,217.0
104154,1,14360,0,0,306.0,217.0
104154,1,14361,0,0,306.0,217.0
104154,1,14362,0,0,306.0,217.0
104154,1,14363,0,0,306.0,217.0
104154,1,14364,0,0,306.0,217.0
104154,1,14365,0,0,306.0,217.0
104154,1,14366,0,0,306.0,217.0
104154,1,14367,0,0,306.0,217.0
104154,1,14368,0,0,306.0,217.0
104154,1,14369,0,0,306.0,217.0
104154,1,14370,0,0,306.0,217.0
104154,1,14371,0,0,306.0,217.0
104154,1,14372,0,0,306.0,217.0
104154,1,14373,0,0,306.0,217.0
104154,1,14374,0,0,306.0,217.0
104154,1,14375,0,0,306.0,217.0
104154,1,14376,0,0,306.0,217.0
104154,1,14377,0,0,306.0,217.0
104154,1,14378,0,0,306.0,217.0
104154,1,14379,0,0,306.0,217.0
104154,1,14380,0,0,306.0,217.0
104154,1,14381,0,0,306.0,217.0
104154,1,14382,0,0,306.0,217.0
104154,1,14383,0,0,306.0,217.0
104154,1,14384,0,0,306.0,217.0
104154,1,14385,0,0,306.0,217.0
104154,1,14386,0,0,306.0,217.0
104154,1,14387,0,0,306.0,217.0
104154,1,14388,0,0,306.0,217.0
104154,1,14389,0,0,306.0,217.0
104154,1,14390,0,0,306.0,217.0
104154,1,14391,0,0,306.0,217.0
104154,1,14392,0,0,306.0,217.0
104154,1,14393,0,0,306.0,217.0
104154,1,14394,0,0,306.0,217.0
104154,1,14395,0,0,306.0,217.0
104154,1,14396,9.0,0,306.0,217.0
104154,1,14397,9.0,0,306.0,217.0
104154,1,14398,9.0,0,306.0,217.0
104154,1,14399,9.0,0,306.0,217.0
104154,1,14400,9.0,0,306.0,217.0
104154,1,14401,9.0,0,306.0,217.0
104154,1,14402,9.0,0,306.0,217.0
104154,1,14403,9.0,0,306.0,217.0
104154,1,14404,9.0,0,306.0,217.0
104154,1,14405,9.0,0,306.0,217.0
104154,1,14406,9.0,0,306.0,217.0
104154,1,14407,9.0,0,306.0,217.0
104154,1,14408,9.0,0,306.0,217.0
104154,1,14409,0,0,306.0,217.0
104154,1,14410,0,0,306.0,217.0
104154,1,14411,0,0,306.0,217.0
104154,1,14412,0,0,306.0,217.0
104154,1,14413,0,0,306.0,217.0
104154,1,14414,0,0,306.0,217.0
104154,1,14415,0,0,306.0,217.0
104154,1,14416,0,0,306.0,217.0
104154,1,14417,0,0,306.0,217.0
104154,1,14418,0,0,306.0,217.0
104154,1,14419,0,0,306.0,217.0
104154,1,14420,0,0,306.0,217.0
104154,1,14421,0,0,306.0,217.0
104154,1,14422,0,0,306.0,217.0
104154,1,14423,0,0,306.0,217.0
104154,1,14424,0,0,306.0,217.0
104154,1,14425,0,0,306.0,217.0
104154,1,14426,0,0,306.0,217.0
104154,1,14427,0,0,306.0,217.0
104154,1,14428,0,0,306.0,217.0
104154,1,14429,0,0,306.0,217.0
104154,1,14430,0,0,306.0,217.0
104154,1,14431,0,0,306.0,217.0
104154,1,14432,0,0,306.0,217.0
104154,1,14433,0,0,306.0,217.0
104154,1,14434,0,0,306.0,217.0
104154,1,14435,0,0,306.0,217.0
104154,1,14436,0,0,306.0,217.0
104154,1,14437,0,0,306.0,217.0
104154,1,14438,0,0,306.0,217.0
104154,1,14439,0,0,306.0,217.0
104154,1,14440,0,0,306.0,217.0
104154,1,14441,0,0,306.0,217.0
104154,1,14442,0,0,306.0,217.0
104154,1,14443,0,0,306.0,217.0
104154,1,14444,0,0,306.0,217.0
104154,1,14445,0,0,306.0,217.0
104154,1,14446,0,0,306.0,217.0
104154,1,14447,0,0,306.0,217.0
104154,1,14448,0,0,306.0,217.0
104154,1,14449,0,0,306.0,217.0
104154,1,14450,0,0,306.0,217.0
104154,1,14451,0,0,306.0,217.0
104154,1,14452,0,0,306.0,217.0
104154,1,14453,0,0,306.0,217.0
104154,1,14454,0,0,306.0,217.0
104154,1,14455,0,0,306.0,217.0
104154,1,14456,0,0,306.0,217.0
104154,1,14457,0,0,306.0,217.0
104154,1,14458,0,0,306.0,217.0
104154,1,14459,0,0,306.0,217.0
104154,1,14460,0,0,306.0,217.0
104154,1,14461,0,0,306.0,217.0
104154,1,14462,0,0,306.0,217.0
104154,1,14463,0,0,306.0,217.0
104154,1,14464,0,0,306.0,217.0
104154,1,14465,0,0,306.0,217.0
104154,1,14466,0,0,306.0,217.0
104154,1,14467,0,0,306.0,217.0
104154,1,14468,0,0,306.0,217.0
104154,1,14469,0,0,306.0,217.0
104154,1,14470,0,0,306.0,217.0
104154,1,14471,0,0,306.0,217.0
104154,1,14472,0,0,306.0,217.0
104154,1,14473,0,0,306.0,217.0
104154,1,14474,0,0,306.0,217.0
104154,1,14475,0,0,306.0,217.0
104154,1,14476,0,0,306.0,217.0
104154,1,14477,0,0,306.0,217.0
104154,1,14478,0,0,306.0,217.0
104154,1,14479,0,0,306.0,217.0
104154,1,14480,0,21.0,306.0,217.0
104154,1,14481,0,21.0,306.0,217.0
104154,1,14482,0,21.0,306.0,217.0
104154,1,14483,0,21.0,306.0,217.0
104154,1,14484,0,21.0,306.0,217.0
104154,1,14485,0,21.0,306.0,217.0
104154,1,14486,0,21.0,306.0,217.0
104154,1,14487,0,21.0,306.0,217.0
104154,1,14488,0,21.0,306.0,217.0
104154,1,14489,0,21.0,306.0,217.0
104154,1,14490,0,21.0,306.0,217.0
104154,1,14491,0,21.0,306.0,217.0
104154,1,14492,0,21.0,306.0,217.0
104154,1,14493,0,21.0,306.0,217.0
104154,1,14494,0,21.0,306.0,217.0
104154,1,14495,0,21.0,306.0,217.0
104154,1,14496,0,21.0,306.0,217.0
104154,1,14497,0,21.0,306.0,217.0
104154,1,14498,0,21.0,306.0,217.0
104154,1,14499,0,21.0,306.0,217.0
104154,1,14500,0,21.0,306.0,217.0
104154,1,14501,0,21.0,306.0,217.0
104154,1,14502,0,21.0,306.0,217.0
104154,1,14503,0,21.0,306.0,217.0
104154,1,14504,0,21.0,306.0,217.0
104154,1,14505,0,21.0,306.0,217.0
104154,1,14506,0,21.0,306.0,217.0
104154,1,14507,0,21.0,306.0,217.0
104154,1,14508,0,21.0,306.0,217.0
104154,1,14509,0,21.0,306.0,217.0
104154,1,14510,0,21.0,306.0,217.0
104154,1,14511,0,21.0,306.0,217.0
104154,1,14512,0,5.0,306.0,217.0
104154,1,14513,0,5.0,306.0,217.0
104154,1,14514,0,5.0,306.0,217.0
104154,1,14515,0,5.0,306.0,217.0
104154,1,14516,0,5.0,306.0,217.0
104154,1,14517,0,5.0,306.0,217.0
104154,1,14518,0,5.0,306.0,217.0
104154,1,14519,0,5.0,306.0,217.0
104154,1,14520,0,5.0,306.0,217.0
104154,1,14521,0,5.0,306.0,217.0
104154,1,14522,0,5.0,306.0,217.0
104154,1,14523,0,5.0,306.0,217.0
104154,1,14524,0,5.0,306.0,217.0
104154,1,14525,0,5.0,306.0,217.0
104154,1,14526,0,5.0,306.0,217.0
104154,1,14527,0,5.0,306.0,217.0
104154,1,14528,0,0,306.0,217.0
104154,1,14529,0,0,306.0,217.0
104154,1,14530,0,0,306.0,217.0
104154,1,14531,0,0,306.0,217.0
104154,1,14532,0,0,306.0,217.0
104154,1,14533,0,0,306.0,217.0
104154,1,14534,0,0,306.0,217.0
104154,1,14535,0,0,306.0,217.0
104154,1,14536,0,0,306.0,217.0
104154,1,14537,0,0,306.0,217.0
104154,1,14538,0,0,306.0,217.0
104154,1,14539,0,0,306.0,217.0
104154,1,14540,0,0,306.0,217.0
104154,1,14541,0,0,306.0,217.0
104154,1,14542,0,0,306.0,217.0
104154,1,14543,0,0,306.0,217.0
104154,1,14544,0,0,306.0,217.0
104154,1,14545,0,0,306.0,217.0
104154,1,14546,0,0,306.0,217.0
104154,1,14547,0,0,306.0,217.0
104154,1,14548,0,0,306.0,217.0
104154,1,14549,0,0,306.0,217.0
104154,1,14550,0,0,306.0,217.0
104154,1,14551,0,0,306.0,217.0
104154,1,14552,0,0,306.0,217.0
104154,1,14553,0,0,306.0,217.0
104154,1,14554,0,0,306.0,217.0
104154,1,14555,0,0,306.0,217.0
104154,1,14556,0,0,306.0,217.0
104154,1,14557,0,0,306.0,217.0
104154,1,14558,0,0,306.0,217.0
104154,1,14559,0,0,306.0,217.0
104154,1,14560,0,0,306.0,217.0
104154,1,14561,0,0,306.0,217.0
104154,1,14562,0,0,306.0,217.0
104154,1,14563,0,0,306.0,217.0
104154,1,14564,0,0,306.0,217.0
104154,1,14565,0,0,306.0,217.0
104154,1,14566,0,0,306.0,217.0
104154,1,14567,0,0,306.0,217.0
104154,1,14568,0,0,306.0,217.0
104154,1,14569,0,0,306.0,217.0
104154,1,14570,0,0,306.0,217.0
104154,1,14571,0,0,306.0,217.0
104154,1,14572,0,0,306.0,217.0
104154,1,14573,0,0,306.0,217.0
104154,1,14574,0,0,306.0,217.0
104154,1,14575,0,0,306.0,217.0
104154,1,14576,0,0,306.0,217.0
104154,1,14577,0,0,306.0,217.0
104154,1,14578,0,0,306.0,217.0
104154,1,14579,0,0,306.0,217.0
104154,1,14580,0,0,306.0,217.0
104154,1,14581,0,0,306.0,217.0
104154,1,14582,0,0,306.0,217.0
104154,1,14583,0,0,306.0,217.0
104154,1,14584,0,0,306.0,217.0
104154,1,14585,0,0,306.0,217.0
104154,1,14586,0,0,306.0,217.0
104154,1,14587,0,0,306.0,217.0
104154,1,14588,0,0,306.0,217.0
104154,1,14589,0,0,306.0,217.0
104154,1,14590,0,0,306.0,217.0
104154,1,14591,0,0,306.0,217.0
104154,1,14592,0,0,306.0,217.0
104154,1,14593,0,0,306.0,217.0
104154,1,14594,0,0,306.0,217.0
104154,1,14595,0,0,325.0,234.0
104154,1,14596,0,0,325.0,234.0
104154,1,14597,0,0,325.0,234.0
104154,1,14598,0,0,325.0,234.0
104154,1,14599,0,0,325.0,234.0
104154,1,14600,0,0,325.0,234.0
104154,1,14601,0,0,325.0,234.0
104154,1,14602,0,0,325.0,234.0
104154,1,14603,0,0,325.0,234.0
104154,1,14604,0,0,325.0,234.0
104154,1,14605,0,0,325.0,234.0
104154,1,14606,0,0,325.0,234.0
104154,1,14607,0,0,325.0,234.0
104154,1,14608,0,0,325.0,234.0
104154,1,14609,0,0,325.0,234.0
104154,1,14610,0,0,325.0,234.0
104154,1,14611,0,0,325.0,234.0
104154,1,14612,0,0,325.0,234.0
104154,1,14613,0,0,325.0,234.0
104154,1,14614,0,0,325.0,234.0
104154,1,14615,0,0,325.0,234.0
104154,1,14616,0,0,325.0,234.0
104154,1,14617,0,0,325.0,234.0
104154,1,14618,0,0,325.0,234.0
104154,1,14619,0,0,325.0,234.0
104154,1,14620,0,0,325.0,234.0
104154,1,14621,0,0,325.0,234.0
104154,1,14622,0,0,325.0,234.0
104154,1,14623,0,0,325.0,234.0
104154,1,14624,0,0,325.0,234.0
104154,1,14625,0,0,325.0,234.0
104154,1,14626,0,0,325.0,234.0
104154,1,14627,0,0,325.0,234.0
104154,1,14628,0,0,336.0,245.0
104154,1,14629,0,0,336.0,245.0
104154,1,14630,0,0,336.0,245.0
104154,1,14631,0,0,336.0,245.0
104154,1,14632,0,0,336.0,245.0
104154,1,14633,0,0,336.0,245.0
104154,1,14634,0,0,336.0,245.0
104154,1,14635,0,0,336.0,245.0
104154,1,14636,0,0,336.0,245.0
104154,1,14637,0,0,336.0,245.0
104154,1,14638,0,0,336.0,245.0
104154,1,14639,0,0,336.0,245.0
104154,1,14640,0,0,336.0,245.0
104154,1,14641,0,0,336.0,245.0
104154,1,14642,0,0,336.0,245.0
104154,1,14643,0,0,336.0,245.0
104154,1,14644,0,0,336.0,245.0
104154,1,14645,0,0,336.0,245.0
104154,1,14646,0,0,336.0,245.0
104154,1,14647,0,0,336.0,245.0
104154,1,14648,0,0,336.0,245.0
104154,1,14649,0,0,336.0,245.0
104154,1,14650,0,0,336.0,245.0
104154,1,14651,0,0,336.0,245.0
104154,1,14652,0,0,358.0,230.0
104154,1,14653,0,0,358.0,230.0
104154,1,14654,0,0,358.0,230.0
104154,1,14655,0,0,358.0,230.0
104154,1,14656,0,0,358.0,230.0
104154,1,14657,0,0,358.0,230.0
104154,1,14658,0,0,358.0,230.0
104154,1,14659,0,0,358.0,230.0
104154,1,14660,0,0,358.0,230.0
104154,1,14661,0,0,358.0,230.0
104154,1,14662,0,0,358.0,230.0
104154,1,14663,0,0,358.0,230.0
104154,1,14664,0,0,358.0,230.0
104154,1,14665,0,0,358.0,230.0
104154,1,14666,0,0,358.0,230.0
104154,1,14667,0,0,358.0,230.0
104154,1,14668,0,0,358.0,230.0
104154,1,14669,0,0,358.0,230.0
104154,1,14670,0,0,358.0,230.0
104154,1,14671,0,0,358.0,230.0
104154,1,14672,0,0,358.0,230.0
104154,1,14673,0,0,358.0,230.0
104154,1,14674,0,0,358.0,230.0
104154,1,14675,0,0,358.0,230.0
104154,1,14676,0,0,358.0,230.0
104154,1,14677,0,0,358.0,230.0
104154,1,14678,0,0,358.0,230.0
104154,1,14679,0,0,358.0,230.0
104154,1,14680,0,0,358.0,230.0
104154,1,14681,0,0,358.0,230.0
104154,1,14682,0,0,358.0,230.0
104154,1,14683,0,0,358.0,230.0
104154,1,14684,0,0,358.0,230.0
104154,1,14685,0,0,358.0,230.0
104154,1,14686,0,0,358.0,230.0
104154,1,14687,0,0,358.0,230.0
104154,1,14688,0,0,358.0,230.0
104154,1,14689,0,0,358.0,230.0
104154,1,14690,0,0,358.0,230.0
104154,1,14691,0,0,358.0,230.0
104154,1,14692,0,0,358.0,230.0
104154,1,14693,0,0,351.0,237.0
104154,1,14694,0,0,351.0,237.0
104154,1,14695,0,0,351.0,237.0
104154,1,14696,0,0,351.0,237.0
104154,1,14697,0,0,351.0,237.0
104154,1,14698,0,0,351.0,237.0
104154,1,14699,0,0,351.0,237.0
104154,1,14700,0,0,351.0,237.0
104154,1,14701,0,0,351.0,237.0
104154,1,14702,0,0,351.0,237.0
104154,1,14703,0,0,351.0,237.0
104154,1,14704,0,0,351.0,237.0
104154,1,14705,0,0,351.0,237.0
104154,1,14706,0,0,351.0,237.0
104154,1,14707,30.0,0,351.0,237.0
104154,1,14708,30.0,0,351.0,237.0
104154,1,14709,30.0,0,351.0,237.0
104154,1,14710,30.0,0,351.0,237.0
104154,1,14711,30.0,0,351.0,237.0
104154,1,14712,30.0,0,351.0,237.0
104154,1,14713,30.0,0,351.0,237.0
104154,1,14714,30.0,0,351.0,237.0
104154,1,14715,39.0,0,357.0,246.0
104154,1,14716,39.0,0,357.0,246.0
104154,1,14717,39.0,0,357.0,246.0
104154,1,14718,39.0,0,357.0,246.0
104154,1,14719,39.0,0,357.0,246.0
104154,1,14720,39.0,0,357.0,246.0
104154,1,14721,39.0,0,357.0,246.0
104154,1,14722,39.0,0,357.0,246.0
104154,1,14723,39.0,0,357.0,246.0
104154,1,14724,39.0,0,357.0,246.0
104154,1,14725,39.0,0,357.0,246.0
104154,1,14726,39.0,0,357.0,246.0
104154,1,14727,55.0,0,357.0,246.0
104154,1,14728,55.0,0,357.0,246.0
104154,1,14729,55.0,0,357.0,246.0
104154,1,14730,55.0,0,357.0,246.0
104154,1,14731,55.0,0,357.0,246.0
104154,1,14732,55.0,0,357.0,246.0
104154,1,14733,55.0,0,357.0,246.0
104154,1,14734,55.0,0,357.0,246.0
104154,1,14735,55.0,0,357.0,246.0
104154,1,14736,55.0,0,357.0,246.0
104154,1,14737,55.0,0,357.0,246.0
104154,1,14738,55.0,0,357.0,246.0
104154,1,14739,56.0,0,358.0,246.0
104154,1,14740,56.0,0,358.0,246.0
104154,1,14741,56.0,0,358.0,246.0
104154,1,14742,56.0,0,358.0,246.0
104154,1,14743,56.0,0,358.0,246.0
104154,1,14744,56.0,0,358.0,246.0
104154,1,14745,56.0,0,358.0,246.0
104154,1,14746,56.0,0,358.0,246.0
104154,1,14747,56.0,0,358.0,246.0
104154,1,14748,56.0,0,358.0,246.0
104154,1,14749,56.0,0,358.0,246.0
104154,1,14750,56.0,0,358.0,246.0
104154,1,14751,56.0,0,358.0,246.0
104154,1,14752,56.0,0,358.0,246.0
104154,1,14753,56.0,0,358.0,246.0
104154,1,14754,56.0,0,358.0,246.0
104154,1,14755,56.0,0,358.0,246.0
104154,1,14756,56.0,0,358.0,246.0
104154,1,14757,56.0,0,358.0,246.0
104154,1,14758,56.0,0,358.0,246.0
104154,1,14759,56.0,0,358.0,246.0
104154,1,14760,56.0,0,358.0,246.0
104154,1,14761,56.0,0,358.0,246.0
104154,1,14762,56.0,0,358.0,246.0
104154,1,14763,56.0,0,358.0,246.0
104154,1,14764,56.0,0,358.0,246.0
104154,1,14765,56.0,0,358.0,246.0
104154,1,14766,56.0,0,358.0,246.0
104154,1,14767,56.0,0,358.0,246.0
104154,1,14768,56.0,0,358.0,246.0
104154,1,14769,56.0,0,358.0,246.0
104154,1,14770,56.0,0,358.0,246.0
104154,1,14771,63.0,0,358.0,246.0
104154,1,14772,63.0,0,358.0,246.0
104154,1,14773,63.0,0,358.0,246.0
104154,1,14774,63.0,0,358.0,246.0
104154,1,14775,63.0,0,358.0,246.0
104154,1,14776,63.0,0,358.0,246.0
104154,1,14777,63.0,0,358.0,246.0
104154,1,14778,63.0,0,358.0,246.0
104154,1,14779,63.0,0,358.0,246.0
104154,1,14780,63.0,0,358.0,246.0
104154,1,14781,63.0,0,358.0,246.0
104154,1,14782,63.0,0,358.0,246.0
104154,1,14783,63.0,0,358.0,246.0
104154,1,14784,63.0,0,358.0,246.0
104154,1,14785,63.0,0,358.0,246.0
104154,1,14786,63.0,0,358.0,246.0
104154,1,14787,63.0,0,358.0,246.0
104154,1,14788,63.0,0,358.0,246.0
104154,1,14789,63.0,0,358.0,246.0
104154,1,14790,63.0,0,358.0,246.0
104154,1,14791,63.0,0,358.0,246.0
104154,1,14792,63.0,0,358.0,246.0
104154,1,14793,63.0,0,358.0,246.0
104154,1,14794,63.0,0,358.0,246.0
104154,1,14795,63.0,0,358.0,246.0
104154,1,14796,63.0,0,358.0,246.0
104154,1,14797,63.0,0,358.0,246.0
104154,1,14798,46.0,9.0,358.0,246.0
104154,1,14799,46.0,9.0,358.0,246.0
104154,1,14800,46.0,9.0,358.0,246.0
104154,1,14801,46.0,9.0,358.0,246.0
104154,1,14802,46.0,9.0,358.0,246.0
104154,1,14803,46.0,9.0,358.0,246.0
104154,1,14804,46.0,9.0,358.0,246.0
104154,1,14805,46.0,9.0,358.0,246.0
104154,1,14806,46.0,9.0,358.0,246.0
104154,1,14807,46.0,26.0,358.0,246.0
104154,1,14808,46.0,26.0,358.0,246.0
104154,1,14809,46.0,26.0,358.0,246.0
104154,1,14810,46.0,26.0,358.0,246.0
104154,1,14811,46.0,26.0,358.0,246.0
104154,1,14812,46.0,26.0,358.0,246.0
104154,1,14813,46.0,26.0,358.0,246.0
104154,1,14814,46.0,26.0,358.0,246.0
104154,1,14815,46.0,26.0,358.0,246.0
104154,1,14816,46.0,26.0,358.0,246.0
104154,1,14817,46.0,26.0,358.0,246.0
104154,1,14818,46.0,26.0,358.0,246.0
104154,1,14819,46.0,26.0,358.0,246.0
104154,1,14820,46.0,27.0,358.0,246.0
104154,1,14821,46.0,27.0,358.0,246.0
104154,1,14822,46.0,27.0,358.0,246.0
104154,1,14823,46.0,27.0,358.0,246.0
104154,1,14824,46.0,27.0,358.0,246.0
104154,1,14825,46.0,27.0,358.0,246.0
104154,1,14826,46.0,27.0,358.0,246.0
104154,1,14827,46.0,27.0,358.0,246.0
104154,1,14828,46.0,27.0,358.0,246.0
104154,1,14829,46.0,27.0,358.0,246.0
104154,1,14830,46.0,27.0,358.0,246.0
104154,1,14831,46.0,27.0,358.0,246.0
104154,1,14832,46.0,27.0,358.0,246.0
104154,1,14833,46.0,27.0,358.0,246.0
104154,1,14834,46.0,27.0,358.0,246.0
104154,1,14835,46.0,27.0,358.0,246.0
104154,1,14836,46.0,27.0,358.0,246.0
104154,1,14837,46.0,27.0,358.0,246.0
104154,1,14838,46.0,27.0,358.0,246.0
104154,1,14839,46.0,27.0,358.0,246.0
104154,1,14840,46.0,27.0,358.0,246.0
104154,1,14841,46.0,27.0,358.0,246.0
104154,1,14842,46.0,27.0,358.0,246.0
104154,1,14843,71.0,16.0,358.0,246.0
104154,1,14844,71.0,16.0,358.0,246.0
104154,1,14845,71.0,16.0,358.0,246.0
104154,1,14846,71.0,16.0,358.0,246.0
104154,1,14847,71.0,16.0,358.0,246.0
104154,1,14848,71.0,16.0,358.0,246.0
104154,1,14849,71.0,16.0,358.0,246.0
104154,1,14850,71.0,16.0,358.0,246.0
104154,1,14851,71.0,16.0,358.0,246.0
104154,1,14852,71.0,16.0,358.0,246.0
104154,1,14853,71.0,16.0,358.0,246.0
104154,1,14854,71.0,16.0,358.0,246.0
104154,1,14855,93.0,16.0,358.0,246.0
104154,1,14856,93.0,16.0,358.0,246.0
104154,1,14857,93.0,16.0,358.0,246.0
104154,1,14858,93.0,16.0,358.0,246.0
104154,1,14859,93.0,16.0,358.0,246.0
104154,1,14860,93.0,16.0,358.0,246.0
104154,1,14861,93.0,16.0,358.0,246.0
104154,1,14862,93.0,16.0,358.0,246.0
104154,1,14863,93.0,16.0,358.0,246.0
104154,1,14864,93.0,8.0,346.0,246.0
104154,1,14865,93.0,8.0,346.0,246.0
104154,1,14866,93.0,8.0,346.0,246.0
104154,1,14867,93.0,8.0,346.0,246.0
104154,1,14868,93.0,8.0,346.0,246.0
104154,1,14869,93.0,8.0,346.0,246.0
104154,1,14870,93.0,8.0,346.0,246.0
104154,1,14871,93.0,8.0,346.0,246.0
104154,1,14872,93.0,8.0,346.0,246.0
104154,1,14873,93.0,8.0,346.0,246.0
104154,1,14874,93.0,8.0,346.0,246.0
104154,1,14875,93.0,8.0,346.0,246.0
104154,1,14876,93.0,8.0,346.0,246.0
104154,1,14877,93.0,8.0,346.0,246.0
104154,1,14878,93.0,8.0,346.0,246.0
104154,1,14879,93.0,8.0,346.0,246.0
104154,1,14880,93.0,8.0,346.0,246.0
104154,1,14881,93.0,8.0,346.0,246.0
104154,1,14882,93.0,8.0,346.0,246.0
104154,1,14883,69.0,8.0,365.0,246.0
104154,1,14884,69.0,8.0,365.0,246.0
104154,1,14885,69.0,8.0,365.0,246.0
104154,1,14886,69.0,8.0,365.0,246.0
104154,1,14887,69.0,8.0,365.0,246.0
104154,1,14888,69.0,8.0,365.0,246.0
104154,1,14889,69.0,8.0,365.0,246.0
104154,1,14890,69.0,8.0,365.0,246.0
104154,1,14891,69.0,8.0,365.0,246.0
104154,1,14892,69.0,8.0,365.0,246.0
104154,1,14893,69.0,8.0,365.0,246.0
104154,1,14894,69.0,8.0,365.0,246.0
104154,1,14895,69.0,8.0,365.0,246.0
104154,1,14896,69.0,8.0,365.0,246.0
104154,1,14897,69.0,8.0,365.0,246.0
104154,1,14898,69.0,8.0,365.0,246.0
104154,1,14899,69.0,8.0,365.0,246.0
104154,1,14900,69.0,8.0,365.0,246.0
104154,1,14901,69.0,8.0,365.0,246.0
104154,1,14902,69.0,8.0,365.0,246.0
104154,1,14903,69.0,8.0,365.0,246.0
104154,1,14904,69.0,8.0,365.0,246.0
104154,1,14905,69.0,8.0,365.0,246.0
104154,1,14906,69.0,8.0,365.0,246.0
104154,1,14907,69.0,8.0,365.0,246.0
104154,1,14908,69.0,8.0,365.0,246.0
104154,1,14909,69.0,8.0,365.0,246.0
104154,1,14910,69.0,8.0,365.0,246.0
104154,1,14911,69.0,8.0,365.0,246.0
104154,1,14912,69.0,8.0,365.0,246.0
104154,1,14913,69.0,8.0,365.0,246.0
104154,1,14914,69.0,8.0,365.0,246.0
104154,1,14915,69.0,8.0,365.0,246.0
104154,1,14916,69.0,8.0,365.0,246.0
104154,1,14917,69.0,8.0,365.0,246.0
104154,1,14918,69.0,8.0,365.0,246.0
104154,1,14919,69.0,8.0,365.0,246.0
104154,1,14920,69.0,8.0,365.0,246.0
104154,1,14921,69.0,8.0,365.0,246.0
104154,1,14922,69.0,8.0,365.0,246.0
104154,1,14923,69.0,8.0,365.0,246.0
104154,1,14924,69.0,8.0,365.0,246.0
104154,1,14925,69.0,8.0,365.0,246.0
104154,1,14926,69.0,8.0,365.0,246.0
104154,1,14927,69.0,8.0,365.0,246.0
104154,1,14928,69.0,8.0,365.0,246.0
104154,1,14929,69.0,8.0,365.0,246.0
104154,1,14930,69.0,8.0,365.0,246.0
104154,1,14931,69.0,8.0,365.0,246.0
104154,1,14932,69.0,8.0,365.0,246.0
104154,1,14933,69.0,8.0,365.0,246.0
104154,1,14934,69.0,8.0,365.0,246.0
104154,1,14935,69.0,8.0,365.0,246.0
104154,1,14936,69.0,8.0,365.0,246.0
104154,1,14937,69.0,35.0,365.0,246.0
104154,1,14938,69.0,35.0,365.0,246.0
104154,1,14939,69.0,35.0,365.0,246.0
104154,1,14940,69.0,35.0,365.0,246.0
104154,1,14941,69.0,35.0,365.0,246.0
104154,1,14942,69.0,35.0,365.0,246.0
104154,1,14943,69.0,35.0,365.0,246.0
104154,1,14944,69.0,35.0,365.0,246.0
104154,1,14945,69.0,35.0,365.0,246.0
104154,1,14946,69.0,35.0,365.0,246.0
104154,1,14947,69.0,35.0,365.0,246.0
104154,1,14948,69.0,35.0,365.0,246.0
104154,1,14949,69.0,35.0,365.0,246.0
104154,1,14950,69.0,35.0,365.0,246.0
104154,1,14951,69.0,35.0,365.0,246.0
104154,1,14952,69.0,45.0,353.0,246.0
104154,1,14953,69.0,45.0,353.0,246.0
104154,1,14954,69.0,45.0,353.0,246.0
104154,1,14955,69.0,45.0,353.0,246.0
104154,1,14956,69.0,45.0,353.0,246.0
104154,1,14957,69.0,45.0,353.0,246.0
104154,1,14958,69.0,45.0,353.0,246.0
104154,1,14959,69.0,45.0,353.0,246.0
104154,1,14960,69.0,45.0,353.0,246.0
104154,1,14961,69.0,45.0,353.0,246.0
104154,1,14962,69.0,45.0,353.0,246.0
104154,1,14963,69.0,45.0,353.0,246.0
104154,1,14964,69.0,45.0,353.0,246.0
104154,1,14965,69.0,45.0,353.0,246.0
104154,1,14966,52.0,60.0,354.0,246.0
104154,1,14967,52.0,60.0,354.0,246.0
104154,1,14968,52.0,60.0,354.0,246.0
104154,1,14969,52.0,60.0,354.0,246.0
104154,1,14970,52.0,60.0,354.0,246.0
104154,1,14971,52.0,60.0,354.0,246.0
104154,1,14972,52.0,60.0,354.0,246.0
104154,1,14973,52.0,60.0,354.0,246.0
104154,1,14974,52.0,60.0,354.0,246.0
104154,1,14975,52.0,60.0,354.0,246.0
104154,1,14976,52.0,60.0,354.0,246.0
104154,1,14977,52.0,60.0,355.0,233.0
104154,1,14978,52.0,60.0,355.0,233.0
104154,1,14979,52.0,60.0,355.0,233.0
104154,1,14980,52.0,60.0,355.0,233.0
104154,1,14981,52.0,60.0,355.0,233.0
104154,1,14982,52.0,60.0,355.0,233.0
104154,1,14983,52.0,60.0,355.0,233.0
104154,1,14984,52.0,60.0,355.0,233.0
104154,1,14985,52.0,60.0,355.0,233.0
104154,1,14986,52.0,60.0,355.0,233.0
104154,1,14987,52.0,60.0,355.0,233.0
104154,1,14988,52.0,60.0,355.0,233.0
104154,1,14989,52.0,60.0,355.0,233.0
104154,1,14990,52.0,60.0,355.0,233.0
104154,1,14991,52.0,60.0,355.0,233.0
104154,1,14992,52.0,60.0,355.0,233.0
104154,1,14993,52.0,76.0,355.0,233.0
104154,1,14994,52.0,76.0,355.0,233.0
104154,1,14995,52.0,76.0,355.0,233.0
104154,1,14996,52.0,76.0,355.0,233.0
104154,1,14997,52.0,76.0,355.0,233.0
104154,1,14998,52.0,76.0,355.0,233.0
104154,1,14999,52.0,76.0,355.0,233.0
104154,1,15000,52.0,76.0,355.0,233.0
104154,1,15001,52.0,76.0,355.0,233.0
104154,1,15002,52.0,76.0,355.0,233.0
104154,1,15003,52.0,76.0,355.0,233.0
104154,1,15004,52.0,76.0,355.0,233.0
104154,1,15005,52.0,76.0,355.0,233.0
104154,1,15006,52.0,76.0,355.0,233.0
104154,1,15007,52.0,76.0,355.0,233.0
104154,1,15008,52.0,76.0,355.0,233.0
104154,1,15009,52.0,76.0,355.0,233.0
104154,1,15010,52.0,76.0,355.0,233.0
104154,1,15011,52.0,76.0,355.0,233.0
104154,1,15012,52.0,76.0,355.0,233.0
104154,1,15013,52.0,76.0,355.0,233.0
104154,1,15014,52.0,76.0,355.0,233.0
104154,1,15015,52.0,76.0,355.0,233.0
104154,1,15016,52.0,76.0,355.0,233.0
104154,1,15017,52.0,76.0,355.0,233.0
104154,1,15018,52.0,76.0,355.0,233.0
104154,1,15019,52.0,76.0,355.0,233.0
104154,1,15020,52.0,76.0,355.0,233.0
104154,1,15021,52.0,76.0,355.0,233.0
104154,1,15022,52.0,76.0,355.0,233.0
104154,1,15023,52.0,76.0,355.0,233.0
104154,1,15024,52.0,76.0,355.0,233.0
104154,1,15025,52.0,76.0,355.0,233.0
104154,1,15026,52.0,76.0,355.0,233.0
104154,1,15027,52.0,76.0,355.0,233.0
104154,1,15028,52.0,76.0,355.0,233.0
104154,1,15029,52.0,76.0,355.0,233.0
104154,1,15030,52.0,76.0,355.0,233.0
104154,1,15031,52.0,67.0,355.0,233.0
104154,1,15032,52.0,67.0,355.0,233.0
104154,1,15033,52.0,67.0,355.0,233.0
104154,1,15034,52.0,67.0,355.0,233.0
104154,1,15035,52.0,67.0,355.0,233.0
104154,1,15036,52.0,67.0,355.0,233.0
104154,1,15037,52.0,67.0,355.0,233.0
104154,1,15038,52.0,67.0,355.0,233.0
104154,1,15039,52.0,67.0,355.0,233.0
104154,1,15040,52.0,67.0,355.0,233.0
104154,1,15041,52.0,67.0,355.0,233.0
104154,1,15042,52.0,67.0,355.0,233.0
104154,1,15043,52.0,67.0,355.0,233.0
104154,1,15044,52.0,67.0,355.0,233.0
104154,1,15045,52.0,67.0,355.0,233.0
104154,1,15046,52.0,67.0,355.0,233.0
104154,1,15047,52.0,67.0,355.0,233.0
104154,1,15048,52.0,67.0,355.0,233.0
104154,1,15049,52.0,67.0,355.0,233.0
104154,1,15050,52.0,67.0,355.0,233.0
104154,1,15051,52.0,67.0,355.0,233.0
104154,1,15052,52.0,67.0,355.0,233.0
104154,1,15053,52.0,67.0,355.0,233.0
104154,1,15054,52.0,67.0,355.0,233.0
104154,1,15055,52.0,67.0,355.0,233.0
104154,1,15056,52.0,67.0,355.0,233.0
104154,1,15057,52.0,67.0,355.0,233.0
104154,1,15058,52.0,67.0,355.0,233.0
104154,1,15059,52.0,67.0,355.0,233.0
104154,1,15060,52.0,67.0,355.0,233.0
104154,1,15061,52.0,67.0,355.0,233.0
104154,1,15062,52.0,67.0,355.0,233.0
104154,1,15063,52.0,67.0,355.0,233.0
104154,1,15064,52.0,67.0,355.0,233.0
104154,1,15065,52.0,67.0,355.0,233.0
104154,1,15066,52.0,67.0,355.0,233.0
104154,1,15067,52.0,67.0,355.0,233.0
104154,1,15068,52.0,67.0,355.0,233.0
104154,1,15069,52.0,67.0,355.0,233.0
104154,1,15070,52.0,67.0,355.0,233.0
104154,1,15071,52.0,67.0,355.0,233.0
104154,1,15072,52.0,67.0,355.0,233.0
104154,1,15073,52.0,67.0,355.0,233.0
104154,1,15074,52.0,67.0,355.0,233.0
104154,1,15075,52.0,67.0,355.0,233.0
104154,1,15076,52.0,67.0,355.0,233.0
104154,1,15077,52.0,67.0,355.0,233.0
104154,1,15078,52.0,67.0,355.0,233.0
104154,1,15079,52.0,67.0,355.0,233.0
104154,1,15080,52.0,67.0,355.0,233.0
104154,1,15081,73.0,67.0,338.0,233.0
104154,1,15082,73.0,67.0,338.0,233.0
104154,1,15083,73.0,67.0,338.0,233.0
104154,1,15084,73.0,67.0,338.0,233.0
104154,1,15085,73.0,67.0,338.0,233.0
104154,1,15086,73.0,67.0,338.0,233.0
104154,1,15087,73.0,67.0,338.0,233.0
104154,1,15088,73.0,67.0,338.0,233.0
104154,1,15089,73.0,67.0,338.0,233.0
104154,1,15090,73.0,67.0,338.0,233.0
104154,1,15091,73.0,67.0,338.0,233.0
104154,1,15092,73.0,67.0,338.0,233.0
104154,1,15093,73.0,67.0,338.0,233.0
104154,1,15094,73.0,67.0,338.0,233.0
104154,1,15095,96.0,67.0,335.0,233.0
104154,1,15096,96.0,67.0,335.0,233.0
104154,1,15097,96.0,67.0,335.0,233.0
104154,1,15098,96.0,67.0,335.0,233.0
104154,1,15099,96.0,67.0,335.0,233.0
104154,1,15100,96.0,67.0,335.0,233.0
104154,1,15101,96.0,67.0,335.0,233.0
104154,1,15102,96.0,67.0,335.0,233.0
104154,1,15103,96.0,67.0,335.0,233.0
104154,1,15104,96.0,67.0,335.0,233.0
104154,1,15105,118.0,67.0,325.0,233.0
104154,1,15106,118.0,67.0,325.0,233.0
104154,1,15107,118.0,67.0,325.0,233.0
104154,1,15108,118.0,67.0,325.0,233.0
104154,1,15109,118.0,67.0,325.0,233.0
104154,1,15110,118.0,67.0,325.0,233.0
104154,1,15111,118.0,67.0,325.0,233.0
104154,1,15112,118.0,67.0,325.0,233.0
104154,1,15113,118.0,67.0,325.0,233.0
104154,1,15114,118.0,67.0,325.0,233.0
104154,1,15115,133.0,67.0,316.0,233.0
104154,1,15116,133.0,67.0,316.0,233.0
104154,1,15117,133.0,67.0,316.0,233.0
104154,1,15118,133.0,67.0,316.0,233.0
104154,1,15119,133.0,67.0,316.0,233.0
104154,1,15120,133.0,67.0,316.0,233.0
104154,1,15121,133.0,67.0,316.0,233.0
104154,1,15122,133.0,67.0,316.0,233.0
104154,1,15123,133.0,67.0,316.0,233.0
104154,1,15124,133.0,67.0,316.0,233.0
104154,1,15125,133.0,67.0,316.0,233.0
104154,1,15126,133.0,67.0,316.0,233.0
104154,1,15127,133.0,67.0,316.0,233.0
104154,1,15128,133.0,67.0,316.0,233.0
104154,1,15129,133.0,67.0,316.0,233.0
104154,1,15130,133.0,67.0,316.0,233.0
104154,1,15131,133.0,67.0,316.0,233.0
104154,1,15132,133.0,54.0,316.0,234.0
104154,1,15133,133.0,54.0,316.0,234.0
104154,1,15134,133.0,54.0,316.0,234.0
104154,1,15135,133.0,54.0,316.0,234.0
104154,1,15136,133.0,54.0,316.0,234.0
104154,1,15137,133.0,54.0,316.0,234.0
104154,1,15138,133.0,54.0,316.0,234.0
104154,1,15139,133.0,54.0,316.0,234.0
104154,1,15140,133.0,54.0,316.0,234.0
104154,1,15141,133.0,54.0,316.0,234.0
104154,1,15142,133.0,54.0,316.0,234.0
104154,1,15143,133.0,54.0,316.0,234.0
104154,1,15144,133.0,54.0,316.0,234.0
104154,1,15145,133.0,54.0,316.0,234.0
104154,1,15146,133.0,54.0,316.0,234.0
104154,1,15147,133.0,54.0,316.0,234.0
104154,1,15148,133.0,54.0,316.0,234.0
104154,1,15149,133.0,54.0,316.0,234.0
104154,1,15150,133.0,54.0,316.0,234.0
104154,1,15151,133.0,54.0,316.0,234.0
104154,1,15152,133.0,54.0,316.0,234.0
104154,1,15153,133.0,54.0,316.0,234.0
104154,1,15154,133.0,54.0,316.0,234.0
104154,1,15155,133.0,54.0,316.0,234.0
104154,1,15156,133.0,54.0,316.0,234.0
104154,1,15157,133.0,54.0,316.0,234.0
104154,1,15158,133.0,54.0,316.0,234.0
104154,1,15159,133.0,54.0,316.0,234.0
104154,1,15160,133.0,54.0,316.0,234.0
104154,1,15161,133.0,54.0,316.0,234.0
104154,1,15162,133.0,54.0,316.0,234.0
104154,1,15163,133.0,54.0,316.0,234.0
104154,1,15164,133.0,49.0,330.0,235.0
104154,1,15165,133.0,49.0,330.0,235.0
104154,1,15166,133.0,49.0,330.0,235.0
104154,1,15167,133.0,49.0,330.0,235.0
104154,1,15168,133.0,49.0,330.0,235.0
104154,1,15169,133.0,49.0,330.0,235.0
104154,1,15170,133.0,49.0,330.0,235.0
104154,1,15171,133.0,49.0,330.0,235.0
104154,1,15172,133.0,49.0,330.0,235.0
104154,1,15173,133.0,49.0,330.0,235.0
104154,1,15174,133.0,49.0,330.0,235.0
104154,1,15175,133.0,49.0,330.0,235.0
104154,1,15176,133.0,49.0,330.0,235.0
104154,1,15177,133.0,49.0,330.0,235.0
104154,1,15178,133.0,49.0,330.0,235.0
104154,1,15179,133.0,49.0,330.0,235.0
104154,1,15180,133.0,49.0,330.0,235.0
104154,1,15181,133.0,49.0,330.0,235.0
104154,1,15182,133.0,49.0,330.0,235.0
104154,1,15183,115.0,49.0,329.0,235.0
104154,1,15184,115.0,49.0,329.0,235.0
104154,1,15185,115.0,49.0,329.0,235.0
104154,1,15186,115.0,49.0,329.0,235.0
104154,1,15187,115.0,49.0,329.0,235.0
104154,1,15188,115.0,49.0,329.0,235.0
104154,1,15189,115.0,49.0,329.0,235.0
104154,1,15190,115.0,49.0,329.0,235.0
104154,1,15191,115.0,49.0,329.0,235.0
104154,1,15192,115.0,49.0,329.0,235.0
104154,1,15193,115.0,49.0,329.0,235.0
104154,1,15194,115.0,49.0,329.0,235.0
104154,1,15195,115.0,49.0,329.0,235.0
104154,1,15196,115.0,49.0,329.0,235.0
104154,1,15197,115.0,49.0,329.0,235.0
104154,1,15198,115.0,49.0,329.0,235.0
104154,1,15199,115.0,49.0,329.0,235.0
104154,1,15200,115.0,49.0,329.0,235.0
104154,1,15201,115.0,49.0,329.0,235.0
104154,1,15202,115.0,49.0,329.0,235.0
104154,1,15203,115.0,49.0,329.0,235.0
104154,1,15204,115.0,49.0,329.0,235.0
104154,1,15205,115.0,49.0,329.0,235.0
104154,1,15206,115.0,49.0,329.0,235.0
104154,1,15207,115.0,49.0,329.0,235.0
104154,1,15208,115.0,49.0,329.0,235.0
104154,1,15209,115.0,49.0,329.0,235.0
104154,1,15210,115.0,49.0,329.0,235.0
104154,1,15211,115.0,49.0,329.0,235.0
104154,1,15212,115.0,49.0,329.0,235.0
104154,1,15213,115.0,49.0,329.0,235.0
104154,1,15214,115.0,49.0,329.0,235.0
104154,1,15215,115.0,49.0,329.0,235.0
104154,1,15216,115.0,49.0,329.0,235.0
104154,1,15217,115.0,49.0,329.0,235.0
104154,1,15218,108.0,49.0,341.0,235.0
104154,1,15219,108.0,49.0,341.0,235.0
104154,1,15220,108.0,49.0,341.0,235.0
104154,1,15221,108.0,49.0,341.0,235.0
104154,1,15222,108.0,49.0,341.0,235.0
104154,1,15223,108.0,49.0,341.0,235.0
104154,1,15224,108.0,49.0,341.0,235.0
104154,1,15225,108.0,49.0,341.0,235.0
104154,1,15226,108.0,49.0,341.0,235.0
104154,1,15227,108.0,49.0,341.0,235.0
104154,1,15228,108.0,49.0,341.0,235.0
104154,1,15229,108.0,49.0,341.0,235.0
104154,1,15230,108.0,49.0,341.0,235.0
104154,1,15231,108.0,49.0,341.0,235.0
104154,1,15232,108.0,49.0,341.0,235.0
104154,1,15233,108.0,49.0,341.0,235.0
104154,1,15234,108.0,49.0,341.0,235.0
104154,1,15235,108.0,49.0,341.0,235.0
104154,1,15236,71.0,49.0,341.0,235.0
104154,1,15237,71.0,49.0,341.0,235.0
104154,1,15238,71.0,49.0,341.0,235.0
104154,1,15239,71.0,49.0,341.0,235.0
104154,1,15240,71.0,49.0,341.0,235.0
104154,1,15241,71.0,49.0,341.0,235.0
104154,1,15242,71.0,49.0,341.0,235.0
104154,1,15243,71.0,49.0,341.0,235.0
104154,1,15244,71.0,49.0,341.0,235.0
104154,1,15245,71.0,49.0,361.0,235.0
104154,1,15246,71.0,49.0,361.0,235.0
104154,1,15247,71.0,49.0,361.0,235.0
104154,1,15248,71.0,49.0,361.0,235.0
104154,1,15249,71.0,49.0,361.0,235.0
104154,1,15250,71.0,49.0,361.0,235.0
104154,1,15251,71.0,49.0,361.0,235.0
104154,1,15252,71.0,49.0,361.0,235.0
104154,1,15253,71.0,49.0,361.0,235.0
104154,1,15254,71.0,49.0,361.0,235.0
104154,1,15255,71.0,49.0,361.0,235.0
104154,1,15256,71.0,49.0,361.0,235.0
104154,1,15257,71.0,49.0,361.0,235.0
104154,1,15258,71.0,49.0,361.0,235.0
104154,1,15259,71.0,49.0,361.0,235.0
104154,1,15260,71.0,49.0,361.0,235.0
104154,1,15261,71.0,49.0,361.0,235.0
104154,1,15262,71.0,49.0,361.0,235.0
104154,1,15263,71.0,49.0,361.0,235.0
104154,1,15264,71.0,49.0,361.0,235.0
104154,1,15265,71.0,49.0,361.0,235.0
104154,1,15266,71.0,49.0,361.0,235.0
104154,1,15267,71.0,49.0,361.0,235.0
104154,1,15268,71.0,49.0,361.0,235.0
104154,1,15269,71.0,49.0,361.0,235.0
104154,1,15270,71.0,49.0,361.0,235.0
104154,1,15271,71.0,49.0,361.0,235.0
104154,1,15272,71.0,49.0,361.0,235.0
104154,1,15273,71.0,49.0,361.0,235.0
104154,1,15274,71.0,49.0,361.0,235.0
104154,1,15275,71.0,49.0,361.0,235.0
104154,1,15276,71.0,49.0,361.0,235.0
104154,1,15277,71.0,49.0,361.0,235.0
104154,1,15278,71.0,49.0,361.0,235.0
104154,1,15279,94.0,49.0,345.0,235.0
104154,1,15280,94.0,49.0,345.0,235.0
104154,1,15281,94.0,49.0,345.0,235.0
104154,1,15282,94.0,49.0,345.0,235.0
104154,1,15283,94.0,49.0,345.0,235.0
104154,1,15284,94.0,49.0,345.0,235.0
104154,1,15285,94.0,49.0,345.0,235.0
104154,1,15286,94.0,49.0,345.0,235.0
104154,1,15287,94.0,49.0,345.0,235.0
104154,1,15288,94.0,49.0,345.0,235.0
104154,1,15289,94.0,49.0,345.0,235.0
104154,1,15290,94.0,49.0,345.0,235.0
104154,1,15291,94.0,49.0,345.0,235.0
104154,1,15292,94.0,49.0,345.0,235.0
104154,1,15293,94.0,49.0,345.0,235.0
104154,1,15294,94.0,49.0,345.0,235.0
104154,1,15295,94.0,49.0,345.0,235.0
104154,1,15296,94.0,49.0,345.0,235.0
104154,1,15297,94.0,49.0,345.0,235.0
104154,1,15298,94.0,49.0,345.0,235.0
104154,1,15299,94.0,49.0,345.0,235.0
104154,1,15300,94.0,49.0,345.0,235.0
104154,1,15301,94.0,49.0,345.0,235.0
104154,1,15302,94.0,49.0,345.0,235.0
104154,1,15303,94.0,49.0,345.0,235.0
104154,1,15304,94.0,49.0,345.0,235.0
104154,1,15305,94.0,49.0,345.0,235.0
104154,1,15306,94.0,49.0,345.0,235.0
104154,1,15307,94.0,49.0,345.0,235.0
104154,1,15308,94.0,49.0,345.0,235.0
104154,1,15309,94.0,49.0,345.0,235.0
104154,1,15310,94.0,49.0,345.0,235.0
104154,1,15311,94.0,49.0,345.0,235.0
104154,1,15312,94.0,49.0,361.0,235.0
104154,1,15313,94.0,49.0,361.0,235.0
104154,1,15314,94.0,49.0,361.0,235.0
104154,1,15315,94.0,49.0,361.0,235.0
104154,1,15316,94.0,49.0,361.0,235.0
104154,1,15317,94.0,49.0,361.0,235.0
104154,1,15318,94.0,49.0,361.0,235.0
104154,1,15319,94.0,49.0,361.0,235.0
104154,1,15320,94.0,49.0,361.0,235.0
104154,1,15321,94.0,49.0,361.0,235.0
104154,1,15322,94.0,49.0,361.0,235.0
104154,1,15323,94.0,49.0,361.0,235.0
104154,1,15324,94.0,49.0,361.0,235.0
104154,1,15325,94.0,49.0,361.0,235.0
104154,1,15326,94.0,49.0,361.0,235.0
104154,1,15327,94.0,49.0,361.0,235.0
104154,1,15328,94.0,49.0,361.0,235.0
104154,1,15329,94.0,49.0,361.0,235.0
104154,1,15330,94.0,49.0,361.0,235.0
104154,1,15331,94.0,49.0,361.0,235.0
104154,1,15332,94.0,49.0,361.0,235.0
104154,1,15333,94.0,49.0,361.0,235.0
104154,1,15334,94.0,49.0,361.0,235.0
104154,1,15335,94.0,49.0,361.0,235.0
104154,1,15336,120.0,49.0,361.0,235.0
104154,1,15337,120.0,49.0,361.0,235.0
104154,1,15338,120.0,49.0,361.0,235.0
104154,1,15339,120.0,49.0,361.0,235.0
104154,1,15340,120.0,49.0,361.0,235.0
104154,1,15341,120.0,49.0,361.0,235.0
104154,1,15342,120.0,49.0,361.0,235.0
104154,1,15343,120.0,49.0,361.0,235.0
104154,1,15344,120.0,49.0,361.0,235.0
104154,1,15345,120.0,49.0,361.0,235.0
104154,1,15346,120.0,49.0,361.0,235.0
104154,1,15347,120.0,49.0,361.0,235.0
104154,1,15348,120.0,49.0,361.0,235.0
104154,1,15349,128.0,49.0,361.0,235.0
104154,1,15350,128.0,49.0,361.0,235.0
104154,1,15351,128.0,49.0,361.0,235.0
104154,1,15352,128.0,49.0,361.0,235.0
104154,1,15353,128.0,49.0,361.0,235.0
104154,1,15354,128.0,49.0,361.0,235.0
104154,1,15355,128.0,49.0,361.0,235.0
104154,1,15356,128.0,49.0,361.0,235.0
104154,1,15357,128.0,49.0,361.0,235.0
104154,1,15358,128.0,49.0,361.0,235.0
104154,1,15359,128.0,49.0,361.0,235.0
104154,1,15360,128.0,49.0,361.0,235.0
104154,1,15361,128.0,49.0,361.0,235.0
104154,1,15362,128.0,49.0,361.0,235.0
104154,1,15363,128.0,49.0,361.0,235.0
104154,1,15364,128.0,49.0,361.0,235.0
104154,1,15365,128.0,49.0,361.0,235.0
104154,1,15366,128.0,49.0,361.0,235.0
104154,1,15367,107.0,49.0,360.0,235.0
104154,1,15368,107.0,49.0,360.0,235.0
104154,1,15369,107.0,49.0,360.0,235.0
104154,1,15370,107.0,49.0,360.0,235.0
104154,1,15371,107.0,49.0,360.0,235.0
104154,1,15372,107.0,49.0,360.0,235.0
104154,1,15373,107.0,49.0,360.0,235.0
104154,1,15374,107.0,49.0,360.0,235.0
104154,1,15375,107.0,49.0,360.0,235.0
104154,1,15376,107.0,49.0,360.0,235.0
104154,1,15377,107.0,49.0,360.0,235.0
104154,1,15378,72.0,49.0,360.0,235.0
104154,1,15379,72.0,49.0,360.0,235.0
104154,1,15380,72.0,49.0,360.0,235.0
104154,1,15381,72.0,49.0,360.0,235.0
104154,1,15382,72.0,49.0,360.0,235.0
104154,1,15383,72.0,49.0,360.0,235.0
104154,1,15384,72.0,49.0,379.0,235.0
104154,1,15385,72.0,49.0,379.0,235.0
104154,1,15386,72.0,49.0,379.0,235.0
104154,1,15387,72.0,49.0,379.0,235.0
104154,1,15388,72.0,49.0,379.0,235.0
104154,1,15389,72.0,49.0,379.0,235.0
104154,1,15390,72.0,49.0,379.0,235.0
104154,1,15391,43.0,49.0,387.0,235.0
104154,1,15392,43.0,49.0,387.0,235.0
104154,1,15393,43.0,49.0,387.0,235.0
104154,1,15394,43.0,49.0,387.0,235.0
104154,1,15395,43.0,49.0,387.0,235.0
104154,1,15396,43.0,49.0,387.0,235.0
104154,1,15397,43.0,49.0,387.0,235.0
104154,1,15398,43.0,49.0,387.0,235.0
104154,1,15399,43.0,49.0,387.0,235.0
104154,1,15400,43.0,49.0,387.0,235.0
104154,1,15401,43.0,49.0,387.0,235.0
104154,1,15402,43.0,49.0,387.0,235.0
104154,1,15403,43.0,49.0,387.0,235.0
104154,1,15404,43.0,49.0,387.0,235.0
104154,1,15405,43.0,49.0,387.0,235.0
104154,1,15406,43.0,49.0,387.0,235.0
104154,1,15407,43.0,49.0,387.0,235.0
104154,1,15408,43.0,49.0,387.0,235.0
104154,1,15409,43.0,49.0,387.0,235.0
104154,1,15410,43.0,49.0,387.0,235.0
104154,1,15411,43.0,49.0,387.0,235.0
104154,1,15412,43.0,49.0,387.0,235.0
104154,1,15413,43.0,49.0,387.0,235.0
104154,1,15414,43.0,49.0,387.0,235.0
104154,1,15415,43.0,49.0,387.0,235.0
104154,1,15416,43.0,49.0,387.0,235.0
104154,1,15417,43.0,49.0,387.0,235.0
104154,1,15418,43.0,49.0,387.0,235.0
104154,1,15419,43.0,49.0,387.0,235.0
104154,1,15420,43.0,49.0,387.0,235.0
104154,1,15421,43.0,49.0,387.0,235.0
104154,1,15422,43.0,49.0,387.0,235.0
104154,1,15423,43.0,49.0,387.0,235.0
104154,1,15424,43.0,49.0,387.0,235.0
104154,1,15425,43.0,49.0,387.0,235.0
104154,1,15426,43.0,49.0,387.0,235.0
104154,1,15427,43.0,49.0,387.0,235.0
104154,1,15428,43.0,49.0,387.0,235.0
104154,1,15429,43.0,49.0,387.0,235.0
104154,1,15430,43.0,49.0,387.0,235.0
104154,1,15431,43.0,49.0,387.0,235.0
104154,1,15432,43.0,49.0,387.0,235.0
104154,1,15433,43.0,49.0,387.0,235.0
104154,1,15434,43.0,49.0,387.0,235.0
104154,1,15435,43.0,49.0,387.0,235.0
104154,1,15436,43.0,49.0,387.0,235.0
104154,1,15437,43.0,49.0,387.0,235.0
104154,1,15438,43.0,49.0,387.0,235.0
104154,1,15439,43.0,49.0,387.0,235.0
104154,1,15440,43.0,49.0,387.0,235.0
104154,1,15441,43.0,49.0,387.0,235.0
104154,1,15442,43.0,49.0,387.0,235.0
104154,1,15443,55.0,49.0,387.0,235.0
104154,1,15444,55.0,49.0,387.0,235.0
104154,1,15445,55.0,49.0,387.0,235.0
104154,1,15446,55.0,49.0,387.0,235.0
104154,1,15447,55.0,49.0,387.0,235.0
104154,1,15448,55.0,49.0,387.0,235.0
104154,1,15449,55.0,49.0,387.0,235.0
104154,1,15450,55.0,49.0,387.0,235.0
104154,1,15451,55.0,49.0,387.0,235.0
104154,1,15452,55.0,49.0,387.0,235.0
104154,1,15453,55.0,49.0,387.0,235.0
104154,1,15454,55.0,49.0,387.0,235.0
104154,1,15455,55.0,49.0,387.0,235.0
104154,1,15456,55.0,49.0,387.0,235.0
104154,1,15457,55.0,49.0,387.0,235.0
104154,1,15458,55.0,49.0,387.0,235.0
104154,1,15459,55.0,49.0,387.0,235.0
104154,1,15460,55.0,49.0,387.0,235.0
104154,1,15461,74.0,49.0,387.0,235.0
104154,1,15462,74.0,49.0,387.0,235.0
104154,1,15463,74.0,49.0,387.0,235.0
104154,1,15464,74.0,49.0,387.0,235.0
104154,1,15465,74.0,49.0,387.0,235.0
104154,1,15466,74.0,49.0,387.0,235.0
104154,1,15467,74.0,49.0,387.0,235.0
104154,1,15468,74.0,49.0,387.0,235.0
104154,1,15469,74.0,49.0,387.0,235.0
104154,1,15470,74.0,49.0,387.0,235.0
104154,1,15471,74.0,49.0,387.0,235.0
104154,1,15472,74.0,49.0,387.0,235.0
104154,1,15473,74.0,49.0,387.0,235.0
104154,1,15474,74.0,49.0,387.0,235.0
104154,1,15475,74.0,49.0,387.0,235.0
104154,1,15476,74.0,49.0,387.0,235.0
104154,1,15477,74.0,49.0,387.0,235.0
104154,1,15478,74.0,49.0,387.0,235.0
104154,1,15479,74.0,49.0,387.0,235.0
104154,1,15480,74.0,49.0,368.0,235.0
104154,1,15481,74.0,49.0,368.0,235.0
104154,1,15482,74.0,49.0,368.0,235.0
104154,1,15483,74.0,49.0,368.0,235.0
104154,1,15484,74.0,49.0,368.0,235.0
104154,1,15485,74.0,49.0,368.0,235.0
104154,1,15486,74.0,49.0,368.0,235.0
104154,1,15487,74.0,49.0,368.0,235.0
104154,1,15488,74.0,49.0,368.0,235.0
104154,1,15489,74.0,49.0,368.0,235.0
104154,1,15490,96.0,49.0,368.0,235.0
104154,1,15491,96.0,49.0,368.0,235.0
104154,1,15492,96.0,49.0,368.0,235.0
104154,1,15493,96.0,49.0,368.0,235.0
104154,1,15494,96.0,49.0,368.0,235.0
104154,1,15495,96.0,49.0,368.0,235.0
104154,1,15496,96.0,49.0,368.0,235.0
104154,1,15497,96.0,49.0,368.0,235.0
104154,1,15498,96.0,49.0,368.0,235.0
104154,1,15499,96.0,49.0,368.0,235.0
104154,1,15500,96.0,49.0,368.0,235.0
104154,1,15501,96.0,49.0,368.0,235.0
104154,1,15502,96.0,49.0,361.0,235.0
104154,1,15503,96.0,49.0,361.0,235.0
104154,1,15504,96.0,49.0,361.0,235.0
104154,1,15505,96.0,49.0,361.0,235.0
104154,1,15506,96.0,49.0,361.0,235.0
104154,1,15507,96.0,49.0,361.0,235.0
104154,1,15508,96.0,49.0,361.0,235.0
104154,1,15509,96.0,49.0,361.0,235.0
104154,1,15510,96.0,49.0,361.0,235.0
104154,1,15511,96.0,49.0,361.0,235.0
104154,1,15512,96.0,49.0,361.0,235.0
104154,1,15513,96.0,49.0,361.0,235.0
104154,1,15514,96.0,49.0,361.0,235.0
104154,1,15515,96.0,49.0,361.0,235.0
104154,1,15516,96.0,49.0,361.0,235.0
104154,1,15517,96.0,49.0,361.0,235.0
104154,1,15518,96.0,49.0,361.0,235.0
104154,1,15519,96.0,49.0,361.0,235.0
104154,1,15520,96.0,49.0,361.0,235.0
104154,1,15521,96.0,49.0,361.0,235.0
104154,1,15522,96.0,49.0,361.0,235.0
104154,1,15523,96.0,49.0,361.0,235.0
104154,1,15524,74.0,49.0,360.0,235.0
104154,1,15525,74.0,49.0,360.0,235.0
104154,1,15526,74.0,49.0,360.0,235.0
104154,1,15527,74.0,49.0,360.0,235.0
104154,1,15528,74.0,49.0,360.0,235.0
104154,1,15529,74.0,49.0,360.0,235.0
104154,1,15530,74.0,49.0,360.0,235.0
104154,1,15531,74.0,49.0,360.0,235.0
104154,1,15532,74.0,49.0,360.0,235.0
104154,1,15533,74.0,49.0,360.0,235.0
104154,1,15534,74.0,49.0,360.0,235.0
104154,1,15535,74.0,49.0,360.0,235.0
104154,1,15536,74.0,49.0,360.0,235.0
104154,1,15537,74.0,49.0,360.0,235.0
104154,1,15538,74.0,49.0,360.0,235.0
104154,1,15539,74.0,49.0,360.0,235.0
104154,1,15540,74.0,49.0,360.0,235.0
104154,1,15541,74.0,49.0,360.0,235.0
104154,1,15542,74.0,49.0,360.0,235.0
104154,1,15543,74.0,49.0,360.0,235.0
104154,1,15544,74.0,49.0,360.0,235.0
104154,1,15545,74.0,49.0,360.0,235.0
104154,1,15546,74.0,49.0,360.0,235.0
104154,1,15547,74.0,49.0,360.0,235.0
104154,1,15548,74.0,49.0,360.0,235.0
104154,1,15549,74.0,49.0,360.0,235.0
104154,1,15550,74.0,49.0,360.0,235.0
104154,1,15551,74.0,49.0,360.0,235.0
104154,1,15552,74.0,49.0,360.0,235.0
104154,1,15553,74.0,49.0,360.0,235.0
104154,1,15554,74.0,49.0,360.0,235.0
104154,1,15555,74.0,49.0,360.0,235.0
104154,1,15556,74.0,49.0,360.0,235.0
104154,1,15557,74.0,49.0,360.0,235.0
104154,1,15558,74.0,49.0,360.0,235.0
104154,1,15559,74.0,49.0,360.0,235.0
104154,1,15560,74.0,49.0,360.0,235.0
104154,1,15561,74.0,49.0,360.0,235.0
104154,1,15562,74.0,49.0,360.0,235.0
104154,1,15563,74.0,49.0,360.0,235.0
104154,1,15564,74.0,49.0,360.0,235.0
104154,1,15565,74.0,49.0,360.0,235.0
104154,1,15566,74.0,49.0,360.0,235.0
104154,1,15567,74.0,49.0,360.0,235.0
104154,1,15568,74.0,49.0,360.0,235.0
104154,1,15569,74.0,49.0,360.0,235.0
104154,1,15570,74.0,49.0,347.0,235.0
104154,1,15571,74.0,49.0,347.0,235.0
104154,1,15572,74.0,49.0,347.0,235.0
104154,1,15573,74.0,49.0,347.0,235.0
104154,1,15574,74.0,49.0,347.0,235.0
104154,1,15575,74.0,49.0,347.0,235.0
104154,1,15576,74.0,49.0,347.0,235.0
104154,1,15577,74.0,49.0,347.0,235.0
104154,1,15578,74.0,49.0,347.0,235.0
104154,1,15579,74.0,49.0,347.0,235.0
104154,1,15580,74.0,49.0,347.0,235.0
104154,1,15581,74.0,49.0,347.0,235.0
104154,1,15582,74.0,49.0,347.0,235.0
104154,1,15583,74.0,49.0,347.0,235.0
104154,1,15584,74.0,49.0,347.0,235.0
104154,1,15585,74.0,49.0,347.0,235.0
104154,1,15586,57.0,64.0,358.0,236.0
104154,1,15587,57.0,64.0,358.0,236.0
104154,1,15588,57.0,64.0,358.0,236.0
104154,1,15589,57.0,64.0,358.0,236.0
104154,1,15590,57.0,64.0,358.0,236.0
104154,1,15591,57.0,64.0,358.0,236.0
104154,1,15592,57.0,64.0,358.0,236.0
104154,1,15593,57.0,64.0,358.0,236.0
104154,1,15594,57.0,64.0,358.0,236.0
104154,1,15595,35.0,69.0,358.0,237.0
104154,1,15596,35.0,69.0,358.0,237.0
104154,1,15597,35.0,69.0,358.0,237.0
104154,1,15598,35.0,69.0,358.0,237.0
104154,1,15599,35.0,69.0,358.0,237.0
104154,1,15600,35.0,69.0,358.0,237.0
104154,1,15601,35.0,69.0,358.0,237.0
104154,1,15602,35.0,69.0,358.0,237.0
104154,1,15603,35.0,69.0,358.0,237.0
104154,1,15604,35.0,69.0,358.0,237.0
104154,1,15605,35.0,69.0,358.0,237.0
104154,1,15606,35.0,69.0,358.0,237.0
104154,1,15607,35.0,69.0,358.0,237.0
104154,1,15608,35.0,69.0,358.0,237.0
104154,1,15609,35.0,69.0,358.0,237.0
104154,1,15610,25.0,73.0,358.0,237.0
104154,1,15611,25.0,73.0,358.0,237.0
104154,1,15612,25.0,73.0,358.0,237.0
104154,1,15613,25.0,73.0,358.0,237.0
104154,1,15614,25.0,73.0,358.0,237.0
104154,1,15615,25.0,73.0,358.0,237.0
104154,1,15616,25.0,73.0,358.0,237.0
104154,1,15617,25.0,73.0,358.0,237.0
104154,1,15618,25.0,73.0,358.0,237.0
104154,1,15619,25.0,73.0,358.0,237.0
104154,1,15620,25.0,73.0,358.0,237.0
104154,1,15621,25.0,73.0,358.0,237.0
104154,1,15622,25.0,73.0,358.0,237.0
104154,1,15623,25.0,73.0,358.0,237.0
104154,1,15624,25.0,73.0,358.0,237.0
104154,1,15625,25.0,73.0,358.0,237.0
104154,1,15626,25.0,73.0,358.0,237.0
104154,1,15627,25.0,73.0,358.0,237.0
104154,1,15628,25.0,73.0,358.0,237.0
104154,1,15629,25.0,73.0,358.0,237.0
104154,1,15630,25.0,73.0,358.0,237.0
104154,1,15631,25.0,73.0,358.0,237.0
104154,1,15632,25.0,73.0,358.0,237.0
104154,1,15633,25.0,73.0,358.0,237.0
104154,1,15634,25.0,73.0,358.0,237.0
104154,1,15635,25.0,73.0,358.0,237.0
104154,1,15636,25.0,73.0,358.0,237.0
104154,1,15637,25.0,73.0,358.0,237.0
104154,1,15638,25.0,73.0,358.0,237.0
104154,1,15639,25.0,73.0,358.0,237.0
104154,1,15640,25.0,73.0,358.0,237.0
104154,1,15641,25.0,73.0,358.0,237.0
104154,1,15642,25.0,73.0,358.0,237.0
104154,1,15643,25.0,73.0,358.0,237.0
104154,1,15644,25.0,73.0,358.0,237.0
104154,1,15645,38.0,73.0,358.0,237.0
104154,1,15646,38.0,73.0,358.0,237.0
104154,1,15647,38.0,73.0,358.0,237.0
104154,1,15648,38.0,73.0,358.0,237.0
104154,1,15649,38.0,73.0,358.0,237.0
104154,1,15650,38.0,73.0,358.0,237.0
104154,1,15651,38.0,73.0,358.0,237.0
104154,1,15652,38.0,73.0,358.0,237.0
104154,1,15653,38.0,73.0,358.0,237.0
104154,1,15654,38.0,73.0,358.0,237.0
104154,1,15655,38.0,73.0,358.0,237.0
104154,1,15656,38.0,73.0,358.0,237.0
104154,1,15657,38.0,73.0,358.0,237.0
104154,1,15658,38.0,52.0,358.0,237.0
104154,1,15659,38.0,52.0,358.0,237.0
104154,1,15660,38.0,52.0,358.0,237.0
104154,1,15661,38.0,52.0,358.0,237.0
104154,1,15662,38.0,52.0,358.0,237.0
104154,1,15663,38.0,52.0,358.0,237.0
104154,1,15664,38.0,52.0,358.0,237.0
104154,1,15665,38.0,52.0,358.0,237.0
104154,1,15666,38.0,52.0,358.0,237.0
104154,1,15667,38.0,52.0,358.0,237.0
104154,1,15668,38.0,52.0,358.0,237.0
104154,1,15669,38.0,52.0,358.0,237.0
104154,1,15670,38.0,52.0,358.0,237.0
104154,1,15671,38.0,44.0,358.0,237.0
104154,1,15672,38.0,44.0,358.0,237.0
104154,1,15673,38.0,44.0,358.0,237.0
104154,1,15674,38.0,44.0,358.0,237.0
104154,1,15675,38.0,44.0,358.0,237.0
104154,1,15676,38.0,44.0,358.0,237.0
104154,1,15677,38.0,44.0,358.0,237.0
104154,1,15678,38.0,44.0,358.0,237.0
104154,1,15679,38.0,44.0,358.0,237.0
104154,1,15680,38.0,44.0,358.0,237.0
104154,1,15681,38.0,44.0,358.0,237.0
104154,1,15682,38.0,44.0,358.0,237.0
104154,1,15683,38.0,44.0,358.0,237.0
104154,1,15684,38.0,44.0,358.0,237.0
104154,1,15685,38.0,44.0,358.0,237.0
104154,1,15686,38.0,30.0,358.0,237.0
104154,1,15687,38.0,30.0,358.0,237.0
104154,1,15688,38.0,30.0,358.0,237.0
104154,1,15689,38.0,30.0,358.0,237.0
104154,1,15690,38.0,30.0,358.0,237.0
104154,1,15691,38.0,30.0,358.0,237.0
104154,1,15692,38.0,30.0,358.0,237.0
104154,1,15693,38.0,30.0,358.0,237.0
104154,1,15694,38.0,30.0,358.0,237.0
104154,1,15695,38.0,30.0,358.0,237.0
104154,1,15696,38.0,30.0,358.0,237.0
104154,1,15697,38.0,30.0,358.0,237.0
104154,1,15698,38.0,30.0,358.0,237.0
104154,1,15699,38.0,30.0,358.0,237.0
104154,1,15700,38.0,30.0,358.0,237.0
104154,1,15701,38.0,30.0,358.0,237.0
104154,1,15702,38.0,30.0,358.0,237.0
104154,1,15703,38.0,22.0,358.0,237.0
104154,1,15704,38.0,22.0,358.0,237.0
104154,1,15705,38.0,22.0,358.0,237.0
104154,1,15706,38.0,22.0,358.0,237.0
104154,1,15707,38.0,22.0,358.0,237.0
104154,1,15708,38.0,22.0,358.0,237.0
104154,1,15709,38.0,22.0,358.0,237.0
104154,1,15710,38.0,22.0,358.0,237.0
104154,1,15711,38.0,22.0,358.0,237.0
104154,1,15712,38.0,22.0,358.0,237.0
104154,1,15713,38.0,22.0,358.0,237.0
104154,1,15714,38.0,22.0,358.0,237.0
104154,1,15715,38.0,22.0,358.0,237.0
104154,1,15716,38.0,22.0,358.0,237.0
104154,1,15717,38.0,22.0,358.0,237.0
104154,1,15718,38.0,22.0,358.0,237.0
104154,1,15719,38.0,22.0,358.0,237.0
104154,1,15720,38.0,22.0,358.0,237.0
104154,1,15721,38.0,22.0,358.0,237.0
104154,1,15722,38.0,28.0,358.0,237.0
104154,1,15723,38.0,28.0,358.0,237.0
104154,1,15724,38.0,28.0,358.0,237.0
104154,1,15725,38.0,28.0,358.0,237.0
104154,1,15726,38.0,28.0,358.0,237.0
104154,1,15727,38.0,28.0,358.0,237.0
104154,1,15728,38.0,28.0,358.0,237.0
104154,1,15729,38.0,28.0,358.0,237.0
104154,1,15730,96.0,28.0,358.0,237.0
104154,1,15731,96.0,28.0,358.0,237.0
104154,1,15732,96.0,28.0,358.0,237.0
104154,1,15733,96.0,28.0,358.0,237.0
104154,1,15734,96.0,28.0,358.0,237.0
104154,1,15735,96.0,28.0,358.0,237.0
104154,1,15736,96.0,28.0,358.0,237.0
104154,1,15737,96.0,28.0,358.0,237.0
104154,1,15738,96.0,21.0,358.0,237.0
104154,1,15739,96.0,21.0,358.0,237.0
104154,1,15740,96.0,21.0,358.0,237.0
104154,1,15741,96.0,21.0,358.0,237.0
104154,1,15742,96.0,21.0,358.0,237.0
104154,1,15743,96.0,21.0,358.0,237.0
104154,1,15744,96.0,21.0,358.0,237.0
104154,1,15745,96.0,21.0,358.0,237.0
104154,1,15746,100.0,21.0,358.0,237.0
104154,1,15747,100.0,21.0,358.0,237.0
104154,1,15748,100.0,21.0,358.0,237.0
104154,1,15749,100.0,21.0,358.0,237.0
104154,1,15750,100.0,21.0,358.0,237.0
104154,1,15751,100.0,21.0,358.0,237.0
104154,1,15752,100.0,21.0,358.0,237.0
104154,1,15753,100.0,21.0,358.0,237.0
104154,1,15754,100.0,21.0,358.0,237.0
104154,1,15755,100.0,21.0,358.0,237.0
104154,1,15756,100.0,21.0,358.0,237.0
104154,1,15757,100.0,21.0,358.0,237.0
104154,1,15758,100.0,21.0,358.0,237.0
104154,1,15759,100.0,21.0,358.0,237.0
104154,1,15760,79.0,21.0,358.0,237.0
104154,1,15761,79.0,21.0,358.0,237.0
104154,1,15762,79.0,21.0,358.0,237.0
104154,1,15763,79.0,21.0,358.0,237.0
104154,1,15764,79.0,21.0,358.0,237.0
104154,1,15765,79.0,21.0,358.0,237.0
104154,1,15766,79.0,21.0,358.0,237.0
104154,1,15767,79.0,21.0,358.0,237.0
104154,1,15768,79.0,21.0,358.0,237.0
104154,1,15769,79.0,21.0,358.0,237.0
104154,1,15770,71.0,21.0,358.0,237.0
104154,1,15771,71.0,21.0,358.0,237.0
104154,1,15772,71.0,21.0,358.0,237.0
104154,1,15773,71.0,21.0,358.0,237.0
104154,1,15774,71.0,21.0,358.0,237.0
104154,1,15775,71.0,21.0,358.0,237.0
104154,1,15776,71.0,21.0,358.0,237.0
104154,1,15777,71.0,21.0,358.0,237.0
104154,1,15778,71.0,21.0,358.0,237.0
104154,1,15779,71.0,21.0,358.0,237.0
104154,1,15780,71.0,21.0,358.0,237.0
104154,1,15781,71.0,21.0,358.0,237.0
104154,1,15782,71.0,21.0,358.0,237.0
104154,1,15783,71.0,21.0,358.0,237.0
104154,1,15784,71.0,21.0,358.0,237.0
104154,1,15785,71.0,21.0,358.0,237.0
104154,1,15786,71.0,21.0,358.0,237.0
104154,1,15787,71.0,36.0,358.0,237.0
104154,1,15788,71.0,36.0,358.0,237.0
104154,1,15789,71.0,36.0,358.0,237.0
104154,1,15790,71.0,36.0,358.0,237.0
104154,1,15791,71.0,36.0,358.0,237.0
104154,1,15792,71.0,36.0,358.0,237.0
104154,1,15793,71.0,36.0,358.0,237.0
104154,1,15794,71.0,36.0,358.0,237.0
104154,1,15795,71.0,36.0,358.0,237.0
104154,1,15796,71.0,36.0,358.0,237.0
104154,1,15797,71.0,36.0,358.0,237.0
104154,1,15798,71.0,36.0,358.0,237.0
104154,1,15799,71.0,36.0,358.0,237.0
104154,1,15800,71.0,36.0,358.0,237.0
104154,1,15801,71.0,36.0,358.0,237.0
104154,1,15802,71.0,36.0,358.0,237.0
104154,1,15803,71.0,36.0,358.0,237.0
104154,1,15804,71.0,36.0,358.0,237.0
104154,1,15805,71.0,36.0,358.0,237.0
104154,1,15806,71.0,36.0,358.0,237.0
104154,1,15807,71.0,36.0,358.0,237.0
104154,1,15808,71.0,36.0,358.0,237.0
104154,1,15809,71.0,36.0,358.0,237.0
104154,1,15810,71.0,36.0,358.0,237.0
104154,1,15811,71.0,36.0,358.0,237.0
104154,1,15812,71.0,36.0,358.0,237.0
104154,1,15813,71.0,36.0,358.0,237.0
104154,1,15814,71.0,36.0,358.0,237.0
104154,1,15815,71.0,36.0,358.0,237.0
104154,1,15816,71.0,36.0,358.0,237.0
104154,1,15817,71.0,36.0,358.0,237.0
104154,1,15818,71.0,36.0,358.0,237.0
104154,1,15819,71.0,36.0,358.0,237.0
104154,1,15820,71.0,36.0,358.0,237.0
104154,1,15821,71.0,36.0,358.0,237.0
104154,1,15822,71.0,36.0,358.0,237.0
104154,1,15823,71.0,36.0,358.0,237.0
104154,1,15824,71.0,36.0,358.0,237.0
104154,1,15825,71.0,36.0,358.0,237.0
104154,1,15826,71.0,36.0,358.0,237.0
104154,1,15827,71.0,36.0,358.0,237.0
104154,1,15828,71.0,36.0,358.0,237.0
104154,1,15829,71.0,36.0,358.0,237.0
104154,1,15830,71.0,36.0,358.0,237.0
104154,1,15831,71.0,36.0,358.0,237.0
104154,1,15832,83.0,38.0,370.0,239.0
104154,1,15833,83.0,38.0,370.0,239.0
104154,1,15834,83.0,38.0,370.0,239.0
104154,1,15835,83.0,38.0,370.0,239.0
104154,1,15836,83.0,38.0,370.0,239.0
104154,1,15837,83.0,38.0,370.0,239.0
104154,1,15838,83.0,38.0,370.0,239.0
104154,1,15839,83.0,38.0,370.0,239.0
104154,1,15840,83.0,38.0,370.0,239.0
104154,1,15841,83.0,38.0,370.0,239.0
104154,1,15842,83.0,38.0,370.0,239.0
104154,1,15843,83.0,38.0,370.0,239.0
104154,1,15844,83.0,38.0,370.0,239.0
104154,1,15845,83.0,38.0,370.0,239.0
104154,1,15846,83.0,38.0,370.0,239.0
104154,1,15847,102.0,38.0,389.0,239.0
104154,1,15848,102.0,38.0,389.0,239.0
104154,1,15849,102.0,38.0,389.0,239.0
104154,1,15850,102.0,38.0,389.0,239.0
104154,1,15851,102.0,38.0,389.0,239.0
104154,1,15852,102.0,38.0,389.0,239.0
104154,1,15853,102.0,38.0,389.0,239.0
104154,1,15854,102.0,38.0,389.0,239.0
104154,1,15855,102.0,38.0,389.0,239.0
104154,1,15856,102.0,38.0,389.0,239.0
104154,1,15857,102.0,38.0,389.0,239.0
104154,1,15858,102.0,38.0,389.0,239.0
104154,1,15859,102.0,38.0,389.0,239.0
104154,1,15860,102.0,38.0,389.0,239.0
104154,1,15861,109.0,35.0,396.0,236.0
104154,1,15862,109.0,35.0,396.0,236.0
104154,1,15863,109.0,35.0,396.0,236.0
104154,1,15864,109.0,35.0,396.0,236.0
104154,1,15865,109.0,35.0,396.0,236.0
104154,1,15866,109.0,35.0,396.0,236.0
104154,1,15867,109.0,35.0,396.0,236.0
104154,1,15868,109.0,35.0,396.0,236.0
104154,1,15869,109.0,35.0,396.0,236.0
104154,1,15870,109.0,35.0,396.0,236.0
104154,1,15871,109.0,35.0,396.0,236.0
104154,1,15872,109.0,35.0,396.0,236.0
104154,1,15873,109.0,35.0,396.0,236.0
104154,1,15874,109.0,35.0,396.0,236.0
104154,1,15875,109.0,35.0,396.0,236.0
104154,1,15876,109.0,35.0,396.0,236.0
104154,1,15877,109.0,35.0,396.0,236.0
104154,1,15878,109.0,35.0,396.0,236.0
104154,1,15879,109.0,35.0,396.0,236.0
104154,1,15880,109.0,35.0,396.0,236.0
104154,1,15881,114.0,34.0,401.0,236.0
104154,1,15882,114.0,34.0,401.0,236.0
104154,1,15883,114.0,34.0,401.0,236.0
104154,1,15884,114.0,34.0,401.0,236.0
104154,1,15885,114.0,34.0,401.0,236.0
104154,1,15886,114.0,34.0,401.0,236.0
104154,1,15887,114.0,34.0,401.0,236.0
104154,1,15888,114.0,34.0,401.0,236.0
104154,1,15889,114.0,34.0,401.0,236.0
104154,1,15890,114.0,34.0,401.0,236.0
104154,1,15891,114.0,34.0,401.0,236.0
104154,1,15892,114.0,34.0,401.0,236.0
104154,1,15893,114.0,34.0,401.0,236.0
104154,1,15894,114.0,34.0,401.0,236.0
104154,1,15895,114.0,34.0,401.0,236.0
104154,1,15896,114.0,34.0,401.0,236.0
104154,1,15897,114.0,34.0,401.0,236.0
104154,1,15898,120.0,35.0,407.0,237.0
104154,1,15899,120.0,35.0,407.0,237.0
104154,1,15900,120.0,35.0,407.0,237.0
104154,1,15901,120.0,35.0,407.0,237.0
104154,1,15902,120.0,35.0,407.0,237.0
104154,1,15903,120.0,35.0,407.0,237.0
104154,1,15904,120.0,35.0,407.0,237.0
104154,1,15905,120.0,35.0,407.0,237.0
104154,1,15906,120.0,35.0,407.0,237.0
104154,1,15907,120.0,35.0,407.0,237.0
104154,1,15908,120.0,35.0,407.0,237.0
104154,1,15909,120.0,35.0,407.0,237.0
104154,1,15910,120.0,35.0,407.0,237.0
104154,1,15911,120.0,35.0,407.0,237.0
104154,1,15912,120.0,35.0,407.0,237.0
104154,1,15913,120.0,35.0,407.0,237.0
104154,1,15914,120.0,35.0,407.0,237.0
104154,1,15915,120.0,35.0,407.0,237.0
104154,1,15916,120.0,35.0,407.0,237.0
104154,1,15917,120.0,35.0,407.0,237.0
104154,1,15918,120.0,35.0,407.0,237.0
104154,1,15919,120.0,35.0,407.0,237.0
104154,1,15920,120.0,35.0,407.0,237.0
104154,1,15921,120.0,35.0,407.0,237.0
104154,1,15922,120.0,35.0,407.0,237.0
104154,1,15923,120.0,35.0,407.0,237.0
104154,1,15924,120.0,35.0,407.0,237.0
104154,1,15925,120.0,35.0,407.0,237.0
104154,1,15926,120.0,35.0,407.0,237.0
104154,1,15927,120.0,35.0,407.0,237.0
104154,1,15928,120.0,35.0,407.0,237.0
104154,1,15929,120.0,35.0,407.0,237.0
104154,1,15930,120.0,35.0,407.0,237.0
104154,1,15931,120.0,35.0,407.0,237.0
104154,1,15932,120.0,35.0,407.0,237.0
104154,1,15933,120.0,35.0,407.0,237.0
104154,1,15934,97.0,35.0,407.0,237.0
104154,1,15935,97.0,35.0,407.0,237.0
104154,1,15936,97.0,35.0,407.0,237.0
104154,1,15937,97.0,35.0,407.0,237.0
104154,1,15938,97.0,35.0,407.0,237.0
104154,1,15939,97.0,35.0,407.0,237.0
104154,1,15940,97.0,35.0,407.0,237.0
104154,1,15941,97.0,35.0,407.0,237.0
104154,1,15942,97.0,35.0,407.0,237.0
104154,1,15943,97.0,35.0,407.0,237.0
104154,1,15944,97.0,35.0,407.0,237.0
104154,1,15945,97.0,35.0,407.0,237.0
104154,1,15946,97.0,35.0,407.0,237.0
104154,1,15947,97.0,35.0,407.0,237.0
104154,1,15948,97.0,35.0,407.0,237.0
104154,1,15949,97.0,35.0,407.0,237.0
104154,1,15950,97.0,35.0,407.0,237.0
104154,1,15951,97.0,35.0,407.0,237.0
104154,1,15952,97.0,35.0,407.0,237.0
104154,1,15953,97.0,35.0,407.0,237.0
104154,1,15954,97.0,35.0,407.0,237.0
104154,1,15955,97.0,35.0,407.0,237.0
104154,1,15956,97.0,35.0,407.0,237.0
104154,1,15957,97.0,35.0,407.0,237.0
104154,1,15958,97.0,35.0,407.0,237.0
104154,1,15959,97.0,35.0,407.0,237.0
104154,1,15960,97.0,35.0,407.0,237.0
104154,1,15961,97.0,35.0,407.0,237.0
104154,1,15962,85.0,35.0,407.0,237.0
104154,1,15963,85.0,35.0,407.0,237.0
104154,1,15964,85.0,35.0,407.0,237.0
104154,1,15965,85.0,35.0,407.0,237.0
104154,1,15966,85.0,35.0,407.0,237.0
104154,1,15967,85.0,35.0,407.0,237.0
104154,1,15968,85.0,35.0,407.0,237.0
104154,1,15969,85.0,35.0,407.0,237.0
104154,1,15970,85.0,35.0,407.0,237.0
104154,1,15971,85.0,35.0,407.0,237.0
104154,1,15972,85.0,35.0,407.0,237.0
104154,1,15973,85.0,35.0,407.0,237.0
104154,1,15974,85.0,35.0,407.0,237.0
104154,1,15975,85.0,35.0,407.0,237.0
104154,1,15976,85.0,35.0,407.0,237.0
104154,1,15977,85.0,35.0,407.0,237.0
104154,1,15978,85.0,35.0,407.0,237.0
104154,1,15979,85.0,35.0,407.0,237.0
104154,1,15980,85.0,35.0,407.0,237.0
104154,1,15981,85.0,35.0,407.0,237.0
104154,1,15982,85.0,35.0,407.0,237.0
104154,1,15983,85.0,35.0,407.0,237.0
104154,1,15984,85.0,35.0,407.0,237.0
104154,1,15985,85.0,60.0,407.0,237.0
104154,1,15986,85.0,60.0,407.0,237.0
104154,1,15987,85.0,60.0,407.0,237.0
104154,1,15988,85.0,60.0,407.0,237.0
104154,1,15989,85.0,60.0,407.0,237.0
104154,1,15990,85.0,60.0,407.0,237.0
104154,1,15991,85.0,60.0,407.0,237.0
104154,1,15992,85.0,60.0,407.0,237.0
104154,1,15993,85.0,60.0,407.0,237.0
104154,1,15994,85.0,60.0,407.0,237.0
104154,1,15995,85.0,60.0,407.0,237.0
104154,1,15996,85.0,60.0,407.0,237.0
104154,1,15997,85.0,60.0,407.0,237.0
104154,1,15998,85.0,60.0,407.0,237.0
104154,1,15999,85.0,60.0,407.0,237.0
104154,1,16000,85.0,68.0,407.0,237.0
104154,1,16001,85.0,68.0,407.0,237.0
104154,1,16002,85.0,68.0,407.0,237.0
104154,1,16003,85.0,68.0,407.0,237.0
104154,1,16004,85.0,68.0,407.0,237.0
104154,1,16005,85.0,68.0,407.0,237.0
104154,1,16006,85.0,68.0,407.0,237.0
104154,1,16007,85.0,68.0,407.0,237.0
104154,1,16008,85.0,68.0,407.0,237.0
104154,1,16009,85.0,68.0,407.0,237.0
104154,1,16010,85.0,68.0,407.0,237.0
104154,1,16011,85.0,68.0,407.0,237.0
104154,1,16012,85.0,68.0,407.0,237.0
104154,1,16013,85.0,68.0,407.0,237.0
104154,1,16014,85.0,68.0,407.0,237.0
104154,1,16015,85.0,68.0,407.0,237.0
104154,1,16016,76.0,80.0,407.0,237.0
104154,1,16017,76.0,80.0,407.0,237.0
104154,1,16018,76.0,80.0,407.0,237.0
104154,1,16019,76.0,80.0,407.0,237.0
104154,1,16020,76.0,80.0,407.0,237.0
104154,1,16021,76.0,80.0,407.0,237.0
104154,1,16022,76.0,80.0,407.0,237.0
104154,1,16023,76.0,80.0,407.0,237.0
104154,1,16024,76.0,80.0,407.0,237.0
104154,1,16025,76.0,80.0,407.0,237.0
104154,1,16026,76.0,80.0,407.0,237.0
104154,1,16027,76.0,80.0,407.0,237.0
104154,1,16028,76.0,80.0,407.0,237.0
104154,1,16029,76.0,80.0,407.0,237.0
104154,1,16030,76.0,80.0,407.0,237.0
104154,1,16031,76.0,90.0,407.0,237.0
104154,1,16032,76.0,90.0,407.0,237.0
104154,1,16033,76.0,90.0,407.0,237.0
104154,1,16034,76.0,90.0,407.0,237.0
104154,1,16035,76.0,90.0,407.0,237.0
104154,1,16036,76.0,90.0,407.0,237.0
104154,1,16037,76.0,90.0,407.0,237.0
104154,1,16038,76.0,90.0,407.0,237.0
104154,1,16039,76.0,90.0,407.0,237.0
104154,1,16040,76.0,90.0,407.0,237.0
104154,1,16041,76.0,90.0,407.0,237.0
104154,1,16042,76.0,90.0,407.0,237.0
104154,1,16043,76.0,90.0,407.0,237.0
104154,1,16044,76.0,90.0,407.0,237.0
104154,1,16045,76.0,90.0,407.0,237.0
104154,1,16046,76.0,90.0,407.0,237.0
104154,1,16047,76.0,90.0,407.0,237.0
104154,1,16048,76.0,90.0,407.0,237.0
104154,1,16049,76.0,90.0,407.0,237.0
104154,1,16050,76.0,90.0,407.0,237.0
104154,1,16051,76.0,90.0,407.0,237.0
104154,1,16052,76.0,90.0,407.0,237.0
104154,1,16053,76.0,90.0,407.0,237.0
104154,1,16054,76.0,90.0,407.0,237.0
104154,1,16055,76.0,90.0,407.0,237.0
104154,1,16056,76.0,90.0,407.0,237.0
104154,1,16057,76.0,90.0,407.0,237.0
104154,1,16058,76.0,90.0,407.0,237.0
104154,1,16059,76.0,90.0,407.0,237.0
104154,1,16060,76.0,81.0,407.0,237.0
104154,1,16061,76.0,81.0,407.0,237.0
104154,1,16062,76.0,81.0,407.0,237.0
104154,1,16063,76.0,81.0,407.0,237.0
104154,1,16064,76.0,81.0,407.0,237.0
104154,1,16065,76.0,81.0,407.0,237.0
104154,1,16066,76.0,81.0,407.0,237.0
104154,1,16067,76.0,81.0,407.0,237.0
104154,1,16068,76.0,81.0,407.0,237.0
104154,1,16069,76.0,81.0,407.0,237.0
104154,1,16070,76.0,81.0,407.0,237.0
104154,1,16071,76.0,81.0,407.0,237.0
104154,1,16072,76.0,81.0,407.0,237.0
104154,1,16073,76.0,81.0,407.0,237.0
104154,1,16074,76.0,81.0,407.0,237.0
104154,1,16075,76.0,81.0,407.0,237.0
104154,1,16076,76.0,81.0,407.0,237.0
104154,1,16077,76.0,81.0,407.0,237.0
104154,1,16078,76.0,81.0,407.0,237.0
104154,1,16079,76.0,81.0,407.0,237.0
104154,1,16080,76.0,81.0,407.0,237.0
104154,1,16081,76.0,81.0,407.0,237.0
104154,1,16082,76.0,81.0,407.0,237.0
104154,1,16083,76.0,81.0,407.0,237.0
104154,1,16084,76.0,81.0,407.0,237.0
104154,1,16085,76.0,81.0,407.0,237.0
104154,1,16086,63.0,73.0,395.0,229.0
104154,1,16087,63.0,73.0,395.0,229.0
104154,1,16088,63.0,73.0,395.0,229.0
104154,1,16089,63.0,73.0,395.0,229.0
104154,1,16090,63.0,73.0,395.0,229.0
104154,1,16091,63.0,73.0,395.0,229.0
104154,1,16092,63.0,73.0,395.0,229.0
104154,1,16093,63.0,73.0,395.0,229.0
104154,1,16094,63.0,73.0,395.0,229.0
104154,1,16095,63.0,73.0,395.0,229.0
104154,1,16096,63.0,73.0,395.0,229.0
104154,1,16097,63.0,73.0,395.0,229.0
104154,1,16098,63.0,73.0,395.0,229.0
104154,1,16099,63.0,73.0,395.0,229.0
104154,1,16100,63.0,73.0,395.0,229.0
104154,1,16101,63.0,73.0,395.0,229.0
104154,1,16102,63.0,73.0,395.0,229.0
104154,1,16103,63.0,73.0,395.0,229.0
104154,1,16104,63.0,73.0,395.0,229.0
104154,1,16105,63.0,73.0,395.0,229.0
104154,1,16106,63.0,73.0,395.0,229.0
104154,1,16107,63.0,73.0,395.0,229.0
104154,1,16108,63.0,73.0,395.0,229.0
104154,1,16109,63.0,73.0,395.0,229.0
104154,1,16110,63.0,73.0,395.0,229.0
104154,1,16111,63.0,73.0,395.0,229.0
104154,1,16112,63.0,73.0,395.0,229.0
104154,1,16113,63.0,73.0,395.0,229.0
104154,1,16114,63.0,73.0,395.0,229.0
104154,1,16115,63.0,73.0,395.0,229.0
104154,1,16116,63.0,73.0,395.0,229.0
104154,1,16117,63.0,73.0,395.0,229.0
104154,1,16118,63.0,73.0,395.0,229.0
104154,1,16119,63.0,73.0,395.0,229.0
104154,1,16120,63.0,73.0,395.0,229.0
104154,1,16121,63.0,73.0,395.0,229.0
104154,1,16122,63.0,73.0,395.0,229.0
104154,1,16123,63.0,73.0,395.0,229.0
104154,1,16124,63.0,73.0,395.0,229.0
104154,1,16125,63.0,73.0,395.0,229.0
104154,1,16126,63.0,73.0,395.0,229.0
104154,1,16127,63.0,73.0,395.0,229.0
104154,1,16128,63.0,73.0,395.0,229.0
104154,1,16129,63.0,73.0,395.0,229.0
104154,1,16130,63.0,73.0,395.0,229.0
104154,1,16131,63.0,73.0,395.0,229.0
104154,1,16132,63.0,73.0,395.0,229.0
104154,1,16133,63.0,73.0,395.0,229.0
104154,1,16134,63.0,73.0,395.0,229.0
104154,1,16135,63.0,73.0,395.0,229.0
104154,1,16136,63.0,73.0,395.0,229.0
104154,1,16137,63.0,73.0,395.0,229.0
104154,1,16138,63.0,73.0,395.0,229.0
104154,1,16139,63.0,73.0,395.0,229.0
104154,1,16140,63.0,73.0,395.0,229.0
104154,1,16141,63.0,73.0,395.0,229.0
104154,1,16142,63.0,73.0,395.0,229.0
104154,1,16143,63.0,73.0,395.0,229.0
104154,1,16144,63.0,73.0,395.0,229.0
104154,1,16145,63.0,73.0,395.0,229.0
104154,1,16146,63.0,73.0,395.0,229.0
104154,1,16147,63.0,73.0,395.0,229.0
104154,1,16148,63.0,73.0,395.0,229.0
104154,1,16149,63.0,73.0,395.0,229.0
104154,1,16150,63.0,73.0,395.0,229.0
104154,1,16151,63.0,73.0,395.0,229.0
104154,1,16152,63.0,73.0,395.0,229.0
104154,1,16153,63.0,73.0,395.0,229.0
104154,1,16154,92.0,85.0,396.0,228.0
104154,1,16155,92.0,85.0,396.0,228.0
104154,1,16156,92.0,85.0,396.0,228.0
104154,1,16157,92.0,85.0,396.0,228.0
104154,1,16158,92.0,85.0,396.0,228.0
104154,1,16159,92.0,85.0,396.0,228.0
104154,1,16160,92.0,85.0,396.0,228.0
104154,1,16161,92.0,85.0,396.0,228.0
104154,1,16162,92.0,85.0,396.0,228.0
104154,1,16163,92.0,85.0,396.0,228.0
104154,1,16164,92.0,85.0,396.0,228.0
104154,1,16165,92.0,85.0,396.0,228.0
104154,1,16166,92.0,85.0,396.0,228.0
104154,1,16167,92.0,85.0,396.0,228.0
104154,1,16168,92.0,85.0,396.0,228.0
104154,1,16169,92.0,85.0,396.0,228.0
104154,1,16170,92.0,85.0,396.0,228.0
104154,1,16171,92.0,85.0,396.0,228.0
104154,1,16172,92.0,66.0,396.0,228.0
104154,1,16173,92.0,66.0,396.0,228.0
104154,1,16174,92.0,66.0,396.0,228.0
104154,1,16175,92.0,66.0,396.0,228.0
104154,1,16176,92.0,66.0,396.0,228.0
104154,1,16177,92.0,66.0,396.0,228.0
104154,1,16178,92.0,66.0,396.0,228.0
104154,1,16179,92.0,66.0,396.0,228.0
104154,1,16180,92.0,66.0,396.0,228.0
104154,1,16181,92.0,66.0,396.0,228.0
104154,1,16182,92.0,57.0,396.0,228.0
104154,1,16183,92.0,57.0,396.0,228.0
104154,1,16184,92.0,57.0,396.0,228.0
104154,1,16185,92.0,57.0,396.0,228.0
104154,1,16186,92.0,57.0,396.0,228.0
104154,1,16187,92.0,57.0,396.0,228.0
104154,1,16188,92.0,57.0,396.0,228.0
104154,1,16189,92.0,57.0,396.0,228.0
104154,1,16190,92.0,57.0,396.0,228.0
104154,1,16191,92.0,57.0,396.0,228.0
104154,1,16192,92.0,57.0,396.0,228.0
104154,1,16193,92.0,57.0,396.0,228.0
104154,1,16194,92.0,57.0,396.0,228.0
104154,1,16195,92.0,57.0,396.0,228.0
104154,1,16196,92.0,57.0,396.0,228.0
104154,1,16197,92.0,57.0,396.0,228.0
104154,1,16198,92.0,57.0,396.0,228.0
104154,1,16199,92.0,57.0,396.0,228.0
104154,1,16200,92.0,57.0,396.0,228.0
104154,1,16201,92.0,57.0,396.0,228.0
104154,1,16202,92.0,57.0,396.0,228.0
104154,1,16203,92.0,57.0,396.0,228.0
104154,1,16204,92.0,57.0,396.0,228.0
104154,1,16205,92.0,57.0,396.0,228.0
104154,1,16206,92.0,57.0,396.0,228.0
104154,1,16207,92.0,57.0,396.0,228.0
104154,1,16208,92.0,57.0,396.0,228.0
104154,1,16209,92.0,57.0,396.0,228.0
104154,1,16210,92.0,57.0,396.0,228.0
104154,1,16211,92.0,57.0,396.0,228.0
104154,1,16212,92.0,57.0,396.0,228.0
104154,1,16213,92.0,57.0,396.0,228.0
104154,1,16214,92.0,57.0,396.0,228.0
104154,1,16215,92.0,57.0,396.0,228.0
104154,1,16216,92.0,57.0,396.0,228.0
104154,1,16217,92.0,46.0,396.0,228.0
104154,1,16218,92.0,46.0,396.0,228.0
104154,1,16219,92.0,46.0,396.0,228.0
104154,1,16220,92.0,46.0,396.0,228.0
104154,1,16221,92.0,46.0,396.0,228.0
104154,1,16222,92.0,46.0,396.0,228.0
104154,1,16223,92.0,46.0,396.0,228.0
104154,1,16224,92.0,46.0,396.0,228.0
104154,1,16225,92.0,46.0,396.0,228.0
104154,1,16226,92.0,46.0,396.0,228.0
104154,1,16227,92.0,46.0,396.0,228.0
104154,1,16228,92.0,46.0,396.0,228.0
104154,1,16229,92.0,46.0,396.0,228.0
104154,1,16230,92.0,46.0,396.0,228.0
104154,1,16231,92.0,46.0,396.0,228.0
104154,1,16232,92.0,46.0,396.0,228.0
104154,1,16233,92.0,46.0,396.0,228.0
104154,1,16234,92.0,46.0,396.0,228.0
104154,1,16235,92.0,46.0,396.0,228.0
104154,1,16236,92.0,46.0,396.0,228.0
104154,1,16237,92.0,46.0,396.0,228.0
104154,1,16238,92.0,46.0,396.0,228.0
104154,1,16239,92.0,38.0,396.0,228.0
104154,1,16240,92.0,38.0,396.0,228.0
104154,1,16241,92.0,38.0,396.0,228.0
104154,1,16242,92.0,38.0,396.0,228.0
104154,1,16243,92.0,38.0,396.0,228.0
104154,1,16244,92.0,38.0,396.0,228.0
104154,1,16245,92.0,38.0,396.0,228.0
104154,1,16246,92.0,38.0,396.0,228.0
104154,1,16247,92.0,38.0,396.0,228.0
104154,1,16248,92.0,38.0,396.0,228.0
104154,1,16249,92.0,38.0,396.0,228.0
104154,1,16250,92.0,38.0,396.0,228.0
104154,1,16251,92.0,38.0,396.0,228.0
104154,1,16252,92.0,38.0,396.0,228.0
104154,1,16253,118.0,38.0,396.0,228.0
104154,1,16254,118.0,38.0,396.0,228.0
104154,1,16255,118.0,38.0,396.0,228.0
104154,1,16256,118.0,38.0,396.0,228.0
104154,1,16257,118.0,38.0,396.0,228.0
104154,1,16258,118.0,38.0,396.0,228.0
104154,1,16259,118.0,38.0,396.0,228.0
104154,1,16260,118.0,38.0,396.0,228.0
104154,1,16261,118.0,38.0,396.0,228.0
104154,1,16262,118.0,38.0,396.0,228.0
104154,1,16263,118.0,38.0,396.0,228.0
104154,1,16264,118.0,38.0,396.0,228.0
104154,1,16265,118.0,38.0,396.0,228.0
104154,1,16266,118.0,38.0,396.0,228.0
104154,1,16267,118.0,38.0,396.0,228.0
104154,1,16268,118.0,38.0,396.0,228.0
104154,1,16269,118.0,51.0,396.0,228.0
104154,1,16270,118.0,51.0,396.0,228.0
104154,1,16271,118.0,51.0,396.0,228.0
104154,1,16272,118.0,51.0,396.0,228.0
104154,1,16273,118.0,51.0,396.0,228.0
104154,1,16274,118.0,51.0,396.0,228.0
104154,1,16275,118.0,51.0,396.0,228.0
104154,1,16276,118.0,51.0,396.0,228.0
104154,1,16277,118.0,51.0,396.0,228.0
104154,1,16278,118.0,51.0,396.0,228.0
104154,1,16279,118.0,51.0,396.0,228.0
104154,1,16280,118.0,51.0,396.0,228.0
104154,1,16281,118.0,51.0,396.0,228.0
104154,1,16282,118.0,51.0,396.0,228.0
104154,1,16283,118.0,51.0,396.0,228.0
104154,1,16284,118.0,51.0,396.0,228.0
104154,1,16285,118.0,51.0,396.0,228.0
104154,1,16286,118.0,51.0,396.0,228.0
104154,1,16287,118.0,51.0,396.0,228.0
104154,1,16288,118.0,51.0,396.0,228.0
104154,1,16289,118.0,51.0,396.0,228.0
104154,1,16290,118.0,51.0,396.0,228.0
104154,1,16291,118.0,51.0,396.0,228.0
104154,1,16292,118.0,51.0,396.0,228.0
104154,1,16293,118.0,51.0,396.0,228.0
104154,1,16294,118.0,51.0,396.0,228.0
104154,1,16295,118.0,51.0,396.0,228.0
104154,1,16296,118.0,51.0,396.0,228.0
104154,1,16297,118.0,51.0,396.0,228.0
104154,1,16298,118.0,51.0,396.0,228.0
104154,1,16299,118.0,51.0,396.0,228.0
104154,1,16300,118.0,51.0,396.0,228.0
104154,1,16301,118.0,51.0,396.0,228.0
104154,1,16302,118.0,51.0,396.0,228.0
104154,1,16303,118.0,51.0,396.0,228.0
104154,1,16304,118.0,51.0,396.0,228.0
104154,1,16305,118.0,51.0,396.0,228.0
104154,1,16306,118.0,51.0,396.0,228.0
104154,1,16307,118.0,51.0,396.0,228.0
104154,1,16308,118.0,51.0,396.0,228.0
104154,1,16309,118.0,51.0,396.0,228.0
104154,1,16310,118.0,51.0,396.0,228.0
104154,1,16311,118.0,51.0,396.0,228.0
104154,1,16312,118.0,51.0,396.0,228.0
104154,1,16313,118.0,51.0,396.0,228.0
104154,1,16314,118.0,51.0,396.0,228.0
104154,1,16315,118.0,51.0,396.0,228.0
104154,1,16316,118.0,51.0,396.0,228.0
104154,1,16317,118.0,51.0,396.0,228.0
104154,1,16318,118.0,51.0,396.0,228.0
104154,1,16319,118.0,51.0,396.0,228.0
104154,1,16320,118.0,51.0,396.0,228.0
104154,1,16321,118.0,51.0,396.0,228.0
104154,1,16322,118.0,51.0,396.0,228.0
104154,1,16323,118.0,21.0,396.0,228.0
104154,1,16324,118.0,21.0,396.0,228.0
104154,1,16325,118.0,21.0,396.0,228.0
104154,1,16326,118.0,21.0,396.0,228.0
104154,1,16327,118.0,21.0,396.0,228.0
104154,1,16328,118.0,21.0,396.0,228.0
104154,1,16329,118.0,21.0,396.0,228.0
104154,1,16330,118.0,21.0,396.0,228.0
104154,1,16331,118.0,21.0,396.0,228.0
104154,1,16332,118.0,21.0,396.0,228.0
104154,1,16333,118.0,21.0,396.0,228.0
104154,1,16334,118.0,21.0,396.0,228.0
104154,1,16335,118.0,21.0,396.0,228.0
104154,1,16336,118.0,21.0,396.0,228.0
104154,1,16337,118.0,21.0,396.0,228.0
104154,1,16338,118.0,21.0,396.0,228.0
104154,1,16339,118.0,21.0,396.0,228.0
104154,1,16340,118.0,21.0,396.0,228.0
104154,1,16341,118.0,21.0,396.0,228.0
104154,1,16342,118.0,21.0,396.0,228.0
104154,1,16343,118.0,21.0,396.0,228.0
104154,1,16344,118.0,21.0,396.0,228.0
104154,1,16345,118.0,21.0,396.0,228.0
104154,1,16346,118.0,21.0,396.0,228.0
104154,1,16347,118.0,21.0,396.0,228.0
104154,1,16348,118.0,21.0,396.0,228.0
104154,1,16349,118.0,21.0,396.0,228.0
104154,1,16350,118.0,21.0,396.0,228.0
104154,1,16351,118.0,21.0,396.0,228.0
104154,1,16352,118.0,21.0,396.0,228.0
104154,1,16353,118.0,21.0,396.0,228.0
104154,1,16354,118.0,21.0,396.0,228.0
104154,1,16355,118.0,21.0,396.0,228.0
104154,1,16356,118.0,21.0,396.0,228.0
104154,1,16357,118.0,21.0,396.0,228.0
104154,1,16358,118.0,21.0,396.0,228.0
104154,1,16359,118.0,21.0,396.0,228.0
104154,1,16360,118.0,21.0,396.0,228.0
104154,1,16361,118.0,21.0,396.0,228.0
104154,1,16362,118.0,21.0,396.0,228.0
104154,1,16363,118.0,21.0,396.0,228.0
104154,1,16364,118.0,21.0,396.0,228.0
104154,1,16365,118.0,21.0,396.0,228.0
104154,1,16366,118.0,21.0,396.0,228.0
104154,1,16367,118.0,21.0,396.0,228.0
104154,1,16368,118.0,21.0,396.0,228.0
104154,1,16369,118.0,21.0,396.0,228.0
104154,1,16370,118.0,21.0,396.0,228.0
104154,1,16371,118.0,21.0,396.0,228.0
104154,1,16372,118.0,21.0,396.0,228.0
104154,1,16373,118.0,21.0,396.0,228.0
104154,1,16374,118.0,21.0,396.0,228.0
104154,1,16375,118.0,21.0,396.0,228.0
104154,1,16376,118.0,21.0,396.0,228.0
104154,1,16377,118.0,21.0,396.0,228.0
104154,1,16378,118.0,21.0,396.0,228.0
104154,1,16379,118.0,21.0,396.0,228.0
104154,1,16380,118.0,21.0,396.0,228.0
104154,1,16381,118.0,21.0,396.0,228.0
104154,1,16382,118.0,21.0,396.0,228.0
104154,1,16383,143.0,11.0,396.0,228.0
104154,1,16384,143.0,11.0,396.0,228.0
104154,1,16385,143.0,11.0,396.0,228.0
104154,1,16386,143.0,11.0,396.0,228.0
104154,1,16387,143.0,11.0,396.0,228.0
104154,1,16388,143.0,11.0,396.0,228.0
104154,1,16389,143.0,11.0,396.0,228.0
104154,1,16390,143.0,11.0,396.0,228.0
104154,1,16391,143.0,11.0,396.0,228.0
104154,1,16392,143.0,11.0,396.0,228.0
104154,1,16393,143.0,11.0,396.0,228.0
104154,1,16394,143.0,11.0,396.0,228.0
104154,1,16395,143.0,11.0,396.0,228.0
104154,1,16396,143.0,11.0,396.0,228.0
104154,1,16397,143.0,11.0,396.0,228.0
104154,1,16398,143.0,11.0,396.0,228.0
104154,1,16399,143.0,0,396.0,228.0
104154,1,16400,143.0,0,396.0,228.0
104154,1,16401,143.0,0,396.0,228.0
104154,1,16402,143.0,0,396.0,228.0
104154,1,16403,143.0,0,396.0,228.0
104154,1,16404,143.0,0,396.0,228.0
104154,1,16405,143.0,0,396.0,228.0
104154,1,16406,143.0,0,396.0,228.0
104154,1,16407,143.0,0,396.0,228.0
104154,1,16408,143.0,0,396.0,228.0
104154,1,16409,143.0,0,396.0,228.0
104154,1,16410,174.0,0,397.0,228.0
104154,1,16411,174.0,0,397.0,228.0
104154,1,16412,174.0,0,397.0,228.0
104154,1,16413,174.0,0,397.0,228.0
104154,1,16414,184.0,0,397.0,228.0
104154,1,16415,184.0,0,397.0,228.0
104154,1,16416,184.0,0,397.0,228.0
104154,1,16417,184.0,0,397.0,228.0
104154,1,16418,184.0,0,397.0,228.0
