epoch,video_id,raw_line,class_id,draws
1,140555,1,2,8
1,140555,2,1,6
1,140555,3,3,6
1,140555,4,1,5
1,140555,5,2,4
1,140555,6,1,6
1,140555,7,3,5
1,140555,8,1,3
1,140555,9,2,8
1,140555,10,1,8
1,140555,11,3,1
1,140555,12,1,5
1,140555,13,2,3
1,140555,14,1,4
1,140555,15,3,4
1,140555,16,1,3
1,140555,17,2,4
1,140555,18,1,5
1,140555,20,1,5
1,140555,21,2,6
1,140555,22,1,3
1,140555,23,3,4
1,140555,24,1,4
1,140555,25,2,4
1,140555,26,1,7
1,140555,27,3,6
1,140555,28,1,2
1,140555,29,2,3
1,140555,30,1,8
1,140555,31,3,5
1,140555,32,1,2
1,140555,33,2,3
1,140555,34,1,8
1,140555,35,3,7
1,140555,36,1,3
1,140555,37,2,7
1,140555,38,1,5
1,140555,39,3,5
1,140555,40,1,1
1,140555,41,2,5
1,140555,42,1,4
1,140555,43,2,10
1,140555,44,2,7
1,140555,45,1,2
1,140555,46,4,3
1,140555,47,1,3
1,140555,48,0,1
1,143110,2,1,9
1,143110,3,3,3
1,143110,4,1,3
1,143110,5,0,4
1,143110,6,2,4
1,143110,7,1,3
1,143110,8,3,2
1,143110,9,1,1
1,143110,10,2,3
1,143110,11,1,3
1,143110,12,3,4
1,143110,13,1,5
1,143110,14,2,4
1,143110,15,1,2
1,143110,16,3,6
1,143110,17,1,5
1,143110,18,2,3
1,143110,19,1,8
1,143110,20,3,11
1,143110,21,1,5
1,143110,22,2,5
1,143110,23,1,7
1,143110,24,3,7
1,143110,25,1,4
1,143110,26,0,7
1,143110,27,2,6
1,143110,28,1,2
1,143110,29,3,4
1,143110,30,1,4
1,143110,31,2,3
1,143110,32,1,4
1,143110,33,3,7
1,143110,34,1,4
1,143110,35,2,3
1,143110,36,1,2
1,143110,37,3,4
1,143110,38,1,9
1,143110,39,2,1
1,143110,40,1,6
1,143110,41,3,10
1,143110,42,1,7
1,143110,43,2,2
1,143110,44,1,3
1,143110,45,0,4
1,144206,1,2,3
1,144206,3,3,6
1,144206,4,1,5
1,144206,5,2,1
1,144206,6,1,1
1,144206,7,3,4
1,144206,8,1,8
1,144206,9,2,6
1,144206,10,1,2
1,144206,11,3,7
1,144206,12,1,2
1,144206,13,2,6
1,144206,14,1,5
1,144206,15,3,4
1,144206,16,1,1
1,144206,17,2,3
1,144206,18,1,6
1,144206,19,3,5
1,144206,20,1,2
1,144206,21,2,4
1,144206,22,1,5
1,144206,23,3,8
1,144206,24,1,2
1,144206,25,2,4
1,144206,26,1,4
1,144206,27,3,4
1,144206,28,1,4
1,144206,29,2,2
1,144206,30,1,3
1,144206,31,3,3
1,144206,32,1,2
1,144206,33,0,4
1,144206,34,1,6
1,144206,35,0,4
1,144206,36,1,8
1,144206,37,4,1
1,151341,1,0,4
1,151341,2,3,5
1,151341,3,1,11
1,151341,4,2,2
1,151341,5,1,3
1,151341,6,3,3
1,151341,7,1,7
1,151341,8,2,4
1,151341,9,1,3
1,151341,10,3,2
1,151341,11,1,5
1,151341,12,2,3
1,151341,13,1,5
1,151341,14,3,7
1,151341,15,1,4
1,151341,16,2,2
1,151341,17,1,3
1,151341,18,3,6
1,151341,19,1,6
1,151341,20,2,3
1,151341,21,1,6
1,151341,22,3,4
1,151341,23,1,5
1,151341,24,2,3
1,151341,25,1,6
1,151341,26,3,5
1,151341,27,1,5
1,151341,28,2,3
1,151341,29,1,6
1,151341,30,0,5
1,152129,1,0,5
1,152129,2,3,1
1,152129,3,1,2
1,152129,4,2,3
1,152129,5,1,6
1,152129,6,3,5
1,152129,7,1,4
1,152129,8,2,3
1,152129,9,1,7
1,152129,10,3,2
1,152129,11,1,8
1,152129,12,2,5
1,152129,13,1,2
1,152129,14,3,3
1,152129,15,1,2
1,152129,16,2,4
1,152129,17,1,5
1,152129,18,3,3
1,152129,19,1,2
1,152129,20,2,4
1,152129,21,1,1
1,152129,22,3,4
1,152129,23,1,2
1,152129,24,2,1
1,152129,25,1,4
1,152129,26,3,4
1,152129,27,1,4
1,152129,28,2,9
1,152129,29,1,3
1,152129,30,3,3
1,152129,31,1,8
1,152129,32,2,6
1,153004,1,0,4
1,153004,2,3,1
1,153004,3,1,5
1,153004,4,2,6
1,153004,5,1,3
1,153004,6,3,1
1,153004,7,1,6
1,153004,8,2,2
1,153004,9,1,4
1,153004,10,3,3
1,153004,11,1,5
1,153004,12,2,7
1,153004,13,1,4
1,153004,14,3,4
1,153004,15,1,3
1,153004,16,2,5
1,153004,17,1,2
1,153004,18,3,3
1,153004,19,1,3
1,153004,20,2,4
1,153004,21,1,4
1,153004,22,3,3
1,153004,23,1,8
1,153004,24,2,5
1,153004,25,1,5
1,153004,26,3,5
1,153004,27,1,1
1,153004,28,2,5
1,153004,29,0,4
1,153004,30,2,4
1,153004,31,1,4
1,153004,32,0,7
2,140555,1,2,2
2,140555,2,1,6
2,140555,3,3,6
2,140555,4,1,7
2,140555,5,2,5
2,140555,7,3,3
2,140555,8,1,3
2,140555,9,2,3
2,140555,10,1,6
2,140555,11,3,4
2,140555,12,1,6
2,140555,13,2,7
2,140555,14,1,7
2,140555,15,3,1
2,140555,16,1,2
2,140555,17,2,5
2,140555,18,1,1
2,140555,19,3,6
2,140555,20,1,6
2,140555,21,2,5
2,140555,22,1,7
2,140555,23,3,4
2,140555,24,1,5
2,140555,25,2,7
2,140555,26,1,8
2,140555,27,3,3
2,140555,28,1,4
2,140555,29,2,1
2,140555,30,1,5
2,140555,31,3,1
2,140555,32,1,6
2,140555,33,2,7
2,140555,34,1,4
2,140555,35,3,5
2,140555,36,1,5
2,140555,37,2,8
2,140555,38,1,3
2,140555,39,3,6
2,140555,40,1,8
2,140555,41,2,3
2,140555,42,1,1
2,140555,43,2,4
2,140555,44,2,3
2,140555,45,1,3
2,140555,46,4,3
2,140555,47,1,5
2,140555,48,0,5
2,143110,2,1,3
2,143110,3,3,3
2,143110,4,1,1
2,143110,5,0,4
2,143110,6,2,4
2,143110,7,1,4
2,143110,8,3,5
2,143110,9,1,7
2,143110,10,2,3
2,143110,11,1,5
2,143110,12,3,3
2,143110,13,1,5
2,143110,14,2,2
2,143110,15,1,2
2,143110,16,3,4
2,143110,17,1,4
2,143110,18,2,2
2,143110,19,1,6
2,143110,20,3,5
2,143110,21,1,6
2,143110,22,2,5
2,143110,23,1,2
2,143110,24,3,2
2,143110,25,1,5
2,143110,26,0,5
2,143110,27,2,5
2,143110,28,1,6
2,143110,29,3,3
2,143110,30,1,5
2,143110,31,2,8
2,143110,32,1,3
2,143110,33,3,10
2,143110,34,1,1
2,143110,35,2,5
2,143110,36,1,3
2,143110,37,3,8
2,143110,38,1,2
2,143110,39,2,5
2,143110,40,1,4
2,143110,41,3,7
2,143110,42,1,7
2,143110,43,2,4
2,143110,44,1,2
2,143110,45,0,5
2,144206,1,2,3
2,144206,2,1,3
2,144206,3,3,4
2,144206,4,1,2
2,144206,5,2,2
2,144206,6,1,5
2,144206,7,3,3
2,144206,8,1,4
2,144206,9,2,6
2,144206,10,1,8
2,144206,11,3,3
2,144206,12,1,3
2,144206,13,2,2
2,144206,14,1,6
2,144206,15,3,2
2,144206,16,1,1
2,144206,17,2,7
2,144206,18,1,4
2,144206,19,3,7
2,144206,20,1,6
2,144206,21,2,7
2,144206,22,1,6
2,144206,23,3,6
2,144206,24,1,8
2,144206,25,2,2
2,144206,26,1,4
2,144206,27,3,5
2,144206,28,1,1
2,144206,29,2,5
2,144206,30,1,2
2,144206,31,3,8
2,144206,32,1,1
2,144206,33,0,5
2,144206,34,1,7
2,144206,35,0,7
2,144206,36,1,3
2,144206,37,4,7
2,151341,1,0,3
2,151341,2,3,10
2,151341,4,2,2
2,151341,5,1,3
2,151341,6,3,6
2,151341,7,1,5
2,151341,8,2,4
2,151341,9,1,5
2,151341,10,3,3
2,151341,11,1,2
2,151341,12,2,7
2,151341,13,1,4
2,151341,14,3,4
2,151341,15,1,4
2,151341,16,2,1
2,151341,17,1,3
2,151341,18,3,3
2,151341,19,1,4
2,151341,20,2,6
2,151341,21,1,3
2,151341,22,3,3
2,151341,23,1,7
2,151341,24,2,6
2,151341,25,1,7
2,151341,26,3,4
2,151341,27,1,2
2,151341,28,2,3
2,151341,29,1,7
2,151341,30,0,10
2,152129,1,0,5
2,152129,2,3,4
2,152129,3,1,6
2,152129,4,2,4
2,152129,5,1,8
2,152129,6,3,3
2,152129,7,1,6
2,152129,8,2,4
2,152129,9,1,4
2,152129,10,3,4
2,152129,11,1,7
2,152129,12,2,4
2,152129,13,1,8
2,152129,14,3,3
2,152129,15,1,2
2,152129,16,2,1
2,152129,17,1,4
2,152129,18,3,5
2,152129,20,2,5
2,152129,21,1,7
2,152129,22,3,1
2,152129,23,1,3
2,152129,24,2,4
2,152129,25,1,4
2,152129,26,3,5
2,152129,27,1,4
2,152129,28,2,2
2,152129,29,1,3
2,152129,30,3,4
2,152129,31,1,5
2,152129,32,2,5
2,153004,1,0,1
2,153004,2,3,6
2,153004,3,1,5
2,153004,5,1,3
2,153004,6,3,5
2,153004,7,1,5
2,153004,8,2,2
2,153004,9,1,3
2,153004,10,3,4
2,153004,11,1,8
2,153004,12,2,5
2,153004,13,1,6
2,153004,14,3,1
2,153004,15,1,3
2,153004,16,2,2
2,153004,17,1,5
2,153004,18,3,1
2,153004,19,1,3
2,153004,20,2,2
2,153004,21,1,2
2,153004,22,3,7
2,153004,23,1,4
2,153004,24,2,4
2,153004,25,1,3
2,153004,27,1,4
2,153004,28,2,5
2,153004,29,0,8
2,153004,30,2,8
2,153004,31,1,5
2,153004,32,0,5
3,140555,1,2,4
3,140555,2,1,3
3,140555,3,3,3
3,140555,4,1,7
3,140555,5,2,4
3,140555,6,1,4
3,140555,7,3,3
3,140555,8,1,3
3,140555,9,2,2
3,140555,10,1,7
3,140555,11,3,1
3,140555,12,1,4
3,140555,13,2,4
3,140555,14,1,5
3,140555,15,3,2
3,140555,16,1,1
3,140555,17,2,2
3,140555,18,1,6
3,140555,19,3,3
3,140555,20,1,3
3,140555,21,2,5
3,140555,22,1,4
3,140555,23,3,4
3,140555,24,1,2
3,140555,25,2,2
3,140555,26,1,9
3,140555,27,3,6
3,140555,28,1,4
3,140555,29,2,3
3,140555,30,1,5
3,140555,31,3,10
3,140555,32,1,4
3,140555,33,2,4
3,140555,34,1,7
3,140555,35,3,6
3,140555,36,1,5
3,140555,37,2,5
3,140555,38,1,4
3,140555,39,3,8
3,140555,40,1,6
3,140555,41,2,4
3,140555,42,1,2
3,140555,43,2,6
3,140555,44,2,3
3,140555,45,1,7
3,140555,46,4,4
3,140555,47,1,8
3,140555,48,0,3
3,143110,2,1,4
3,143110,3,3,4
3,143110,4,1,2
3,143110,5,0,3
3,143110,6,2,9
3,143110,7,1,9
3,143110,8,3,4
3,143110,9,1,7
3,143110,10,2,3
3,143110,11,1,3
3,143110,12,3,5
3,143110,13,1,4
3,143110,14,2,1
3,143110,15,1,9
3,143110,16,3,4
3,143110,17,1,3
3,143110,18,2,3
3,143110,19,1,5
3,143110,20,3,6
3,143110,21,1,2
3,143110,22,2,4
3,143110,23,1,6
3,143110,24,3,6
3,143110,25,1,3
3,143110,26,0,8
3,143110,27,2,5
3,143110,28,1,9
3,143110,29,3,8
3,143110,30,1,5
3,143110,31,2,3
3,143110,32,1,2
3,143110,33,3,2
3,143110,34,1,8
3,143110,35,2,3
3,143110,36,1,3
3,143110,37,3,2
3,143110,38,1,6
3,143110,39,2,3
3,143110,40,1,5
3,143110,41,3,5
3,143110,42,1,2
3,143110,43,2,4
3,143110,44,1,5
3,143110,45,0,8
3,144206,1,2,3
3,144206,2,1,4
3,144206,3,3,2
3,144206,4,1,4
3,144206,5,2,3
3,144206,6,1,6
3,144206,7,3,6
3,144206,8,1,7
3,144206,9,2,3
3,144206,10,1,2
3,144206,11,3,4
3,144206,12,1,2
3,144206,13,2,4
3,144206,14,1,3
3,144206,15,3,4
3,144206,16,1,2
3,144206,17,2,7
3,144206,18,1,5
3,144206,19,3,5
3,144206,20,1,5
3,144206,21,2,2
3,144206,22,1,4
3,144206,23,3,6
3,144206,24,1,3
3,144206,25,2,6
3,144206,26,1,3
3,144206,27,3,3
3,144206,28,1,5
3,144206,29,2,2
3,144206,30,1,7
3,144206,31,3,2
3,144206,32,1,2
3,144206,33,0,3
3,144206,34,1,6
3,144206,35,0,3
3,144206,36,1,6
3,144206,37,4,1
3,151341,1,0,5
3,151341,2,3,6
3,151341,3,1,6
3,151341,4,2,2
3,151341,5,1,6
3,151341,6,3,4
3,151341,7,1,3
3,151341,9,1,4
3,151341,10,3,6
3,151341,11,1,7
3,151341,12,2,4
3,151341,13,1,5
3,151341,14,3,5
3,151341,15,1,8
3,151341,16,2,5
3,151341,17,1,2
3,151341,18,3,4
3,151341,19,1,7
3,151341,21,1,4
3,151341,22,3,3
3,151341,23,1,2
3,151341,24,2,4
3,151341,25,1,4
3,151341,26,3,1
3,151341,27,1,7
3,151341,28,2,1
3,151341,29,1,4
3,151341,30,0,3
3,152129,1,0,3
3,152129,2,3,2
3,152129,3,1,5
3,152129,4,2,2
3,152129,5,1,4
3,152129,6,3,6
3,152129,7,1,2
3,152129,8,2,4
3,152129,9,1,3
3,152129,10,3,9
3,152129,11,1,1
3,152129,12,2,6
3,152129,13,1,5
3,152129,14,3,5
3,152129,15,1,8
3,152129,16,2,6
3,152129,17,1,4
3,152129,18,3,6
3,152129,19,1,10
3,152129,20,2,3
3,152129,21,1,3
3,152129,22,3,5
3,152129,23,1,3
3,152129,24,2,4
3,152129,25,1,8
3,152129,26,3,3
3,152129,27,1,4
3,152129,28,2,4
3,152129,29,1,7
3,152129,30,3,4
3,152129,31,1,2
3,152129,32,2,8
3,153004,1,0,5
3,153004,2,3,3
3,153004,3,1,2
3,153004,4,2,2
3,153004,5,1,5
3,153004,6,3,4
3,153004,7,1,2
3,153004,8,2,4
3,153004,9,1,2
3,153004,10,3,4
3,153004,11,1,7
3,153004,12,2,3
3,153004,13,1,4
3,153004,14,3,5
3,153004,15,1,4
3,153004,16,2,5
3,153004,17,1,3
3,153004,18,3,5
3,153004,19,1,3
3,153004,20,2,1
3,153004,21,1,9
3,153004,22,3,3
3,153004,23,1,4
3,153004,24,2,4
3,153004,25,1,2
3,153004,26,3,7
3,153004,27,1,5
3,153004,28,2,8
3,153004,29,0,3
3,153004,30,2,3
3,153004,31,1,1
3,153004,32,0,6
4,140555,1,2,3
4,140555,2,1,3
4,140555,3,3,5
4,140555,4,1,5
4,140555,5,2,4
4,140555,6,1,2
4,140555,7,3,2
4,140555,8,1,4
4,140555,9,2,6
4,140555,10,1,2
4,140555,11,3,4
4,140555,12,1,3
4,140555,13,2,2
4,140555,14,1,8
4,140555,15,3,6
4,140555,16,1,3
4,140555,17,2,5
4,140555,18,1,5
4,140555,19,3,4
4,140555,20,1,4
4,140555,21,2,7
4,140555,22,1,4
4,140555,23,3,5
4,140555,24,1,2
4,140555,25,2,5
4,140555,26,1,6
4,140555,27,3,3
4,140555,28,1,3
4,140555,29,2,3
4,140555,30,1,5
4,140555,31,3,1
4,140555,32,1,5
4,140555,33,2,5
4,140555,34,1,6
4,140555,35,3,6
4,140555,36,1,3
4,140555,37,2,5
4,140555,38,1,6
4,140555,39,3,2
4,140555,40,1,4
4,140555,41,2,5
4,140555,42,1,4
4,140555,43,2,6
4,140555,44,2,3
4,140555,45,1,4
4,140555,46,4,2
4,140555,47,1,8
4,140555,48,0,10
4,143110,2,1,5
4,143110,3,3,4
4,143110,4,1,9
4,143110,5,0,2
4,143110,6,2,3
4,143110,7,1,3
4,143110,8,3,5
4,143110,9,1,4
4,143110,10,2,2
4,143110,11,1,4
4,143110,12,3,6
4,143110,13,1,6
4,143110,14,2,3
4,143110,15,1,2
4,143110,16,3,4
4,143110,17,1,5
4,143110,18,2,5
4,143110,19,1,6
4,143110,20,3,3
4,143110,21,1,5
4,143110,22,2,4
4,143110,23,1,8
4,143110,24,3,3
4,143110,25,1,2
4,143110,26,0,8
4,143110,27,2,8
4,143110,28,1,6
4,143110,29,3,1
4,143110,30,1,4
4,143110,31,2,2
4,143110,32,1,7
4,143110,33,3,7
4,143110,34,1,3
4,143110,35,2,7
4,143110,36,1,5
4,143110,37,3,6
4,143110,38,1,7
4,143110,39,2,8
4,143110,40,1,6
4,143110,41,3,6
4,143110,42,1,4
4,143110,43,2,6
4,143110,44,1,3
4,143110,45,0,3
4,144206,1,2,4
4,144206,2,1,3
4,144206,3,3,6
4,144206,4,1,3
4,144206,5,2,2
4,144206,6,1,7
4,144206,7,3,3
4,144206,8,1,6
4,144206,9,2,7
4,144206,10,1,6
4,144206,11,3,5
4,144206,12,1,7
4,144206,13,2,3
4,144206,14,1,4
4,144206,15,3,8
4,144206,16,1,1
4,144206,17,2,4
4,144206,18,1,7
4,144206,19,3,4
4,144206,20,1,4
4,144206,21,2,4
4,144206,22,1,5
4,144206,23,3,2
4,144206,24,1,10
4,144206,25,2,2
4,144206,26,1,1
4,144206,27,3,4
4,144206,28,1,3
4,144206,29,2,10
4,144206,30,1,2
4,144206,31,3,2
4,144206,32,1,3
4,144206,33,0,3
4,144206,34,1,4
4,144206,35,0,6
4,144206,36,1,2
4,144206,37,4,4
4,151341,1,0,4
4,151341,2,3,3
4,151341,3,1,4
4,151341,4,2,5
4,151341,5,1,6
4,151341,6,3,10
4,151341,7,1,3
4,151341,8,2,4
4,151341,9,1,4
4,151341,10,3,2
4,151341,11,1,7
4,151341,12,2,2
4,151341,13,1,3
4,151341,14,3,4
4,151341,15,1,3
4,151341,16,2,4
4,151341,17,1,5
4,151341,18,3,4
4,151341,19,1,3
4,151341,20,2,7
4,151341,21,1,2
4,151341,22,3,1
4,151341,23,1,2
4,151341,24,2,3
4,151341,25,1,4
4,151341,26,3,2
4,151341,27,1,2
4,151341,28,2,1
4,151341,29,1,3
4,151341,30,0,6
4,152129,1,0,1
4,152129,2,3,9
4,152129,3,1,5
4,152129,4,2,2
4,152129,5,1,5
4,152129,6,3,6
4,152129,7,1,3
4,152129,8,2,2
4,152129,9,1,2
4,152129,10,3,4
4,152129,11,1,6
4,152129,12,2,5
4,152129,13,1,4
4,152129,14,3,1
4,152129,15,1,3
4,152129,16,2,1
4,152129,17,1,2
4,152129,18,3,4
4,152129,19,1,3
4,152129,20,2,4
4,152129,21,1,1
4,152129,22,3,3
4,152129,23,1,3
4,152129,24,2,3
4,152129,25,1,6
4,152129,26,3,6
4,152129,27,1,7
4,152129,28,2,7
4,152129,29,1,7
4,152129,30,3,4
4,152129,31,1,5
4,152129,32,2,4
4,153004,1,0,5
4,153004,2,3,7
4,153004,3,1,3
4,153004,4,2,4
4,153004,5,1,2
4,153004,6,3,8
4,153004,7,1,7
4,153004,8,2,1
4,153004,9,1,3
4,153004,10,3,2
4,153004,11,1,1
4,153004,12,2,4
4,153004,13,1,3
4,153004,14,3,4
4,153004,15,1,6
4,153004,16,2,7
4,153004,17,1,5
4,153004,18,3,3
4,153004,19,1,11
4,153004,20,2,3
4,153004,21,1,3
4,153004,22,3,7
4,153004,23,1,4
4,153004,24,2,2
4,153004,25,1,5
4,153004,26,3,3
4,153004,27,1,2
4,153004,28,2,4
4,153004,29,0,4
4,153004,30,2,4
4,153004,31,1,7
4,153004,32,0,6
5,140555,1,2,2
5,140555,2,1,7
5,140555,3,3,4
5,140555,4,1,3
5,140555,5,2,7
5,140555,6,1,3
5,140555,7,3,2
5,140555,8,1,3
5,140555,9,2,12
5,140555,10,1,5
5,140555,11,3,3
5,140555,12,1,2
5,140555,13,2,4
5,140555,14,1,5
5,140555,15,3,3
5,140555,16,1,8
5,140555,17,2,4
5,140555,18,1,5
5,140555,19,3,3
5,140555,20,1,5
5,140555,21,2,4
5,140555,22,1,4
5,140555,23,3,5
5,140555,24,1,6
5,140555,25,2,5
5,140555,26,1,10
5,140555,27,3,4
5,140555,28,1,4
5,140555,29,2,2
5,140555,30,1,6
5,140555,31,3,3
5,140555,32,1,4
5,140555,33,2,5
5,140555,34,1,4
5,140555,35,3,4
5,140555,37,2,3
5,140555,38,1,2
5,140555,39,3,8
5,140555,40,1,7
5,140555,41,2,5
5,140555,42,1,5
5,140555,43,2,6
5,140555,44,2,2
5,140555,45,1,4
5,140555,46,4,2
5,140555,47,1,7
5,140555,48,0,3
5,143110,2,1,10
5,143110,3,3,3
5,143110,4,1,4
5,143110,5,0,4
5,143110,7,1,5
5,143110,8,3,5
5,143110,9,1,4
5,143110,10,2,4
5,143110,11,1,5
5,143110,12,3,3
5,143110,13,1,3
5,143110,14,2,3
5,143110,15,1,2
5,143110,17,1,4
5,143110,18,2,2
5,143110,19,1,7
5,143110,20,3,3
5,143110,21,1,2
5,143110,22,2,8
5,143110,23,1,7
5,143110,24,3,4
5,143110,25,1,2
5,143110,26,0,4
5,143110,27,2,3
5,143110,28,1,4
5,143110,29,3,5
5,143110,30,1,5
5,143110,31,2,6
5,143110,32,1,3
5,143110,33,3,4
5,143110,34,1,2
5,143110,35,2,5
5,143110,36,1,6
5,143110,37,3,2
5,143110,38,1,4
5,143110,39,2,4
5,143110,40,1,3
5,143110,41,3,3
5,143110,42,1,7
5,143110,43,2,6
5,143110,44,1,4
5,143110,45,0,2
5,144206,1,2,4
5,144206,2,1,7
5,144206,3,3,3
5,144206,4,1,8
5,144206,5,2,1
5,144206,6,1,3
5,144206,7,3,4
5,144206,8,1,3
5,144206,9,2,5
5,144206,10,1,3
5,144206,11,3,7
5,144206,12,1,4
5,144206,13,2,2
5,144206,14,1,4
5,144206,15,3,6
5,144206,16,1,2
5,144206,17,2,2
5,144206,18,1,5
5,144206,19,3,6
5,144206,20,1,3
5,144206,21,2,3
5,144206,22,1,4
5,144206,23,3,2
5,144206,24,1,8
5,144206,25,2,2
5,144206,26,1,3
5,144206,27,3,5
5,144206,28,1,3
5,144206,29,2,8
5,144206,30,1,5
5,144206,31,3,5
5,144206,32,1,4
5,144206,33,0,3
5,144206,34,1,7
5,144206,35,0,5
5,144206,36,1,5
5,144206,37,4,3
5,151341,1,0,4
5,151341,2,3,7
5,151341,3,1,3
5,151341,4,2,4
5,151341,5,1,4
5,151341,6,3,4
5,151341,7,1,7
5,151341,8,2,5
5,151341,9,1,2
5,151341,10,3,2
5,151341,11,1,6
5,151341,12,2,6
5,151341,13,1,3
5,151341,14,3,3
5,151341,15,1,1
5,151341,16,2,4
5,151341,17,1,2
5,151341,18,3,4
5,151341,19,1,2
5,151341,20,2,3
5,151341,21,1,3
5,151341,22,3,4
5,151341,23,1,3
5,151341,24,2,1
5,151341,25,1,5
5,151341,26,3,7
5,151341,27,1,5
5,151341,28,2,5
5,151341,29,1,6
5,151341,30,0,10
5,152129,2,3,3
5,152129,3,1,6
5,152129,4,2,3
5,152129,5,1,7
5,152129,6,3,4
5,152129,7,1,5
5,152129,8,2,7
5,152129,9,1,1
5,152129,10,3,1
5,152129,11,1,5
5,152129,12,2,7
5,152129,13,1,2
5,152129,14,3,7
5,152129,15,1,5
5,152129,16,2,6
5,152129,17,1,5
5,152129,18,3,6
5,152129,19,1,4
5,152129,20,2,8
5,152129,21,1,9
5,152129,22,3,4
5,152129,23,1,3
5,152129,24,2,3
5,152129,25,1,2
5,152129,26,3,7
5,152129,27,1,7
5,152129,28,2,3
5,152129,29,1,7
5,152129,30,3,1
5,152129,31,1,5
5,152129,32,2,7
5,153004,1,0,3
5,153004,2,3,1
5,153004,3,1,3
5,153004,4,2,8
5,153004,5,1,5
5,153004,6,3,3
5,153004,7,1,4
5,153004,8,2,3
5,153004,9,1,6
5,153004,10,3,5
5,153004,12,2,6
5,153004,13,1,2
5,153004,14,3,4
5,153004,15,1,2
5,153004,16,2,3
5,153004,17,1,2
5,153004,18,3,6
5,153004,19,1,4
5,153004,20,2,2
5,153004,21,1,3
5,153004,22,3,9
5,153004,23,1,2
5,153004,24,2,5
5,153004,25,1,5
5,153004,26,3,7
5,153004,27,1,4
5,153004,28,2,6
5,153004,29,0,6
5,153004,30,2,4
5,153004,31,1,9
5,153004,32,0,6
6,140555,1,2,5
6,140555,2,1,2
6,140555,3,3,4
6,140555,4,1,4
6,140555,5,2,7
6,140555,6,1,4
6,140555,7,3,4
6,140555,8,1,2
6,140555,9,2,5
6,140555,10,1,3
6,140555,12,1,2
6,140555,13,2,4
6,140555,14,1,5
6,140555,15,3,4
6,140555,16,1,7
6,140555,17,2,6
6,140555,18,1,7
6,140555,19,3,8
6,140555,20,1,5
6,140555,21,2,7
6,140555,22,1,10
6,140555,23,3,7
6,140555,24,1,4
6,140555,25,2,6
6,140555,26,1,2
6,140555,27,3,4
6,140555,28,1,6
6,140555,29,2,6
6,140555,30,1,3
6,140555,31,3,5
6,140555,32,1,4
6,140555,33,2,3
6,140555,34,1,8
6,140555,35,3,3
6,140555,36,1,10
6,140555,38,1,4
6,140555,39,3,3
6,140555,40,1,5
6,140555,42,1,5
6,140555,43,2,1
6,140555,44,2,10
6,140555,45,1,2
6,140555,46,4,2
6,140555,47,1,6
6,140555,48,0,2
6,143110,2,1,5
6,143110,3,3,7
6,143110,4,1,5
6,143110,5,0,8
6,143110,6,2,5
6,143110,7,1,5
6,143110,8,3,3
6,143110,9,1,4
6,143110,10,2,5
6,143110,11,1,4
6,143110,12,3,2
6,143110,13,1,2
6,143110,14,2,4
6,143110,15,1,6
6,143110,16,3,4
6,143110,17,1,3
6,143110,18,2,4
6,143110,19,1,3
6,143110,21,1,6
6,143110,22,2,7
6,143110,23,1,3
6,143110,24,3,7
6,143110,25,1,6
6,143110,26,0,5
6,143110,27,2,5
6,143110,28,1,1
6,143110,29,3,4
6,143110,30,1,6
6,143110,31,2,6
6,143110,32,1,4
6,143110,33,3,6
6,143110,34,1,3
6,143110,35,2,4
6,143110,36,1,3
6,143110,37,3,4
6,143110,38,1,6
6,143110,39,2,9
6,143110,40,1,4
6,143110,41,3,3
6,143110,42,1,4
6,143110,43,2,4
6,143110,44,1,3
6,143110,45,0,2
6,144206,1,2,4
6,144206,2,1,1
6,144206,3,3,3
6,144206,4,1,1
6,144206,5,2,5
6,144206,6,1,6
6,144206,7,3,3
6,144206,8,1,4
6,144206,9,2,4
6,144206,10,1,3
6,144206,11,3,4
6,144206,12,1,2
6,144206,13,2,3
6,144206,14,1,6
6,144206,15,3,3
6,144206,16,1,2
6,144206,17,2,3
6,144206,18,1,4
6,144206,19,3,2
6,144206,20,1,2
6,144206,21,2,2
6,144206,22,1,5
6,144206,23,3,6
6,144206,24,1,6
6,144206,25,2,9
6,144206,26,1,5
6,144206,27,3,4
6,144206,28,1,5
6,144206,29,2,4
6,144206,30,1,7
6,144206,31,3,2
6,144206,32,1,4
6,144206,33,0,4
6,144206,34,1,5
6,144206,35,0,5
6,144206,36,1,3
6,144206,37,4,3
6,151341,1,0,4
6,151341,2,3,3
6,151341,3,1,4
6,151341,4,2,3
6,151341,5,1,2
6,151341,6,3,2
6,151341,7,1,3
6,151341,8,2,3
6,151341,9,1,5
6,151341,10,3,2
6,151341,11,1,3
6,151341,13,1,5
6,151341,14,3,3
6,151341,15,1,7
6,151341,16,2,8
6,151341,17,1,4
6,151341,18,3,5
6,151341,19,1,6
6,151341,20,2,11
6,151341,21,1,6
6,151341,22,3,7
6,151341,23,1,4
6,151341,24,2,6
6,151341,25,1,4
6,151341,26,3,2
6,151341,27,1,3
6,151341,28,2,2
6,151341,29,1,8
6,151341,30,0,2
6,152129,1,0,3
6,152129,2,3,6
6,152129,3,1,9
6,152129,4,2,4
6,152129,5,1,7
6,152129,6,3,4
6,152129,7,1,3
6,152129,8,2,3
6,152129,9,1,3
6,152129,10,3,2
6,152129,11,1,6
6,152129,12,2,3
6,152129,13,1,2
6,152129,14,3,10
6,152129,15,1,10
6,152129,16,2,3
6,152129,17,1,4
6,152129,18,3,4
6,152129,19,1,10
6,152129,20,2,5
6,152129,21,1,6
6,152129,22,3,4
6,152129,23,1,3
6,152129,24,2,3
6,152129,25,1,4
6,152129,26,3,7
6,152129,27,1,7
6,152129,28,2,2
6,152129,29,1,5
6,152129,30,3,2
6,152129,31,1,3
6,152129,32,2,4
6,153004,1,0,5
6,153004,2,3,8
6,153004,3,1,3
6,153004,4,2,5
6,153004,5,1,2
6,153004,6,3,6
6,153004,7,1,6
6,153004,8,2,5
6,153004,9,1,8
6,153004,11,1,4
6,153004,12,2,2
6,153004,13,1,5
6,153004,14,3,4
6,153004,15,1,1
6,153004,16,2,3
6,153004,17,1,4
6,153004,18,3,7
6,153004,19,1,1
6,153004,20,2,3
6,153004,21,1,8
6,153004,22,3,4
6,153004,23,1,3
6,153004,24,2,3
6,153004,25,1,2
6,153004,26,3,3
6,153004,27,1,2
6,153004,28,2,3
6,153004,29,0,3
6,153004,30,2,2
6,153004,31,1,5
6,153004,32,0,8
7,140555,1,2,3
7,140555,2,1,5
7,140555,3,3,4
7,140555,4,1,4
7,140555,5,2,4
7,140555,6,1,4
7,140555,7,3,3
7,140555,8,1,3
7,140555,9,2,3
7,140555,10,1,6
7,140555,11,3,5
7,140555,12,1,4
7,140555,13,2,4
7,140555,14,1,5
7,140555,15,3,5
7,140555,16,1,2
7,140555,17,2,4
7,140555,18,1,6
7,140555,19,3,2
7,140555,20,1,2
7,140555,21,2,4
7,140555,22,1,4
7,140555,23,3,3
7,140555,24,1,7
7,140555,25,2,7
7,140555,26,1,2
7,140555,27,3,4
7,140555,28,1,3
7,140555,29,2,1
7,140555,30,1,5
7,140555,31,3,4
7,140555,32,1,3
7,140555,33,2,3
7,140555,34,1,4
7,140555,35,3,2
7,140555,36,1,5
7,140555,37,2,3
7,140555,38,1,3
7,140555,39,3,6
7,140555,40,1,3
7,140555,41,2,3
7,140555,42,1,4
7,140555,43,2,5
7,140555,44,2,4
7,140555,45,1,2
7,140555,46,4,4
7,140555,47,1,9
7,140555,48,0,3
7,143110,2,1,4
7,143110,3,3,5
7,143110,4,1,4
7,143110,5,0,5
7,143110,6,2,1
7,143110,7,1,5
7,143110,8,3,4
7,143110,9,1,6
7,143110,10,2,3
7,143110,11,1,2
7,143110,12,3,8
7,143110,13,1,8
7,143110,14,2,4
7,143110,15,1,5
7,143110,16,3,4
7,143110,17,1,4
7,143110,18,2,4
7,143110,19,1,6
7,143110,20,3,3
7,143110,21,1,5
7,143110,22,2,6
7,143110,23,1,7
7,143110,24,3,9
7,143110,25,1,5
7,143110,26,0,3
7,143110,27,2,7
7,143110,28,1,7
7,143110,29,3,5
7,143110,30,1,4
7,143110,31,2,3
7,143110,32,1,7
7,143110,33,3,2
7,143110,34,1,8
7,143110,35,2,1
7,143110,36,1,6
7,143110,37,3,5
7,143110,38,1,7
7,143110,39,2,5
7,143110,40,1,5
7,143110,41,3,4
7,143110,42,1,5
7,143110,43,2,7
7,143110,44,1,5
7,143110,45,0,2
7,144206,1,2,6
7,144206,2,1,2
7,144206,3,3,2
7,144206,4,1,4
7,144206,5,2,1
7,144206,6,1,4
7,144206,7,3,3
7,144206,8,1,7
7,144206,9,2,4
7,144206,10,1,6
7,144206,11,3,4
7,144206,12,1,1
7,144206,13,2,7
7,144206,14,1,2
7,144206,15,3,4
7,144206,16,1,1
7,144206,17,2,3
7,144206,18,1,5
7,144206,19,3,4
7,144206,20,1,2
7,144206,21,2,8
7,144206,23,3,8
7,144206,24,1,7
7,144206,25,2,4
7,144206,26,1,3
7,144206,27,3,4
7,144206,29,2,6
7,144206,30,1,3
7,144206,31,3,2
7,144206,32,1,1
7,144206,33,0,2
7,144206,34,1,7
7,144206,35,0,3
7,144206,36,1,3
7,144206,37,4,2
7,151341,1,0,5
7,151341,2,3,3
7,151341,3,1,4
7,151341,4,2,3
7,151341,5,1,4
7,151341,6,3,9
7,151341,7,1,4
7,151341,8,2,8
7,151341,9,1,3
7,151341,10,3,6
7,151341,11,1,5
7,151341,12,2,4
7,151341,13,1,2
7,151341,14,3,4
7,151341,15,1,1
7,151341,16,2,3
7,151341,17,1,6
7,151341,18,3,5
7,151341,19,1,8
7,151341,20,2,3
7,151341,21,1,3
7,151341,22,3,1
7,151341,23,1,3
7,151341,25,1,6
7,151341,26,3,10
7,151341,27,1,2
7,151341,28,2,6
7,151341,29,1,6
7,151341,30,0,6
7,152129,1,0,3
7,152129,2,3,7
7,152129,3,1,7
7,152129,4,2,3
7,152129,5,1,2
7,152129,6,3,4
7,152129,7,1,3
7,152129,8,2,3
7,152129,9,1,4
7,152129,10,3,7
7,152129,11,1,4
7,152129,12,2,6
7,152129,13,1,1
7,152129,14,3,5
7,152129,15,1,3
7,152129,16,2,4
7,152129,17,1,4
7,152129,18,3,5
7,152129,19,1,2
7,152129,20,2,8
7,152129,21,1,2
7,152129,22,3,3
7,152129,23,1,6
7,152129,24,2,11
7,152129,25,1,2
7,152129,26,3,4
7,152129,27,1,2
7,152129,28,2,3
7,152129,29,1,8
7,152129,30,3,4
7,152129,31,1,6
7,152129,32,2,9
7,153004,1,0,6
7,153004,2,3,6
7,153004,3,1,7
7,153004,4,2,6
7,153004,5,1,5
7,153004,6,3,3
7,153004,7,1,5
7,153004,8,2,3
7,153004,9,1,6
7,153004,10,3,4
7,153004,11,1,6
7,153004,12,2,4
7,153004,14,3,6
7,153004,15,1,4
7,153004,16,2,6
7,153004,17,1,3
7,153004,18,3,4
7,153004,19,1,8
7,153004,20,2,6
7,153004,21,1,3
7,153004,22,3,3
7,153004,23,1,8
7,153004,24,2,3
7,153004,25,1,5
7,153004,26,3,4
7,153004,27,1,3
7,153004,28,2,6
7,153004,29,0,1
7,153004,30,2,4
7,153004,31,1,2
7,153004,32,0,4
8,140555,1,2,5
8,140555,2,1,2
8,140555,3,3,4
8,140555,4,1,2
8,140555,5,2,5
8,140555,6,1,4
8,140555,7,3,4
8,140555,8,1,7
8,140555,9,2,1
8,140555,10,1,3
8,140555,11,3,8
8,140555,12,1,3
8,140555,13,2,3
8,140555,14,1,3
8,140555,15,3,2
8,140555,16,1,5
8,140555,17,2,4
8,140555,19,3,6
8,140555,20,1,1
8,140555,21,2,1
8,140555,22,1,4
8,140555,23,3,3
8,140555,24,1,4
8,140555,25,2,4
8,140555,26,1,3
8,140555,27,3,5
8,140555,28,1,5
8,140555,29,2,4
8,140555,30,1,6
8,140555,31,3,5
8,140555,32,1,2
8,140555,33,2,4
8,140555,34,1,5
8,140555,35,3,3
8,140555,36,1,6
8,140555,37,2,5
8,140555,38,1,5
8,140555,39,3,4
8,140555,40,1,7
8,140555,41,2,5
8,140555,42,1,5
8,140555,43,2,3
8,140555,44,2,4
8,140555,45,1,7
8,140555,46,4,3
8,140555,47,1,5
8,140555,48,0,4
8,143110,2,1,3
8,143110,3,3,9
8,143110,4,1,1
8,143110,5,0,4
8,143110,6,2,6
8,143110,7,1,5
8,143110,8,3,4
8,143110,9,1,1
8,143110,10,2,3
8,143110,11,1,4
8,143110,12,3,2
8,143110,13,1,6
8,143110,14,2,4
8,143110,15,1,6
8,143110,16,3,4
8,143110,17,1,2
8,143110,18,2,6
8,143110,19,1,2
8,143110,20,3,8
8,143110,21,1,5
8,143110,22,2,5
8,143110,23,1,6
8,143110,24,3,3
8,143110,25,1,7
8,143110,26,0,3
8,143110,27,2,3
8,143110,28,1,1
8,143110,29,3,4
8,143110,30,1,9
8,143110,31,2,3
8,143110,32,1,3
8,143110,33,3,5
8,143110,34,1,3
8,143110,35,2,7
8,143110,36,1,4
8,143110,37,3,4
8,143110,38,1,3
8,143110,39,2,2
8,143110,40,1,3
8,143110,41,3,2
8,143110,42,1,4
8,143110,43,2,4
8,143110,44,1,4
8,143110,45,0,5
8,144206,1,2,3
8,144206,2,1,6
8,144206,3,3,9
8,144206,4,1,3
8,144206,5,2,2
8,144206,6,1,3
8,144206,7,3,6
8,144206,8,1,6
8,144206,9,2,4
8,144206,10,1,6
8,144206,11,3,6
8,144206,12,1,3
8,144206,13,2,2
8,144206,14,1,1
8,144206,15,3,6
8,144206,16,1,4
8,144206,17,2,7
8,144206,18,1,2
8,144206,19,3,4
8,144206,20,1,9
8,144206,21,2,6
8,144206,22,1,4
8,144206,23,3,2
8,144206,24,1,5
8,144206,25,2,4
8,144206,26,1,8
8,144206,27,3,2
8,144206,28,1,3
8,144206,29,2,2
8,144206,30,1,5
8,144206,31,3,1
8,144206,32,1,10
8,144206,33,0,5
8,144206,34,1,4
8,144206,35,0,3
8,144206,36,1,4
8,144206,37,4,1
8,151341,1,0,3
8,151341,2,3,4
8,151341,3,1,4
8,151341,4,2,7
8,151341,6,3,5
8,151341,7,1,5
8,151341,8,2,5
8,151341,9,1,5
8,151341,10,3,2
8,151341,11,1,4
8,151341,12,2,6
8,151341,13,1,9
8,151341,14,3,3
8,151341,15,1,6
8,151341,16,2,3
8,151341,17,1,3
8,151341,18,3,5
8,151341,19,1,1
8,151341,20,2,1
8,151341,21,1,10
8,151341,22,3,7
8,151341,23,1,4
8,151341,24,2,4
8,151341,25,1,6
8,151341,26,3,4
8,151341,27,1,4
8,151341,28,2,9
8,151341,29,1,5
8,151341,30,0,5
8,152129,1,0,2
8,152129,2,3,4
8,152129,3,1,2
8,152129,4,2,5
8,152129,5,1,6
8,152129,6,3,3
8,152129,7,1,2
8,152129,8,2,3
8,152129,9,1,4
8,152129,10,3,3
8,152129,11,1,3
8,152129,12,2,7
8,152129,13,1,6
8,152129,14,3,3
8,152129,15,1,7
8,152129,16,2,4
8,152129,17,1,1
8,152129,18,3,4
8,152129,19,1,5
8,152129,20,2,6
8,152129,21,1,4
8,152129,22,3,3
8,152129,23,1,2
8,152129,24,2,9
8,152129,25,1,4
8,152129,26,3,4
8,152129,27,1,4
8,152129,28,2,6
8,152129,29,1,5
8,152129,30,3,4
8,152129,31,1,6
8,152129,32,2,4
8,153004,1,0,4
8,153004,2,3,3
8,153004,3,1,4
8,153004,4,2,3
8,153004,5,1,1
8,153004,6,3,4
8,153004,7,1,3
8,153004,8,2,2
8,153004,9,1,4
8,153004,10,3,4
8,153004,11,1,6
8,153004,12,2,9
8,153004,13,1,4
8,153004,14,3,5
8,153004,15,1,5
8,153004,16,2,4
8,153004,17,1,7
8,153004,18,3,4
8,153004,19,1,5
8,153004,20,2,3
8,153004,21,1,5
8,153004,22,3,5
8,153004,23,1,3
8,153004,24,2,6
8,153004,25,1,2
8,153004,26,3,6
8,153004,27,1,7
8,153004,28,2,7
8,153004,29,0,5
8,153004,30,2,11
8,153004,31,1,4
8,153004,32,0,5
9,140555,1,2,1
9,140555,2,1,6
9,140555,3,3,3
9,140555,4,1,4
9,140555,5,2,7
9,140555,6,1,5
9,140555,8,1,4
9,140555,9,2,5
9,140555,10,1,7
9,140555,11,3,1
9,140555,12,1,3
9,140555,13,2,5
9,140555,14,1,3
9,140555,15,3,2
9,140555,16,1,1
9,140555,17,2,5
9,140555,18,1,2
9,140555,19,3,3
9,140555,20,1,7
9,140555,21,2,3
9,140555,22,1,4
9,140555,23,3,2
9,140555,24,1,8
9,140555,25,2,5
9,140555,26,1,2
9,140555,27,3,5
9,140555,28,1,4
9,140555,29,2,3
9,140555,30,1,8
9,140555,31,3,4
9,140555,32,1,4
9,140555,33,2,8
9,140555,34,1,7
9,140555,35,3,4
9,140555,36,1,5
9,140555,37,2,8
9,140555,38,1,5
9,140555,39,3,6
9,140555,40,1,7
9,140555,41,2,6
9,140555,42,1,3
9,140555,43,2,2
9,140555,44,2,2
9,140555,45,1,3
9,140555,46,4,5
9,140555,47,1,5
9,140555,48,0,5
9,143110,2,1,4
9,143110,3,3,8
9,143110,4,1,5
9,143110,5,0,4
9,143110,6,2,4
9,143110,7,1,3
9,143110,8,3,7
9,143110,9,1,2
9,143110,10,2,1
9,143110,11,1,2
9,143110,12,3,5
9,143110,13,1,6
9,143110,14,2,7
9,143110,16,3,1
9,143110,17,1,5
9,143110,18,2,2
9,143110,19,1,2
9,143110,20,3,4
9,143110,21,1,6
9,143110,22,2,6
9,143110,23,1,7
9,143110,24,3,5
9,143110,25,1,5
9,143110,26,0,5
9,143110,27,2,8
9,143110,28,1,3
9,143110,29,3,6
9,143110,30,1,4
9,143110,31,2,1
9,143110,32,1,2
9,143110,33,3,8
9,143110,34,1,2
9,143110,35,2,3
9,143110,36,1,10
9,143110,37,3,6
9,143110,38,1,7
9,143110,39,2,4
9,143110,40,1,5
9,143110,41,3,4
9,143110,42,1,4
9,143110,43,2,5
9,143110,44,1,5
9,143110,45,0,2
9,144206,1,2,6
9,144206,2,1,3
9,144206,3,3,3
9,144206,4,1,5
9,144206,5,2,6
9,144206,6,1,4
9,144206,7,3,3
9,144206,8,1,7
9,144206,9,2,3
9,144206,10,1,7
9,144206,11,3,5
9,144206,12,1,3
9,144206,13,2,4
9,144206,14,1,2
9,144206,15,3,4
9,144206,16,1,4
9,144206,17,2,1
9,144206,18,1,7
9,144206,19,3,2
9,144206,20,1,4
9,144206,21,2,5
9,144206,22,1,4
9,144206,23,3,3
9,144206,24,1,6
9,144206,25,2,4
9,144206,26,1,6
9,144206,27,3,6
9,144206,28,1,1
9,144206,29,2,3
9,144206,30,1,3
9,144206,31,3,2
9,144206,32,1,8
9,144206,33,0,5
9,144206,35,0,6
9,144206,36,1,4
9,144206,37,4,6
9,151341,1,0,5
9,151341,2,3,5
9,151341,3,1,4
9,151341,4,2,4
9,151341,5,1,3
9,151341,6,3,4
9,151341,7,1,3
9,151341,8,2,7
9,151341,9,1,6
9,151341,10,3,4
9,151341,11,1,1
9,151341,12,2,3
9,151341,13,1,7
9,151341,14,3,4
9,151341,15,1,6
9,151341,16,2,3
9,151341,17,1,4
9,151341,18,3,5
9,151341,19,1,4
9,151341,20,2,5
9,151341,21,1,3
9,151341,22,3,4
9,151341,23,1,1
9,151341,24,2,6
9,151341,25,1,9
9,151341,26,3,3
9,151341,27,1,4
9,151341,28,2,4
9,151341,29,1,3
9,151341,30,0,3
9,152129,1,0,4
9,152129,2,3,6
9,152129,3,1,5
9,152129,4,2,3
9,152129,5,1,4
9,152129,6,3,5
9,152129,7,1,1
9,152129,8,2,2
9,152129,9,1,4
9,152129,10,3,6
9,152129,11,1,7
9,152129,12,2,5
9,152129,13,1,8
9,152129,14,3,3
9,152129,15,1,5
9,152129,16,2,1
9,152129,17,1,7
9,152129,18,3,4
9,152129,19,1,5
9,152129,20,2,4
9,152129,21,1,2
9,152129,22,3,5
9,152129,23,1,2
9,152129,24,2,5
9,152129,25,1,6
9,152129,26,3,9
9,152129,27,1,6
9,152129,28,2,8
9,152129,29,1,2
9,152129,30,3,2
9,152129,31,1,3
9,152129,32,2,5
9,153004,1,0,8
9,153004,2,3,3
9,153004,3,1,5
9,153004,4,2,2
9,153004,5,1,6
9,153004,6,3,4
9,153004,7,1,1
9,153004,8,2,5
9,153004,9,1,8
9,153004,10,3,5
9,153004,11,1,4
9,153004,12,2,7
9,153004,13,1,4
9,153004,14,3,3
9,153004,15,1,2
9,153004,16,2,8
9,153004,17,1,7
9,153004,18,3,6
9,153004,19,1,3
9,153004,20,2,4
9,153004,21,1,4
9,153004,22,3,3
9,153004,23,1,4
9,153004,24,2,4
9,153004,25,1,2
9,153004,26,3,1
9,153004,27,1,3
9,153004,28,2,2
9,153004,29,0,6
9,153004,30,2,2
9,153004,31,1,3
9,153004,32,0,3
10,140555,1,2,4
10,140555,2,1,3
10,140555,4,1,4
10,140555,5,2,4
10,140555,6,1,6
10,140555,7,3,5
10,140555,8,1,3
10,140555,9,2,3
10,140555,10,1,5
10,140555,11,3,11
10,140555,12,1,2
10,140555,13,2,3
10,140555,14,1,6
10,140555,15,3,4
10,140555,16,1,6
10,140555,17,2,1
10,140555,18,1,3
10,140555,19,3,5
10,140555,20,1,5
10,140555,21,2,7
10,140555,22,1,6
10,140555,23,3,2
10,140555,24,1,7
10,140555,25,2,3
10,140555,26,1,2
10,140555,27,3,1
10,140555,28,1,4
10,140555,29,2,3
10,140555,30,1,6
10,140555,31,3,5
10,140555,32,1,5
10,140555,33,2,6
10,140555,34,1,1
10,140555,35,3,6
10,140555,36,1,4
10,140555,37,2,4
10,140555,38,1,7
10,140555,39,3,5
10,140555,40,1,6
10,140555,41,2,2
10,140555,42,1,4
10,140555,43,2,4
10,140555,44,2,7
10,140555,45,1,9
10,140555,46,4,5
10,140555,47,1,3
10,140555,48,0,6
10,143110,2,1,3
10,143110,3,3,6
10,143110,4,1,4
10,143110,5,0,6
10,143110,6,2,2
10,143110,7,1,7
10,143110,8,3,5
10,143110,9,1,4
10,143110,10,2,2
10,143110,11,1,1
10,143110,12,3,5
10,143110,13,1,8
10,143110,14,2,4
10,143110,15,1,5
10,143110,16,3,8
10,143110,17,1,2
10,143110,18,2,9
10,143110,19,1,6
10,143110,20,3,6
10,143110,21,1,5
10,143110,22,2,4
10,143110,23,1,4
10,143110,24,3,7
10,143110,25,1,4
10,143110,26,0,2
10,143110,27,2,4
10,143110,28,1,1
10,143110,29,3,4
10,143110,30,1,8
10,143110,31,2,7
10,143110,32,1,6
10,143110,33,3,6
10,143110,34,1,6
10,143110,35,2,5
10,143110,36,1,3
10,143110,37,3,3
10,143110,38,1,1
10,143110,39,2,5
10,143110,40,1,5
10,143110,41,3,6
10,143110,42,1,2
10,143110,43,2,4
10,143110,44,1,6
10,143110,45,0,3
10,144206,1,2,6
10,144206,2,1,6
10,144206,3,3,4
10,144206,4,1,1
10,144206,5,2,6
10,144206,6,1,2
10,144206,7,3,2
10,144206,8,1,6
10,144206,9,2,4
10,144206,10,1,7
10,144206,11,3,7
10,144206,12,1,2
10,144206,13,2,1
10,144206,14,1,2
10,144206,15,3,5
10,144206,16,1,7
10,144206,17,2,6
10,144206,18,1,3
10,144206,19,3,2
10,144206,20,1,5
10,144206,21,2,4
10,144206,22,1,8
10,144206,23,3,3
10,144206,24,1,3
10,144206,25,2,1
10,144206,26,1,6
10,144206,27,3,4
10,144206,28,1,4
10,144206,29,2,5
10,144206,30,1,3
10,144206,31,3,3
10,144206,32,1,4
10,144206,33,0,5
10,144206,34,1,3
10,144206,35,0,5
10,144206,36,1,2
10,144206,37,4,2
10,151341,1,0,4
10,151341,2,3,2
10,151341,3,1,3
10,151341,4,2,6
10,151341,5,1,6
10,151341,6,3,4
10,151341,7,1,2
10,151341,8,2,5
10,151341,9,1,9
10,151341,10,3,12
10,151341,11,1,1
10,151341,12,2,4
10,151341,13,1,6
10,151341,14,3,7
10,151341,15,1,4
10,151341,16,2,3
10,151341,17,1,7
10,151341,18,3,4
10,151341,19,1,4
10,151341,20,2,8
10,151341,21,1,3
10,151341,22,3,5
10,151341,23,1,5
10,151341,24,2,3
10,151341,26,3,8
10,151341,27,1,6
10,151341,28,2,3
10,151341,29,1,2
10,151341,30,0,6
10,152129,1,0,6
10,152129,2,3,5
10,152129,3,1,2
10,152129,4,2,4
10,152129,5,1,4
10,152129,6,3,1
10,152129,7,1,8
10,152129,8,2,8
10,152129,9,1,3
10,152129,11,1,6
10,152129,12,2,2
10,152129,13,1,6
10,152129,15,1,7
10,152129,16,2,4
10,152129,17,1,2
10,152129,18,3,2
10,152129,19,1,4
10,152129,20,2,7
10,152129,21,1,4
10,152129,22,3,2
10,152129,23,1,6
10,152129,24,2,5
10,152129,25,1,5
10,152129,26,3,6
10,152129,27,1,8
10,152129,28,2,7
10,152129,29,1,2
10,152129,30,3,1
10,152129,31,1,5
10,152129,32,2,1
10,153004,1,0,3
10,153004,2,3,5
10,153004,3,1,3
10,153004,4,2,3
10,153004,5,1,1
10,153004,6,3,2
10,153004,7,1,3
10,153004,8,2,4
10,153004,9,1,5
10,153004,10,3,6
10,153004,11,1,3
10,153004,12,2,4
10,153004,13,1,4
10,153004,14,3,4
10,153004,15,1,4
10,153004,16,2,3
10,153004,17,1,5
10,153004,18,3,7
10,153004,19,1,5
10,153004,20,2,6
10,153004,21,1,2
10,153004,22,3,2
10,153004,23,1,7
10,153004,24,2,3
10,153004,25,1,7
10,153004,26,3,3
10,153004,27,1,2
10,153004,28,2,3
10,153004,29,0,2
10,153004,30,2,4
10,153004,31,1,2
10,153004,32,0,2
11,140555,1,2,5
11,140555,2,1,8
11,140555,3,3,3
11,140555,4,1,2
11,140555,5,2,5
11,140555,6,1,4
11,140555,7,3,4
11,140555,8,1,6
11,140555,9,2,2
11,140555,10,1,4
11,140555,11,3,4
11,140555,12,1,4
11,140555,14,1,4
11,140555,15,3,3
11,140555,16,1,6
11,140555,17,2,3
11,140555,18,1,5
11,140555,19,3,2
11,140555,20,1,4
11,140555,21,2,8
11,140555,22,1,4
11,140555,23,3,3
11,140555,24,1,7
11,140555,25,2,2
11,140555,26,1,3
11,140555,27,3,6
11,140555,28,1,5
11,140555,29,2,7
11,140555,30,1,4
11,140555,31,3,3
11,140555,32,1,2
11,140555,33,2,6
11,140555,34,1,5
11,140555,35,3,8
11,140555,36,1,2
11,140555,37,2,6
11,140555,38,1,2
11,140555,39,3,4
11,140555,40,1,6
11,140555,41,2,3
11,140555,42,1,6
11,140555,43,2,2
11,140555,45,1,2
11,140555,46,4,4
11,140555,47,1,6
11,140555,48,0,6
11,143110,2,1,3
11,143110,3,3,7
11,143110,4,1,5
11,143110,6,2,3
11,143110,7,1,3
11,143110,8,3,7
11,143110,9,1,7
11,143110,10,2,6
11,143110,11,1,5
11,143110,12,3,2
11,143110,13,1,2
11,143110,14,2,4
11,143110,15,1,5
11,143110,16,3,8
11,143110,17,1,3
11,143110,18,2,4
11,143110,19,1,5
11,143110,20,3,7
11,143110,21,1,9
11,143110,22,2,4
11,143110,23,1,6
11,143110,24,3,1
11,143110,25,1,2
11,143110,26,0,1
11,143110,27,2,4
11,143110,28,1,5
11,143110,29,3,5
11,143110,30,1,7
11,143110,31,2,5
11,143110,32,1,6
11,143110,33,3,4
11,143110,34,1,2
11,143110,35,2,3
11,143110,36,1,4
11,143110,37,3,10
11,143110,38,1,6
11,143110,39,2,5
11,143110,40,1,3
11,143110,41,3,3
11,143110,42,1,2
11,143110,43,2,4
11,143110,44,1,6
11,143110,45,0,5
11,144206,1,2,6
11,144206,2,1,6
11,144206,3,3,1
11,144206,4,1,7
11,144206,5,2,2
11,144206,6,1,7
11,144206,7,3,4
11,144206,8,1,3
11,144206,9,2,2
11,144206,10,1,8
11,144206,11,3,1
11,144206,12,1,7
11,144206,13,2,4
11,144206,14,1,4
11,144206,15,3,4
11,144206,16,1,6
11,144206,17,2,5
11,144206,18,1,2
11,144206,19,3,4
11,144206,20,1,3
11,144206,21,2,5
11,144206,22,1,3
11,144206,23,3,5
11,144206,24,1,4
11,144206,25,2,4
11,144206,26,1,3
11,144206,27,3,4
11,144206,28,1,6
11,144206,29,2,6
11,144206,30,1,5
11,144206,31,3,1
11,144206,32,1,6
11,144206,33,0,4
11,144206,34,1,4
11,144206,35,0,2
11,144206,36,1,4
11,144206,37,4,5
11,151341,1,0,3
11,151341,2,3,7
11,151341,3,1,5
11,151341,4,2,3
11,151341,5,1,6
11,151341,6,3,4
11,151341,7,1,8
11,151341,8,2,7
11,151341,9,1,5
11,151341,10,3,8
11,151341,11,1,2
11,151341,12,2,2
11,151341,13,1,3
11,151341,14,3,4
11,151341,15,1,7
11,151341,16,2,2
11,151341,17,1,5
11,151341,18,3,3
11,151341,19,1,7
11,151341,21,1,6
11,151341,22,3,3
11,151341,23,1,5
11,151341,24,2,9
11,151341,25,1,3
11,151341,26,3,1
11,151341,27,1,5
11,151341,28,2,4
11,151341,29,1,6
11,151341,30,0,8
11,152129,1,0,5
11,152129,2,3,1
11,152129,3,1,3
11,152129,4,2,5
11,152129,5,1,4
11,152129,6,3,3
11,152129,7,1,4
11,152129,8,2,4
11,152129,9,1,3
11,152129,10,3,2
11,152129,11,1,2
11,152129,12,2,2
11,152129,13,1,4
11,152129,14,3,5
11,152129,15,1,3
11,152129,16,2,6
11,152129,17,1,4
11,152129,18,3,3
11,152129,19,1,4
11,152129,20,2,6
11,152129,21,1,3
11,152129,22,3,4
11,152129,23,1,3
11,152129,24,2,6
11,152129,25,1,3
11,152129,26,3,4
11,152129,27,1,7
11,152129,28,2,5
11,152129,29,1,3
11,152129,30,3,2
11,152129,31,1,3
11,152129,32,2,2
11,153004,1,0,6
11,153004,2,3,5
11,153004,3,1,3
11,153004,4,2,2
11,153004,5,1,4
11,153004,6,3,2
11,153004,7,1,2
11,153004,8,2,3
11,153004,9,1,4
11,153004,10,3,7
11,153004,11,1,4
11,153004,12,2,5
11,153004,13,1,3
11,153004,14,3,6
11,153004,15,1,5
11,153004,16,2,8
11,153004,17,1,6
11,153004,18,3,4
11,153004,19,1,3
11,153004,20,2,4
11,153004,21,1,4
11,153004,22,3,2
11,153004,23,1,6
11,153004,24,2,9
11,153004,25,1,6
11,153004,26,3,4
11,153004,27,1,4
11,153004,28,2,4
11,153004,29,0,7
11,153004,30,2,4
11,153004,31,1,5
11,153004,32,0,5
12,140555,1,2,3
12,140555,2,1,10
12,140555,3,3,6
12,140555,4,1,4
12,140555,5,2,4
12,140555,6,1,3
12,140555,7,3,7
12,140555,8,1,6
12,140555,9,2,5
12,140555,10,1,7
12,140555,11,3,5
12,140555,12,1,4
12,140555,13,2,6
12,140555,14,1,3
12,140555,15,3,4
12,140555,16,1,3
12,140555,17,2,2
12,140555,19,3,4
12,140555,20,1,6
12,140555,21,2,8
12,140555,22,1,1
12,140555,23,3,7
12,140555,24,1,4
12,140555,25,2,2
12,140555,26,1,4
12,140555,27,3,7
12,140555,28,1,4
12,140555,29,2,5
12,140555,30,1,1
12,140555,31,3,4
12,140555,32,1,4
12,140555,33,2,3
12,140555,34,1,3
12,140555,35,3,4
12,140555,36,1,5
12,140555,37,2,5
12,140555,38,1,8
12,140555,39,3,5
12,140555,40,1,4
12,140555,41,2,6
12,140555,42,1,2
12,140555,43,2,3
12,140555,44,2,5
12,140555,45,1,6
12,140555,46,4,2
12,140555,47,1,1
12,140555,48,0,2
12,143110,2,1,5
12,143110,3,3,6
12,143110,4,1,6
12,143110,5,0,4
12,143110,6,2,1
12,143110,7,1,3
12,143110,8,3,5
12,143110,9,1,10
12,143110,10,2,3
12,143110,11,1,9
12,143110,12,3,9
12,143110,13,1,4
12,143110,14,2,4
12,143110,15,1,1
12,143110,16,3,3
12,143110,17,1,3
12,143110,18,2,2
12,143110,19,1,2
12,143110,20,3,6
12,143110,21,1,2
12,143110,22,2,6
12,143110,23,1,3
12,143110,24,3,3
12,143110,25,1,5
12,143110,26,0,5
12,143110,27,2,3
12,143110,28,1,2
12,143110,29,3,4
12,143110,30,1,6
12,143110,31,2,4
12,143110,32,1,5
12,143110,33,3,6
12,143110,34,1,8
12,143110,35,2,7
12,143110,36,1,3
12,143110,37,3,7
12,143110,38,1,8
12,143110,39,2,7
12,143110,40,1,4
12,143110,41,3,2
12,143110,42,1,2
12,143110,43,2,6
12,143110,44,1,2
12,143110,45,0,5
12,144206,1,2,7
12,144206,2,1,5
12,144206,3,3,7
12,144206,4,1,4
12,144206,5,2,4
12,144206,6,1,6
12,144206,7,3,3
12,144206,8,1,4
12,144206,9,2,4
12,144206,10,1,1
12,144206,11,3,3
12,144206,12,1,1
12,144206,13,2,3
12,144206,14,1,4
12,144206,15,3,3
12,144206,16,1,5
12,144206,17,2,3
12,144206,19,3,3
12,144206,20,1,2
12,144206,21,2,12
12,144206,22,1,5
12,144206,23,3,3
12,144206,24,1,7
12,144206,25,2,5
12,144206,26,1,6
12,144206,27,3,3
12,144206,28,1,4
12,144206,29,2,4
12,144206,30,1,1
12,144206,31,3,5
12,144206,32,1,5
12,144206,33,0,3
12,144206,34,1,6
12,144206,35,0,2
12,144206,36,1,8
12,144206,37,4,4
12,151341,1,0,8
12,151341,2,3,2
12,151341,3,1,9
12,151341,4,2,3
12,151341,5,1,2
12,151341,6,3,4
12,151341,7,1,9
12,151341,8,2,5
12,151341,9,1,3
12,151341,10,3,5
12,151341,11,1,5
12,151341,12,2,3
12,151341,13,1,2
12,151341,14,3,2
12,151341,15,1,3
12,151341,16,2,4
12,151341,17,1,8
12,151341,18,3,2
12,151341,19,1,4
12,151341,20,2,6
12,151341,21,1,8
12,151341,22,3,1
12,151341,23,1,2
12,151341,24,2,4
12,151341,25,1,5
12,151341,26,3,3
12,151341,27,1,4
12,151341,28,2,1
12,151341,29,1,4
12,151341,30,0,5
12,152129,1,0,2
12,152129,2,3,4
12,152129,3,1,4
12,152129,4,2,1
12,152129,5,1,2
12,152129,6,3,4
12,152129,7,1,1
12,152129,8,2,6
12,152129,9,1,4
12,152129,10,3,2
12,152129,11,1,5
12,152129,12,2,3
12,152129,13,1,1
12,152129,14,3,3
12,152129,15,1,5
12,152129,16,2,2
12,152129,17,1,10
12,152129,18,3,4
12,152129,19,1,4
12,152129,20,2,6
12,152129,21,1,4
12,152129,22,3,5
12,152129,23,1,3
12,152129,24,2,3
12,152129,25,1,5
12,152129,26,3,11
12,152129,27,1,4
12,152129,28,2,2
12,152129,29,1,4
12,152129,30,3,4
12,152129,31,1,1
12,152129,32,2,5
12,153004,1,0,4
12,153004,2,3,6
12,153004,3,1,9
12,153004,4,2,5
12,153004,5,1,4
12,153004,6,3,2
12,153004,7,1,4
12,153004,8,2,9
12,153004,9,1,2
12,153004,10,3,6
12,153004,11,1,3
12,153004,12,2,9
12,153004,13,1,3
12,153004,14,3,7
12,153004,15,1,3
12,153004,16,2,4
12,153004,17,1,4
12,153004,18,3,2
12,153004,19,1,4
12,153004,20,2,3
12,153004,21,1,5
12,153004,22,3,4
12,153004,23,1,4
12,153004,24,2,6
12,153004,25,1,4
12,153004,26,3,4
12,153004,27,1,6
12,153004,28,2,4
12,153004,29,0,3
12,153004,30,2,2
12,153004,31,1,3
12,153004,32,0,9
13,140555,1,2,8
13,140555,2,1,6
13,140555,3,3,3
13,140555,4,1,3
13,140555,5,2,5
13,140555,6,1,3
13,140555,7,3,1
13,140555,8,1,3
13,140555,9,2,3
13,140555,10,1,2
13,140555,11,3,5
13,140555,12,1,4
13,140555,13,2,5
13,140555,14,1,4
13,140555,15,3,4
13,140555,16,1,5
13,140555,17,2,4
13,140555,18,1,3
13,140555,19,3,5
13,140555,20,1,7
13,140555,21,2,4
13,140555,22,1,3
13,140555,23,3,5
13,140555,24,1,3
13,140555,25,2,6
13,140555,26,1,4
13,140555,27,3,7
13,140555,28,1,4
13,140555,29,2,11
13,140555,30,1,6
13,140555,31,3,6
13,140555,32,1,5
13,140555,33,2,11
13,140555,34,1,7
13,140555,35,3,9
13,140555,36,1,4
13,140555,37,2,2
13,140555,38,1,5
13,140555,39,3,7
13,140555,40,1,2
13,140555,41,2,4
13,140555,42,1,1
13,140555,43,2,4
13,140555,44,2,3
13,140555,45,1,5
13,140555,46,4,2
13,140555,47,1,3
13,140555,48,0,2
13,143110,2,1,4
13,143110,3,3,4
13,143110,4,1,4
13,143110,5,0,3
13,143110,6,2,6
13,143110,7,1,4
13,143110,8,3,2
13,143110,9,1,9
13,143110,10,2,4
13,143110,11,1,3
13,143110,12,3,5
13,143110,13,1,4
13,143110,14,2,6
13,143110,15,1,1
13,143110,16,3,4
13,143110,17,1,6
13,143110,18,2,1
13,143110,19,1,1
13,143110,20,3,1
13,143110,21,1,5
13,143110,22,2,2
13,143110,23,1,3
13,143110,24,3,4
13,143110,25,1,8
13,143110,26,0,4
13,143110,27,2,4
13,143110,28,1,6
13,143110,29,3,4
13,143110,30,1,4
13,143110,31,2,6
13,143110,32,1,4
13,143110,33,3,5
13,143110,34,1,2
13,143110,35,2,2
13,143110,36,1,2
13,143110,37,3,3
13,143110,38,1,6
13,143110,39,2,5
13,143110,40,1,3
13,143110,41,3,2
13,143110,42,1,2
13,143110,43,2,3
13,143110,44,1,6
13,143110,45,0,6
13,144206,1,2,6
13,144206,2,1,4
13,144206,3,3,4
13,144206,4,1,5
13,144206,5,2,4
13,144206,6,1,5
13,144206,7,3,3
13,144206,8,1,1
13,144206,9,2,4
13,144206,10,1,2
13,144206,11,3,5
13,144206,12,1,1
13,144206,13,2,4
13,144206,14,1,5
13,144206,15,3,3
13,144206,16,1,5
13,144206,17,2,4
13,144206,18,1,13
13,144206,19,3,9
13,144206,20,1,4
13,144206,21,2,4
13,144206,22,1,2
13,144206,23,3,6
13,144206,24,1,1
13,144206,25,2,1
13,144206,26,1,9
13,144206,27,3,4
13,144206,28,1,7
13,144206,29,2,6
13,144206,30,1,3
13,144206,31,3,8
13,144206,32,1,3
13,144206,33,0,6
13,144206,34,1,4
13,144206,35,0,3
13,144206,36,1,4
13,144206,37,4,5
13,151341,1,0,5
13,151341,2,3,3
13,151341,3,1,3
13,151341,4,2,4
13,151341,5,1,7
13,151341,6,3,7
13,151341,7,1,4
13,151341,8,2,4
13,151341,9,1,4
13,151341,10,3,4
13,151341,11,1,5
13,151341,12,2,1
13,151341,13,1,3
13,151341,15,1,4
13,151341,16,2,4
13,151341,17,1,7
13,151341,18,3,6
13,151341,19,1,5
13,151341,20,2,4
13,151341,21,1,6
13,151341,22,3,5
13,151341,23,1,4
13,151341,24,2,2
13,151341,25,1,2
13,151341,26,3,6
13,151341,27,1,9
13,151341,28,2,9
13,151341,29,1,4
13,151341,30,0,4
13,152129,1,0,5
13,152129,2,3,4
13,152129,3,1,1
13,152129,4,2,3
13,152129,5,1,2
13,152129,6,3,2
13,152129,7,1,3
13,152129,8,2,2
13,152129,9,1,3
13,152129,10,3,7
13,152129,11,1,3
13,152129,12,2,4
13,152129,13,1,4
13,152129,14,3,4
13,152129,15,1,2
13,152129,16,2,4
13,152129,17,1,9
13,152129,18,3,3
13,152129,19,1,4
13,152129,20,2,7
13,152129,21,1,6
13,152129,22,3,9
13,152129,23,1,4
13,152129,24,2,4
13,152129,25,1,7
13,152129,26,3,6
13,152129,27,1,4
13,152129,28,2,3
13,152129,29,1,2
13,152129,30,3,4
13,152129,31,1,2
13,152129,32,2,3
13,153004,1,0,6
13,153004,2,3,3
13,153004,3,1,5
13,153004,4,2,6
13,153004,5,1,4
13,153004,6,3,6
13,153004,7,1,4
13,153004,8,2,3
13,153004,9,1,5
13,153004,10,3,6
13,153004,11,1,5
13,153004,12,2,8
13,153004,13,1,6
13,153004,14,3,2
13,153004,15,1,7
13,153004,16,2,2
13,153004,17,1,5
13,153004,18,3,7
13,153004,19,1,4
13,153004,20,2,3
13,153004,21,1,7
13,153004,22,3,5
13,153004,23,1,4
13,153004,24,2,2
13,153004,25,1,1
13,153004,26,3,2
13,153004,27,1,6
13,153004,28,2,4
13,153004,29,0,1
13,153004,30,2,1
13,153004,31,1,4
13,153004,32,0,3
14,140555,1,2,4
14,140555,2,1,7
14,140555,3,3,5
14,140555,4,1,3
14,140555,5,2,8
14,140555,6,1,3
14,140555,7,3,4
14,140555,8,1,2
14,140555,9,2,3
14,140555,10,1,4
14,140555,11,3,3
14,140555,12,1,4
14,140555,13,2,6
14,140555,14,1,4
14,140555,15,3,3
14,140555,16,1,5
14,140555,17,2,3
14,140555,18,1,4
14,140555,19,3,4
14,140555,20,1,8
14,140555,21,2,6
14,140555,22,1,3
14,140555,23,3,7
14,140555,24,1,2
14,140555,25,2,7
14,140555,26,1,5
14,140555,27,3,3
14,140555,28,1,4
14,140555,29,2,4
14,140555,30,1,3
14,140555,31,3,5
14,140555,32,1,3
14,140555,33,2,4
14,140555,34,1,3
14,140555,35,3,5
14,140555,36,1,2
14,140555,37,2,4
14,140555,38,1,2
14,140555,39,3,4
14,140555,40,1,5
14,140555,41,2,4
14,140555,42,1,3
14,140555,43,2,6
14,140555,44,2,2
14,140555,45,1,4
14,140555,46,4,6
14,140555,47,1,1
14,140555,48,0,8
14,143110,2,1,2
14,143110,3,3,3
14,143110,4,1,3
14,143110,5,0,4
14,143110,6,2,6
14,143110,7,1,4
14,143110,9,1,3
14,143110,10,2,2
14,143110,11,1,6
14,143110,12,3,5
14,143110,13,1,6
14,143110,14,2,4
14,143110,15,1,5
14,143110,16,3,2
14,143110,17,1,11
14,143110,18,2,7
14,143110,19,1,4
14,143110,20,3,4
14,143110,21,1,3
14,143110,22,2,7
14,143110,23,1,6
14,143110,24,3,7
14,143110,25,1,2
14,143110,27,2,1
14,143110,28,1,4
14,143110,29,3,7
14,143110,30,1,2
14,143110,31,2,8
14,143110,32,1,4
14,143110,33,3,5
14,143110,34,1,9
14,143110,35,2,2
14,143110,36,1,7
14,143110,37,3,4
14,143110,38,1,4
14,143110,39,2,7
14,143110,40,1,6
14,143110,41,3,5
14,143110,42,1,6
14,143110,43,2,4
14,143110,44,1,7
14,143110,45,0,3
14,144206,1,2,7
14,144206,2,1,4
14,144206,3,3,1
14,144206,4,1,6
14,144206,5,2,2
14,144206,6,1,6
14,144206,7,3,2
14,144206,8,1,7
14,144206,9,2,3
14,144206,10,1,2
14,144206,11,3,1
14,144206,12,1,2
14,144206,13,2,5
14,144206,14,1,8
14,144206,15,3,4
14,144206,16,1,1
14,144206,17,2,1
14,144206,18,1,4
14,144206,19,3,2
14,144206,20,1,6
14,144206,21,2,1
14,144206,22,1,3
14,144206,23,3,6
14,144206,24,1,4
14,144206,25,2,5
14,144206,26,1,4
14,144206,27,3,7
14,144206,28,1,4
14,144206,29,2,3
14,144206,30,1,8
14,144206,31,3,2
14,144206,32,1,7
14,144206,33,0,5
14,144206,34,1,8
14,144206,36,1,2
14,144206,37,4,2
14,151341,1,0,2
14,151341,2,3,5
14,151341,3,1,5
14,151341,4,2,3
14,151341,5,1,5
14,151341,6,3,5
14,151341,7,1,5
14,151341,8,2,5
14,151341,9,1,7
14,151341,10,3,6
14,151341,11,1,2
14,151341,12,2,2
14,151341,13,1,4
14,151341,14,3,8
14,151341,15,1,4
14,151341,16,2,7
14,151341,17,1,2
14,151341,18,3,5
14,151341,19,1,3
14,151341,20,2,1
14,151341,21,1,5
14,151341,22,3,6
14,151341,23,1,7
14,151341,24,2,5
14,151341,25,1,8
14,151341,26,3,7
14,151341,27,1,6
14,151341,28,2,4
14,151341,29,1,5
14,151341,30,0,1
14,152129,1,0,5
14,152129,2,3,4
14,152129,3,1,5
14,152129,4,2,5
14,152129,5,1,8
14,152129,7,1,7
14,152129,8,2,5
14,152129,9,1,2
14,152129,10,3,7
14,152129,11,1,8
14,152129,12,2,3
14,152129,13,1,2
14,152129,14,3,6
14,152129,15,1,3
14,152129,16,2,5
14,152129,17,1,6
14,152129,19,1,2
14,152129,20,2,3
14,152129,21,1,3
14,152129,22,3,5
14,152129,23,1,5
14,152129,24,2,1
14,152129,25,1,3
14,152129,26,3,2
14,152129,27,1,2
14,152129,28,2,4
14,152129,29,1,9
14,152129,30,3,5
14,152129,31,1,8
14,152129,32,2,7
14,153004,1,0,2
14,153004,2,3,5
14,153004,3,1,1
14,153004,4,2,3
14,153004,5,1,2
14,153004,6,3,1
14,153004,7,1,5
14,153004,8,2,2
14,153004,9,1,3
14,153004,10,3,4
14,153004,11,1,5
14,153004,12,2,2
14,153004,13,1,4
14,153004,14,3,6
14,153004,15,1,2
14,153004,16,2,7
14,153004,17,1,4
14,153004,18,3,8
14,153004,19,1,9
14,153004,20,2,8
14,153004,21,1,2
14,153004,22,3,5
14,153004,23,1,2
14,153004,24,2,4
14,153004,25,1,5
14,153004,26,3,3
14,153004,27,1,4
14,153004,28,2,3
14,153004,29,0,10
14,153004,30,2,3
14,153004,31,1,4
14,153004,32,0,4
15,140555,1,2,7
15,140555,2,1,7
15,140555,3,3,7
15,140555,4,1,3
15,140555,5,2,6
15,140555,6,1,9
15,140555,7,3,1
15,140555,8,1,2
15,140555,9,2,6
15,140555,10,1,1
15,140555,11,3,3
15,140555,12,1,5
15,140555,13,2,4
15,140555,14,1,4
15,140555,15,3,3
15,140555,16,1,2
15,140555,17,2,3
15,140555,18,1,5
15,140555,19,3,1
15,140555,20,1,5
15,140555,21,2,8
15,140555,22,1,1
15,140555,23,3,1
15,140555,24,1,3
15,140555,25,2,7
15,140555,26,1,4
15,140555,27,3,5
15,140555,28,1,2
15,140555,29,2,5
15,140555,30,1,2
15,140555,31,3,5
15,140555,32,1,2
15,140555,33,2,7
15,140555,34,1,3
15,140555,35,3,2
15,140555,36,1,1
15,140555,37,2,2
15,140555,38,1,4
15,140555,39,3,6
15,140555,40,1,5
15,140555,41,2,3
15,140555,42,1,3
15,140555,43,2,7
15,140555,44,2,8
15,140555,45,1,1
15,140555,46,4,3
15,140555,47,1,8
15,140555,48,0,9
15,143110,2,1,2
15,143110,3,3,1
15,143110,4,1,7
15,143110,5,0,5
15,143110,6,2,4
15,143110,7,1,7
15,143110,8,3,5
15,143110,9,1,5
15,143110,10,2,7
15,143110,11,1,8
15,143110,12,3,1
15,143110,13,1,6
15,143110,14,2,5
15,143110,15,1,1
15,143110,16,3,3
15,143110,17,1,3
15,143110,18,2,3
15,143110,19,1,3
15,143110,20,3,6
15,143110,21,1,6
15,143110,22,2,2
15,143110,23,1,4
15,143110,24,3,8
15,143110,25,1,7
15,143110,26,0,1
15,143110,27,2,3
15,143110,28,1,2
15,143110,29,3,9
15,143110,30,1,4
15,143110,31,2,9
15,143110,32,1,5
15,143110,33,3,7
15,143110,34,1,5
15,143110,35,2,8
15,143110,36,1,1
15,143110,37,3,2
15,143110,38,1,5
15,143110,39,2,5
15,143110,40,1,1
15,143110,41,3,3
15,143110,42,1,7
15,143110,43,2,4
15,143110,44,1,3
15,143110,45,0,6
15,144206,1,2,2
15,144206,2,1,4
15,144206,3,3,5
15,144206,4,1,4
15,144206,5,2,3
15,144206,6,1,5
15,144206,7,3,3
15,144206,8,1,4
15,144206,9,2,4
15,144206,10,1,6
15,144206,11,3,4
15,144206,12,1,7
15,144206,13,2,2
15,144206,14,1,7
15,144206,15,3,4
15,144206,16,1,5
15,144206,17,2,3
15,144206,18,1,2
15,144206,19,3,4
15,144206,20,1,2
15,144206,21,2,9
15,144206,22,1,6
15,144206,23,3,5
15,144206,24,1,2
15,144206,25,2,6
15,144206,26,1,4
15,144206,27,3,2
15,144206,28,1,6
15,144206,29,2,7
15,144206,30,1,3
15,144206,31,3,7
15,144206,32,1,4
15,144206,33,0,5
15,144206,34,1,4
15,144206,35,0,2
15,144206,36,1,7
15,144206,37,4,3
15,151341,1,0,4
15,151341,2,3,1
15,151341,3,1,7
15,151341,4,2,7
15,151341,5,1,3
15,151341,6,3,3
15,151341,7,1,5
15,151341,8,2,2
15,151341,9,1,7
15,151341,10,3,1
15,151341,11,1,3
15,151341,12,2,5
15,151341,13,1,5
15,151341,14,3,8
15,151341,15,1,6
15,151341,16,2,9
15,151341,17,1,2
15,151341,18,3,6
15,151341,19,1,5
15,151341,20,2,4
15,151341,21,1,6
15,151341,22,3,5
15,151341,23,1,1
15,151341,24,2,5
15,151341,25,1,6
15,151341,26,3,3
15,151341,27,1,3
15,151341,28,2,3
15,151341,29,1,4
15,151341,30,0,3
15,152129,1,0,3
15,152129,2,3,3
15,152129,3,1,4
15,152129,4,2,2
15,152129,5,1,2
15,152129,6,3,4
15,152129,7,1,4
15,152129,8,2,5
15,152129,9,1,2
15,152129,10,3,4
15,152129,11,1,7
15,152129,12,2,6
15,152129,13,1,7
15,152129,14,3,5
15,152129,15,1,2
15,152129,16,2,2
15,152129,17,1,2
15,152129,18,3,3
15,152129,19,1,3
15,152129,20,2,9
15,152129,21,1,2
15,152129,22,3,4
15,152129,23,1,3
15,152129,24,2,5
15,152129,25,1,7
15,152129,26,3,4
15,152129,27,1,3
15,152129,28,2,9
15,152129,29,1,7
15,152129,30,3,4
15,152129,31,1,3
15,152129,32,2,8
15,153004,1,0,4
15,153004,2,3,6
15,153004,3,1,4
15,153004,4,2,2
15,153004,5,1,5
15,153004,6,3,6
15,153004,7,1,4
15,153004,8,2,5
15,153004,9,1,2
15,153004,10,3,4
15,153004,11,1,5
15,153004,12,2,5
15,153004,13,1,1
15,153004,14,3,3
15,153004,15,1,8
15,153004,16,2,4
15,153004,17,1,2
15,153004,18,3,1
15,153004,19,1,5
15,153004,20,2,1
15,153004,21,1,1
15,153004,22,3,2
15,153004,23,1,7
15,153004,24,2,7
15,153004,25,1,5
15,153004,26,3,8
15,153004,27,1,4
15,153004,28,2,1
15,153004,29,0,5
15,153004,30,2,4
15,153004,31,1,3
15,153004,32,0,4
16,140555,1,2,5
16,140555,2,1,10
16,140555,3,3,2
16,140555,4,1,2
16,140555,5,2,4
16,140555,6,1,6
16,140555,7,3,10
16,140555,8,1,1
16,140555,9,2,4
16,140555,10,1,10
16,140555,11,3,7
16,140555,12,1,2
16,140555,13,2,6
16,140555,14,1,3
16,140555,15,3,4
16,140555,16,1,2
16,140555,17,2,3
16,140555,18,1,3
16,140555,19,3,4
16,140555,20,1,3
16,140555,21,2,4
16,140555,22,1,4
16,140555,23,3,3
16,140555,24,1,3
16,140555,25,2,6
16,140555,26,1,3
16,140555,27,3,12
16,140555,28,1,9
16,140555,29,2,2
16,140555,30,1,4
16,140555,31,3,6
16,140555,32,1,2
16,140555,33,2,4
16,140555,34,1,3
16,140555,35,3,5
16,140555,36,1,5
16,140555,37,2,4
16,140555,38,1,8
16,140555,39,3,3
16,140555,40,1,3
16,140555,41,2,4
16,140555,42,1,3
16,140555,43,2,6
16,140555,44,2,4
16,140555,45,1,5
16,140555,46,4,5
16,140555,47,1,3
16,140555,48,0,6
16,143110,2,1,3
16,143110,3,3,4
16,143110,4,1,4
16,143110,5,0,4
16,143110,6,2,4
16,143110,7,1,5
16,143110,8,3,5
16,143110,9,1,5
16,143110,10,2,2
16,143110,11,1,2
16,143110,12,3,1
16,143110,13,1,6
16,143110,14,2,10
16,143110,15,1,6
16,143110,16,3,2
16,143110,17,1,4
16,143110,18,2,3
16,143110,19,1,4
16,143110,20,3,2
16,143110,21,1,4
16,143110,22,2,5
16,143110,23,1,2
16,143110,24,3,4
16,143110,25,1,5
16,143110,26,0,5
16,143110,27,2,4
16,143110,28,1,4
16,143110,29,3,5
16,143110,30,1,3
16,143110,31,2,4
16,143110,32,1,2
16,143110,33,3,6
16,143110,34,1,5
16,143110,35,2,3
16,143110,36,1,6
16,143110,37,3,3
16,143110,38,1,4
16,143110,39,2,2
16,143110,40,1,3
16,143110,41,3,5
16,143110,42,1,4
16,143110,43,2,7
16,143110,44,1,3
16,143110,45,0,2
16,144206,1,2,1
16,144206,2,1,4
16,144206,3,3,4
16,144206,4,1,3
16,144206,5,2,3
16,144206,6,1,4
16,144206,7,3,7
16,144206,9,2,5
16,144206,10,1,4
16,144206,11,3,5
16,144206,12,1,7
16,144206,13,2,3
16,144206,14,1,5
16,144206,15,3,2
16,144206,16,1,9
16,144206,17,2,3
16,144206,18,1,4
16,144206,19,3,7
16,144206,20,1,4
16,144206,21,2,6
16,144206,22,1,2
16,144206,23,3,2
16,144206,24,1,7
16,144206,25,2,1
16,144206,26,1,6
16,144206,27,3,3
16,144206,28,1,5
16,144206,29,2,6
16,144206,30,1,6
16,144206,31,3,4
16,144206,32,1,4
16,144206,33,0,3
16,144206,34,1,2
16,144206,35,0,4
16,144206,36,1,7
16,144206,37,4,4
16,151341,1,0,4
16,151341,2,3,3
16,151341,3,1,2
16,151341,4,2,5
16,151341,5,1,6
16,151341,6,3,4
16,151341,7,1,5
16,151341,8,2,4
16,151341,9,1,9
16,151341,10,3,6
16,151341,11,1,5
16,151341,12,2,5
16,151341,13,1,7
16,151341,14,3,4
16,151341,15,1,5
16,151341,16,2,2
16,151341,17,1,3
16,151341,18,3,8
16,151341,19,1,4
16,151341,20,2,3
16,151341,21,1,4
16,151341,22,3,7
16,151341,23,1,4
16,151341,24,2,5
16,151341,25,1,14
16,151341,26,3,1
16,151341,27,1,5
16,151341,28,2,3
16,151341,29,1,4
16,151341,30,0,4
16,152129,1,0,7
16,152129,2,3,5
16,152129,3,1,4
16,152129,4,2,2
16,152129,5,1,4
16,152129,6,3,4
16,152129,7,1,4
16,152129,8,2,6
16,152129,9,1,10
16,152129,10,3,3
16,152129,11,1,5
16,152129,12,2,7
16,152129,13,1,4
16,152129,14,3,2
16,152129,15,1,3
16,152129,16,2,7
16,152129,17,1,4
16,152129,18,3,7
16,152129,19,1,6
16,152129,20,2,5
16,152129,21,1,4
16,152129,22,3,2
16,152129,23,1,6
16,152129,24,2,3
16,152129,25,1,4
16,152129,26,3,3
16,152129,27,1,5
16,152129,28,2,5
16,152129,29,1,3
16,152129,30,3,7
16,152129,31,1,3
16,152129,32,2,6
16,153004,1,0,3
16,153004,2,3,5
16,153004,3,1,6
16,153004,4,2,2
16,153004,5,1,7
16,153004,6,3,4
16,153004,7,1,2
16,153004,8,2,4
16,153004,9,1,3
16,153004,11,1,2
16,153004,12,2,6
16,153004,13,1,4
16,153004,14,3,5
16,153004,15,1,1
16,153004,16,2,2
16,153004,17,1,3
16,153004,18,3,1
16,153004,19,1,3
16,153004,20,2,4
16,153004,21,1,3
16,153004,22,3,2
16,153004,23,1,3
16,153004,24,2,4
16,153004,25,1,4
16,153004,26,3,7
16,153004,27,1,4
16,153004,28,2,3
16,153004,29,0,2
16,153004,30,2,6
16,153004,31,1,5
16,153004,32,0,3
17,140555,1,2,5
17,140555,2,1,5
17,140555,3,3,4
17,140555,4,1,2
17,140555,5,2,3
17,140555,6,1,6
17,140555,7,3,6
17,140555,8,1,5
17,140555,9,2,5
17,140555,10,1,1
17,140555,11,3,8
17,140555,12,1,4
17,140555,13,2,5
17,140555,14,1,7
17,140555,15,3,4
17,140555,16,1,6
17,140555,17,2,4
17,140555,18,1,1
17,140555,19,3,5
17,140555,20,1,2
17,140555,21,2,3
17,140555,22,1,8
17,140555,23,3,6
17,140555,24,1,3
17,140555,25,2,4
17,140555,26,1,2
17,140555,27,3,2
17,140555,28,1,2
17,140555,29,2,4
17,140555,30,1,5
17,140555,31,3,4
17,140555,32,1,4
17,140555,33,2,7
17,140555,34,1,7
17,140555,35,3,2
17,140555,36,1,5
17,140555,37,2,8
17,140555,38,1,6
17,140555,39,3,9
17,140555,40,1,3
17,140555,41,2,4
17,140555,42,1,3
17,140555,43,2,6
17,140555,44,2,10
17,140555,45,1,1
17,140555,46,4,5
17,140555,47,1,4
17,140555,48,0,7
17,143110,2,1,2
17,143110,3,3,5
17,143110,4,1,2
17,143110,5,0,5
17,143110,6,2,6
17,143110,7,1,8
17,143110,8,3,2
17,143110,9,1,5
17,143110,10,2,1
17,143110,11,1,1
17,143110,12,3,10
17,143110,13,1,4
17,143110,14,2,3
17,143110,15,1,5
17,143110,16,3,6
17,143110,17,1,2
17,143110,18,2,3
17,143110,19,1,2
17,143110,20,3,4
17,143110,21,1,4
17,143110,22,2,3
17,143110,23,1,3
17,143110,24,3,4
17,143110,25,1,4
17,143110,26,0,8
17,143110,27,2,1
17,143110,28,1,3
17,143110,29,3,8
17,143110,30,1,2
17,143110,31,2,5
17,143110,32,1,4
17,143110,33,3,3
17,143110,34,1,4
17,143110,35,2,4
17,143110,36,1,3
17,143110,37,3,7
17,143110,38,1,4
17,143110,39,2,3
17,143110,40,1,5
17,143110,41,3,4
17,143110,42,1,7
17,143110,43,2,2
17,143110,44,1,6
17,143110,45,0,4
17,144206,1,2,6
17,144206,2,1,4
17,144206,3,3,4
17,144206,4,1,7
17,144206,5,2,2
17,144206,6,1,2
17,144206,7,3,1
17,144206,8,1,4
17,144206,9,2,3
17,144206,10,1,1
17,144206,11,3,3
17,144206,12,1,2
17,144206,13,2,6
17,144206,14,1,7
17,144206,15,3,4
17,144206,16,1,5
17,144206,17,2,3
17,144206,18,1,7
17,144206,19,3,3
17,144206,20,1,6
17,144206,21,2,4
17,144206,22,1,5
17,144206,23,3,7
17,144206,24,1,4
17,144206,25,2,7
17,144206,26,1,3
17,144206,27,3,5
17,144206,28,1,7
17,144206,29,2,6
17,144206,30,1,6
17,144206,31,3,7
17,144206,32,1,1
17,144206,33,0,3
17,144206,34,1,6
17,144206,35,0,3
17,144206,36,1,2
17,144206,37,4,6
17,151341,1,0,3
17,151341,2,3,2
17,151341,3,1,6
17,151341,4,2,4
17,151341,5,1,6
17,151341,6,3,5
17,151341,7,1,5
17,151341,8,2,6
17,151341,9,1,10
17,151341,10,3,3
17,151341,11,1,4
17,151341,12,2,5
17,151341,13,1,2
17,151341,14,3,3
17,151341,15,1,2
17,151341,16,2,3
17,151341,17,1,5
17,151341,18,3,4
17,151341,19,1,2
17,151341,20,2,4
17,151341,21,1,4
17,151341,22,3,4
17,151341,23,1,4
17,151341,24,2,9
17,151341,25,1,9
17,151341,26,3,2
17,151341,27,1,4
17,151341,28,2,9
17,151341,29,1,10
17,151341,30,0,2
17,152129,1,0,6
17,152129,2,3,3
17,152129,3,1,10
17,152129,4,2,5
17,152129,5,1,1
17,152129,6,3,3
17,152129,7,1,5
17,152129,8,2,3
17,152129,9,1,4
17,152129,10,3,4
17,152129,11,1,2
17,152129,12,2,10
17,152129,13,1,3
17,152129,14,3,4
17,152129,15,1,3
17,152129,16,2,3
17,152129,17,1,6
17,152129,18,3,5
17,152129,19,1,5
17,152129,20,2,5
17,152129,21,1,1
17,152129,22,3,2
17,152129,23,1,3
17,152129,24,2,5
17,152129,25,1,5
17,152129,26,3,8
17,152129,27,1,6
17,152129,28,2,4
17,152129,29,1,3
17,152129,30,3,2
17,152129,31,1,3
17,152129,32,2,3
17,153004,1,0,3
17,153004,2,3,3
17,153004,3,1,2
17,153004,4,2,5
17,153004,5,1,6
17,153004,6,3,5
17,153004,7,1,4
17,153004,8,2,4
17,153004,9,1,5
17,153004,10,3,4
17,153004,12,2,2
17,153004,13,1,3
17,153004,14,3,6
17,153004,15,1,6
17,153004,16,2,5
17,153004,17,1,5
17,153004,18,3,3
17,153004,19,1,6
17,153004,20,2,3
17,153004,21,1,6
17,153004,22,3,2
17,153004,23,1,5
17,153004,24,2,4
17,153004,25,1,1
17,153004,26,3,3
17,153004,27,1,3
17,153004,28,2,4
17,153004,29,0,3
17,153004,30,2,4
17,153004,31,1,3
17,153004,32,0,1
18,140555,1,2,3
18,140555,2,1,1
18,140555,3,3,6
18,140555,4,1,3
18,140555,5,2,6
18,140555,6,1,4
18,140555,7,3,6
18,140555,8,1,5
18,140555,9,2,6
18,140555,10,1,2
18,140555,11,3,6
18,140555,12,1,4
18,140555,13,2,4
18,140555,14,1,3
18,140555,15,3,2
18,140555,16,1,4
18,140555,17,2,3
18,140555,18,1,9
18,140555,19,3,10
18,140555,20,1,6
18,140555,21,2,7
18,140555,22,1,4
18,140555,23,3,4
18,140555,24,1,3
18,140555,25,2,4
18,140555,26,1,3
18,140555,27,3,4
18,140555,28,1,9
18,140555,29,2,2
18,140555,30,1,4
18,140555,31,3,8
18,140555,32,1,3
18,140555,33,2,3
18,140555,34,1,3
18,140555,35,3,2
18,140555,36,1,5
18,140555,37,2,2
18,140555,38,1,4
18,140555,39,3,7
18,140555,40,1,3
18,140555,41,2,5
18,140555,42,1,2
18,140555,43,2,2
18,140555,44,2,5
18,140555,45,1,4
18,140555,46,4,6
18,140555,47,1,4
18,140555,48,0,2
18,143110,2,1,6
18,143110,3,3,4
18,143110,4,1,7
18,143110,5,0,6
18,143110,6,2,3
18,143110,7,1,7
18,143110,8,3,6
18,143110,9,1,4
18,143110,10,2,6
18,143110,11,1,5
18,143110,12,3,3
18,143110,13,1,4
18,143110,14,2,4
18,143110,16,3,4
18,143110,17,1,5
18,143110,18,2,7
18,143110,19,1,3
18,143110,20,3,7
18,143110,21,1,3
18,143110,22,2,3
18,143110,23,1,7
18,143110,24,3,5
18,143110,25,1,4
18,143110,26,0,6
18,143110,27,2,5
18,143110,28,1,5
18,143110,29,3,5
18,143110,30,1,3
18,143110,31,2,4
18,143110,32,1,4
18,143110,33,3,1
18,143110,34,1,7
18,143110,35,2,3
18,143110,36,1,3
18,143110,37,3,8
18,143110,38,1,3
18,143110,39,2,5
18,143110,40,1,4
18,143110,41,3,2
18,143110,42,1,6
18,143110,43,2,5
18,143110,44,1,6
18,143110,45,0,7
18,144206,1,2,9
18,144206,2,1,14
18,144206,3,3,3
18,144206,4,1,2
18,144206,5,2,3
18,144206,6,1,8
18,144206,7,3,5
18,144206,8,1,3
18,144206,9,2,5
18,144206,10,1,4
18,144206,11,3,1
18,144206,12,1,5
18,144206,13,2,1
18,144206,14,1,6
18,144206,15,3,4
18,144206,16,1,2
18,144206,17,2,2
18,144206,18,1,3
18,144206,19,3,2
18,144206,20,1,15
18,144206,21,2,7
18,144206,22,1,5
18,144206,23,3,6
18,144206,24,1,5
18,144206,25,2,8
18,144206,26,1,7
18,144206,27,3,3
18,144206,28,1,2
18,144206,29,2,5
18,144206,30,1,4
18,144206,31,3,7
18,144206,32,1,4
18,144206,33,0,5
18,144206,34,1,2
18,144206,35,0,3
18,144206,36,1,5
18,144206,37,4,3
18,151341,1,0,1
18,151341,2,3,4
18,151341,3,1,6
18,151341,4,2,10
18,151341,5,1,3
18,151341,7,1,3
18,151341,8,2,2
18,151341,9,1,5
18,151341,10,3,5
18,151341,11,1,1
18,151341,12,2,1
18,151341,13,1,6
18,151341,14,3,3
18,151341,15,1,7
18,151341,16,2,5
18,151341,17,1,6
18,151341,18,3,7
18,151341,19,1,2
18,151341,20,2,4
18,151341,21,1,4
18,151341,22,3,5
18,151341,23,1,6
18,151341,24,2,3
18,151341,25,1,3
18,151341,26,3,4
18,151341,27,1,5
18,151341,28,2,2
18,151341,29,1,4
18,151341,30,0,4
18,152129,1,0,4
18,152129,2,3,1
18,152129,3,1,8
18,152129,4,2,2
18,152129,5,1,4
18,152129,6,3,3
18,152129,7,1,5
18,152129,8,2,6
18,152129,9,1,2
18,152129,10,3,1
18,152129,11,1,5
18,152129,12,2,3
18,152129,13,1,1
18,152129,14,3,3
18,152129,15,1,5
18,152129,16,2,2
18,152129,17,1,5
18,152129,18,3,10
18,152129,19,1,5
18,152129,20,2,8
18,152129,21,1,4
18,152129,22,3,5
18,152129,23,1,3
18,152129,24,2,2
18,152129,25,1,4
18,152129,26,3,2
18,152129,27,1,1
18,152129,28,2,5
18,152129,29,1,1
18,152129,30,3,6
18,152129,31,1,4
18,152129,32,2,2
18,153004,1,0,8
18,153004,2,3,1
18,153004,3,1,9
18,153004,4,2,3
18,153004,5,1,4
18,153004,6,3,4
18,153004,7,1,4
18,153004,8,2,2
18,153004,9,1,9
18,153004,10,3,1
18,153004,11,1,5
18,153004,12,2,3
18,153004,13,1,8
18,153004,14,3,4
18,153004,15,1,1
18,153004,16,2,3
18,153004,17,1,6
18,153004,18,3,2
18,153004,19,1,2
18,153004,20,2,4
18,153004,21,1,5
18,153004,22,3,6
18,153004,23,1,4
18,153004,24,2,5
18,153004,25,1,3
18,153004,26,3,3
18,153004,27,1,4
18,153004,28,2,3
18,153004,29,0,2
18,153004,30,2,5
18,153004,31,1,2
18,153004,32,0,2
19,140555,1,2,7
19,140555,2,1,4
19,140555,3,3,8
19,140555,4,1,4
19,140555,5,2,2
19,140555,6,1,5
19,140555,7,3,7
19,140555,8,1,2
19,140555,9,2,2
19,140555,10,1,1
19,140555,11,3,8
19,140555,12,1,4
19,140555,13,2,8
19,140555,14,1,4
19,140555,15,3,2
19,140555,16,1,8
19,140555,17,2,6
19,140555,18,1,3
19,140555,19,3,6
19,140555,20,1,2
19,140555,21,2,3
19,140555,22,1,4
19,140555,23,3,5
19,140555,24,1,5
19,140555,25,2,4
19,140555,26,1,6
19,140555,27,3,3
19,140555,28,1,4
19,140555,29,2,3
19,140555,30,1,4
19,140555,31,3,2
19,140555,32,1,7
19,140555,33,2,6
19,140555,34,1,2
19,140555,35,3,2
19,140555,36,1,5
19,140555,37,2,5
19,140555,39,3,6
19,140555,40,1,6
19,140555,41,2,4
19,140555,42,1,5
19,140555,43,2,1
19,140555,44,2,2
19,140555,45,1,7
19,140555,46,4,4
19,140555,47,1,5
19,140555,48,0,4
19,143110,2,1,4
19,143110,3,3,1
19,143110,4,1,3
19,143110,5,0,4
19,143110,6,2,2
19,143110,7,1,3
19,143110,8,3,3
19,143110,9,1,2
19,143110,10,2,5
19,143110,11,1,5
19,143110,12,3,3
19,143110,13,1,3
19,143110,14,2,3
19,143110,15,1,5
19,143110,16,3,1
19,143110,17,1,3
19,143110,18,2,5
19,143110,19,1,3
19,143110,20,3,3
19,143110,21,1,3
19,143110,22,2,2
19,143110,23,1,6
19,143110,24,3,9
19,143110,25,1,3
19,143110,26,0,2
19,143110,27,2,4
19,143110,28,1,3
19,143110,29,3,7
19,143110,30,1,4
19,143110,31,2,3
19,143110,32,1,5
19,143110,33,3,8
19,143110,34,1,5
19,143110,35,2,4
19,143110,36,1,5
19,143110,37,3,4
19,143110,38,1,5
19,143110,39,2,1
19,143110,40,1,4
19,143110,41,3,3
19,143110,42,1,11
19,143110,43,2,4
19,143110,44,1,9
19,143110,45,0,3
19,144206,1,2,5
19,144206,2,1,4
19,144206,3,3,4
19,144206,4,1,2
19,144206,5,2,7
19,144206,6,1,5
19,144206,7,3,2
19,144206,8,1,3
19,144206,9,2,3
19,144206,10,1,3
19,144206,11,3,3
19,144206,12,1,1
19,144206,13,2,5
19,144206,14,1,6
19,144206,15,3,6
19,144206,16,1,7
19,144206,17,2,7
19,144206,18,1,5
19,144206,19,3,3
19,144206,20,1,6
19,144206,21,2,3
19,144206,22,1,3
19,144206,23,3,7
19,144206,24,1,5
19,144206,25,2,4
19,144206,26,1,5
19,144206,27,3,6
19,144206,28,1,4
19,144206,29,2,4
19,144206,30,1,5
19,144206,31,3,7
19,144206,32,1,10
19,144206,33,0,3
19,144206,34,1,6
19,144206,35,0,4
19,144206,36,1,3
19,144206,37,4,3
19,151341,1,0,11
19,151341,2,3,12
19,151341,3,1,3
19,151341,4,2,2
19,151341,5,1,2
19,151341,6,3,3
19,151341,7,1,4
19,151341,8,2,6
19,151341,9,1,5
19,151341,10,3,3
19,151341,11,1,4
19,151341,12,2,2
19,151341,13,1,1
19,151341,14,3,3
19,151341,15,1,7
19,151341,16,2,6
19,151341,17,1,2
19,151341,18,3,5
19,151341,19,1,6
19,151341,20,2,5
19,151341,21,1,3
19,151341,22,3,1
19,151341,23,1,2
19,151341,24,2,1
19,151341,25,1,6
19,151341,26,3,8
19,151341,27,1,2
19,151341,28,2,3
19,151341,29,1,4
19,151341,30,0,9
19,152129,1,0,7
19,152129,2,3,4
19,152129,3,1,5
19,152129,4,2,4
19,152129,5,1,9
19,152129,6,3,3
19,152129,7,1,5
19,152129,8,2,2
19,152129,9,1,5
19,152129,10,3,4
19,152129,11,1,4
19,152129,12,2,5
19,152129,13,1,1
19,152129,14,3,4
19,152129,15,1,2
19,152129,16,2,6
19,152129,17,1,6
19,152129,18,3,4
19,152129,19,1,5
19,152129,20,2,5
19,152129,21,1,6
19,152129,23,1,3
19,152129,24,2,5
19,152129,25,1,4
19,152129,26,3,8
19,152129,27,1,6
19,152129,28,2,3
19,152129,29,1,4
19,152129,30,3,2
19,152129,31,1,6
19,152129,32,2,2
19,153004,1,0,4
19,153004,2,3,2
19,153004,3,1,8
19,153004,4,2,5
19,153004,5,1,4
19,153004,6,3,5
19,153004,7,1,1
19,153004,8,2,3
19,153004,9,1,3
19,153004,10,3,3
19,153004,11,1,1
19,153004,12,2,6
19,153004,13,1,1
19,153004,14,3,7
19,153004,15,1,3
19,153004,16,2,4
19,153004,17,1,4
19,153004,18,3,6
19,153004,19,1,3
19,153004,20,2,6
19,153004,21,1,4
19,153004,22,3,4
19,153004,23,1,8
19,153004,24,2,5
19,153004,25,1,4
19,153004,26,3,8
19,153004,27,1,2
19,153004,28,2,6
19,153004,29,0,4
19,153004,30,2,5
19,153004,31,1,3
19,153004,32,0,4
20,140555,1,2,5
20,140555,2,1,5
20,140555,3,3,1
20,140555,4,1,9
20,140555,5,2,2
20,140555,6,1,3
20,140555,8,1,4
20,140555,9,2,5
20,140555,10,1,5
20,140555,11,3,2
20,140555,12,1,5
20,140555,13,2,2
20,140555,14,1,8
20,140555,15,3,4
20,140555,16,1,4
20,140555,17,2,3
20,140555,18,1,4
20,140555,19,3,7
20,140555,20,1,6
20,140555,21,2,6
20,140555,22,1,5
20,140555,23,3,9
20,140555,24,1,3
20,140555,25,2,4
20,140555,26,1,4
20,140555,27,3,7
20,140555,28,1,11
20,140555,29,2,3
20,140555,30,1,7
20,140555,31,3,6
20,140555,32,1,5
20,140555,33,2,1
20,140555,34,1,5
20,140555,35,3,7
20,140555,36,1,4
20,140555,37,2,9
20,140555,38,1,4
20,140555,39,3,5
20,140555,40,1,5
20,140555,41,2,4
20,140555,42,1,3
20,140555,43,2,2
20,140555,44,2,3
20,140555,45,1,5
20,140555,46,4,5
20,140555,47,1,9
20,140555,48,0,6
20,143110,2,1,7
20,143110,3,3,7
20,143110,4,1,7
20,143110,5,0,3
20,143110,6,2,7
20,143110,7,1,2
20,143110,8,3,5
20,143110,9,1,2
20,143110,10,2,1
20,143110,11,1,5
20,143110,12,3,5
20,143110,13,1,3
20,143110,14,2,3
20,143110,15,1,2
20,143110,16,3,6
20,143110,17,1,6
20,143110,18,2,5
20,143110,19,1,4
20,143110,20,3,5
20,143110,21,1,3
20,143110,22,2,8
20,143110,23,1,4
20,143110,24,3,1
20,143110,25,1,3
20,143110,26,0,4
20,143110,27,2,2
20,143110,28,1,3
20,143110,30,1,6
20,143110,31,2,5
20,143110,32,1,11
20,143110,33,3,1
20,143110,34,1,3
20,143110,35,2,7
20,143110,36,1,3
20,143110,37,3,2
20,143110,38,1,7
20,143110,39,2,6
20,143110,40,1,4
20,143110,41,3,2
20,143110,42,1,3
20,143110,43,2,4
20,143110,44,1,3
20,143110,45,0,5
20,144206,1,2,2
20,144206,2,1,4
20,144206,3,3,2
20,144206,4,1,9
20,144206,5,2,3
20,144206,6,1,7
20,144206,7,3,5
20,144206,8,1,2
20,144206,9,2,9
20,144206,10,1,2
20,144206,11,3,8
20,144206,12,1,3
20,144206,13,2,4
20,144206,14,1,3
20,144206,15,3,4
20,144206,16,1,7
20,144206,17,2,1
20,144206,18,1,3
20,144206,19,3,4
20,144206,20,1,3
20,144206,21,2,4
20,144206,22,1,5
20,144206,23,3,1
20,144206,24,1,2
20,144206,25,2,4
20,144206,26,1,6
20,144206,27,3,6
20,144206,28,1,7
20,144206,29,2,2
20,144206,30,1,2
20,144206,31,3,9
20,144206,32,1,10
20,144206,33,0,8
20,144206,34,1,5
20,144206,35,0,5
20,144206,36,1,5
20,144206,37,4,2
20,151341,1,0,6
20,151341,2,3,7
20,151341,3,1,8
20,151341,4,2,4
20,151341,5,1,6
20,151341,6,3,4
20,151341,7,1,1
20,151341,8,2,1
20,151341,9,1,3
20,151341,10,3,4
20,151341,11,1,3
20,151341,12,2,6
20,151341,13,1,3
20,151341,14,3,1
20,151341,15,1,7
20,151341,16,2,4
20,151341,17,1,3
20,151341,18,3,2
20,151341,19,1,4
20,151341,20,2,3
20,151341,21,1,4
20,151341,22,3,5
20,151341,23,1,1
20,151341,24,2,7
20,151341,25,1,4
20,151341,27,1,4
20,151341,28,2,4
20,151341,29,1,8
20,151341,30,0,4
20,152129,1,0,4
20,152129,2,3,8
20,152129,3,1,3
20,152129,4,2,3
20,152129,5,1,3
20,152129,6,3,4
20,152129,7,1,2
20,152129,8,2,4
20,152129,9,1,2
20,152129,10,3,4
20,152129,11,1,6
20,152129,12,2,7
20,152129,13,1,5
20,152129,14,3,5
20,152129,15,1,1
20,152129,16,2,5
20,152129,17,1,6
20,152129,18,3,7
20,152129,19,1,6
20,152129,20,2,8
20,152129,21,1,5
20,152129,22,3,4
20,152129,23,1,5
20,152129,24,2,3
20,152129,25,1,4
20,152129,26,3,4
20,152129,27,1,9
20,152129,28,2,3
20,152129,30,3,6
20,152129,31,1,4
20,152129,32,2,4
20,153004,1,0,1
20,153004,2,3,4
20,153004,3,1,1
20,153004,4,2,3
20,153004,5,1,2
20,153004,6,3,1
20,153004,7,1,3
20,153004,8,2,4
20,153004,9,1,6
20,153004,10,3,2
20,153004,11,1,4
20,153004,12,2,1
20,153004,13,1,5
20,153004,14,3,5
20,153004,15,1,6
20,153004,16,2,1
20,153004,17,1,7
20,153004,18,3,4
20,153004,19,1,6
20,153004,20,2,5
20,153004,21,1,3
20,153004,22,3,2
20,153004,23,1,4
20,153004,24,2,4
20,153004,25,1,7
20,153004,26,3,3
20,153004,27,1,2
20,153004,28,2,1
20,153004,29,0,3
20,153004,30,2,4
20,153004,31,1,4
20,153004,32,0,3
21,140555,1,2,4
21,140555,2,1,5
21,140555,3,3,3
21,140555,4,1,5
21,140555,5,2,4
21,140555,6,1,1
21,140555,7,3,8
21,140555,8,1,4
21,140555,9,2,1
21,140555,10,1,6
21,140555,11,3,1
21,140555,12,1,3
21,140555,13,2,8
21,140555,14,1,3
21,140555,15,3,7
21,140555,16,1,7
21,140555,17,2,8
21,140555,18,1,4
21,140555,19,3,3
21,140555,20,1,2
21,140555,21,2,3
21,140555,22,1,6
21,140555,23,3,2
21,140555,24,1,4
21,140555,25,2,5
21,140555,26,1,3
21,140555,27,3,9
21,140555,28,1,5
21,140555,29,2,2
21,140555,30,1,5
21,140555,31,3,1
21,140555,32,1,7
21,140555,33,2,4
21,140555,34,1,3
21,140555,35,3,4
21,140555,36,1,3
21,140555,37,2,5
21,140555,38,1,6
21,140555,39,3,5
21,140555,40,1,5
21,140555,41,2,4
21,140555,42,1,2
21,140555,43,2,2
21,140555,44,2,3
21,140555,45,1,3
21,140555,46,4,6
21,140555,47,1,6
21,140555,48,0,3
21,143110,2,1,6
21,143110,3,3,4
21,143110,4,1,8
21,143110,5,0,4
21,143110,6,2,4
21,143110,7,1,3
21,143110,8,3,4
21,143110,9,1,5
21,143110,10,2,3
21,143110,11,1,5
21,143110,12,3,2
21,143110,13,1,4
21,143110,14,2,8
21,143110,15,1,3
21,143110,16,3,3
21,143110,17,1,6
21,143110,18,2,5
21,143110,19,1,2
21,143110,20,3,8
21,143110,21,1,1
21,143110,23,1,7
21,143110,24,3,4
21,143110,25,1,7
21,143110,26,0,5
21,143110,27,2,4
21,143110,28,1,7
21,143110,29,3,6
21,143110,30,1,1
21,143110,31,2,4
21,143110,32,1,8
21,143110,33,3,5
21,143110,34,1,7
21,143110,35,2,3
21,143110,36,1,6
21,143110,37,3,6
21,143110,38,1,4
21,143110,39,2,2
21,143110,40,1,2
21,143110,41,3,2
21,143110,42,1,8
21,143110,43,2,3
21,143110,44,1,6
21,143110,45,0,3
21,144206,1,2,1
21,144206,2,1,4
21,144206,3,3,6
21,144206,4,1,7
21,144206,5,2,2
21,144206,6,1,5
21,144206,7,3,3
21,144206,8,1,5
21,144206,9,2,2
21,144206,10,1,6
21,144206,11,3,5
21,144206,12,1,2
21,144206,13,2,7
21,144206,14,1,5
21,144206,15,3,3
21,144206,16,1,5
21,144206,17,2,4
21,144206,18,1,5
21,144206,19,3,7
21,144206,20,1,3
21,144206,21,2,5
21,144206,22,1,3
21,144206,23,3,3
21,144206,24,1,4
21,144206,25,2,5
21,144206,26,1,4
21,144206,27,3,4
21,144206,28,1,5
21,144206,29,2,7
21,144206,30,1,3
21,144206,31,3,6
21,144206,32,1,3
21,144206,33,0,6
21,144206,34,1,4
21,144206,35,0,6
21,144206,36,1,7
21,144206,37,4,2
21,151341,1,0,4
21,151341,3,1,1
21,151341,4,2,2
21,151341,5,1,4
21,151341,6,3,7
21,151341,7,1,8
21,151341,8,2,6
21,151341,9,1,3
21,151341,10,3,5
21,151341,11,1,3
21,151341,12,2,4
21,151341,13,1,4
21,151341,14,3,5
21,151341,15,1,7
21,151341,16,2,5
21,151341,17,1,1
21,151341,18,3,7
21,151341,19,1,5
21,151341,20,2,4
21,151341,21,1,3
21,151341,22,3,4
21,151341,23,1,4
21,151341,24,2,4
21,151341,25,1,3
21,151341,26,3,6
21,151341,27,1,3
21,151341,28,2,4
21,151341,29,1,3
21,151341,30,0,2
21,152129,1,0,2
21,152129,2,3,5
21,152129,3,1,2
21,152129,4,2,3
21,152129,5,1,8
21,152129,6,3,7
21,152129,7,1,7
21,152129,8,2,3
21,152129,9,1,4
21,152129,10,3,5
21,152129,11,1,4
21,152129,12,2,3
21,152129,13,1,1
21,152129,14,3,4
21,152129,15,1,4
21,152129,16,2,4
21,152129,17,1,3
21,152129,18,3,4
21,152129,19,1,5
21,152129,20,2,3
21,152129,21,1,8
21,152129,22,3,4
21,152129,23,1,3
21,152129,24,2,5
21,152129,25,1,3
21,152129,26,3,3
21,152129,27,1,4
21,152129,28,2,2
21,152129,29,1,5
21,152129,30,3,2
21,152129,31,1,2
21,152129,32,2,5
21,153004,1,0,4
21,153004,2,3,4
21,153004,3,1,12
21,153004,4,2,4
21,153004,5,1,7
21,153004,6,3,6
21,153004,7,1,3
21,153004,8,2,6
21,153004,9,1,7
21,153004,11,1,3
21,153004,12,2,3
21,153004,13,1,3
21,153004,14,3,3
21,153004,15,1,6
21,153004,16,2,2
21,153004,17,1,4
21,153004,18,3,6
21,153004,19,1,3
21,153004,20,2,4
21,153004,21,1,6
21,153004,22,3,6
21,153004,23,1,5
21,153004,24,2,5
21,153004,25,1,7
21,153004,26,3,3
21,153004,27,1,2
21,153004,28,2,3
21,153004,29,0,5
21,153004,30,2,2
21,153004,31,1,10
21,153004,32,0,3
22,140555,1,2,5
22,140555,2,1,3
22,140555,3,3,2
22,140555,4,1,1
22,140555,5,2,2
22,140555,6,1,4
22,140555,7,3,4
22,140555,8,1,1
22,140555,9,2,1
22,140555,10,1,4
22,140555,11,3,4
22,140555,12,1,3
22,140555,13,2,6
22,140555,14,1,9
22,140555,15,3,4
22,140555,16,1,7
22,140555,17,2,5
22,140555,18,1,4
22,140555,19,3,3
22,140555,20,1,2
22,140555,21,2,2
22,140555,22,1,3
22,140555,23,3,2
22,140555,24,1,2
22,140555,25,2,5
22,140555,26,1,8
22,140555,27,3,4
22,140555,28,1,4
22,140555,29,2,4
22,140555,30,1,9
22,140555,31,3,6
22,140555,32,1,3
22,140555,33,2,5
22,140555,34,1,4
22,140555,35,3,3
22,140555,36,1,5
22,140555,37,2,5
22,140555,38,1,8
22,140555,39,3,7
22,140555,40,1,5
22,140555,41,2,5
22,140555,42,1,2
22,140555,43,2,6
22,140555,44,2,5
22,140555,45,1,2
22,140555,46,4,6
22,140555,47,1,4
22,140555,48,0,3
22,143110,2,1,5
22,143110,3,3,2
22,143110,4,1,4
22,143110,5,0,7
22,143110,6,2,6
22,143110,7,1,9
22,143110,8,3,5
22,143110,9,1,6
22,143110,11,1,5
22,143110,12,3,3
22,143110,13,1,3
22,143110,14,2,4
22,143110,15,1,3
22,143110,16,3,4
22,143110,17,1,3
22,143110,18,2,4
22,143110,19,1,7
22,143110,20,3,4
22,143110,21,1,2
22,143110,22,2,6
22,143110,23,1,4
22,143110,24,3,4
22,143110,25,1,3
22,143110,26,0,4
22,143110,27,2,1
22,143110,28,1,11
22,143110,29,3,3
22,143110,30,1,2
22,143110,31,2,3
22,143110,32,1,4
22,143110,33,3,5
22,143110,34,1,4
22,143110,35,2,2
22,143110,36,1,3
22,143110,37,3,2
22,143110,38,1,2
22,143110,39,2,7
22,143110,40,1,2
22,143110,41,3,7
22,143110,42,1,2
22,143110,43,2,5
22,143110,44,1,5
22,143110,45,0,5
22,144206,1,2,3
22,144206,2,1,2
22,144206,3,3,2
22,144206,4,1,2
22,144206,5,2,3
22,144206,6,1,3
22,144206,7,3,5
22,144206,8,1,5
22,144206,9,2,5
22,144206,10,1,3
22,144206,11,3,1
22,144206,12,1,4
22,144206,13,2,5
22,144206,14,1,6
22,144206,15,3,7
22,144206,16,1,5
22,144206,17,2,7
22,144206,18,1,5
22,144206,19,3,5
22,144206,20,1,4
22,144206,21,2,5
22,144206,22,1,3
22,144206,23,3,4
22,144206,24,1,4
22,144206,25,2,7
22,144206,26,1,4
22,144206,27,3,3
22,144206,28,1,5
22,144206,29,2,6
22,144206,30,1,3
22,144206,31,3,6
22,144206,32,1,4
22,144206,33,0,5
22,144206,34,1,4
22,144206,35,0,3
22,144206,36,1,5
22,144206,37,4,7
22,151341,1,0,8
22,151341,2,3,6
22,151341,3,1,3
22,151341,4,2,5
22,151341,5,1,1
22,151341,6,3,3
22,151341,7,1,1
22,151341,8,2,4
22,151341,9,1,4
22,151341,10,3,3
22,151341,11,1,6
22,151341,12,2,6
22,151341,13,1,6
22,151341,14,3,5
22,151341,15,1,5
22,151341,16,2,5
22,151341,17,1,2
22,151341,18,3,9
22,151341,19,1,3
22,151341,20,2,4
22,151341,21,1,5
22,151341,22,3,6
22,151341,23,1,2
22,151341,24,2,4
22,151341,25,1,1
22,151341,26,3,5
22,151341,27,1,6
22,151341,28,2,3
22,151341,29,1,5
22,151341,30,0,2
22,152129,1,0,5
22,152129,2,3,2
22,152129,4,2,6
22,152129,5,1,7
22,152129,6,3,3
22,152129,7,1,8
22,152129,8,2,7
22,152129,9,1,6
22,152129,10,3,3
22,152129,11,1,3
22,152129,12,2,3
22,152129,13,1,3
22,152129,14,3,4
22,152129,15,1,6
22,152129,16,2,2
22,152129,17,1,3
22,152129,18,3,3
22,152129,19,1,2
22,152129,20,2,4
22,152129,21,1,1
22,152129,22,3,4
22,152129,23,1,4
22,152129,24,2,6
22,152129,25,1,6
22,152129,26,3,6
22,152129,27,1,2
22,152129,28,2,6
22,152129,29,1,6
22,152129,30,3,5
22,152129,31,1,1
22,152129,32,2,6
22,153004,1,0,6
22,153004,2,3,4
22,153004,3,1,6
22,153004,4,2,9
22,153004,5,1,2
22,153004,6,3,3
22,153004,7,1,2
22,153004,8,2,5
22,153004,9,1,5
22,153004,10,3,5
22,153004,11,1,3
22,153004,12,2,5
22,153004,13,1,6
22,153004,14,3,3
22,153004,15,1,5
22,153004,16,2,4
22,153004,17,1,4
22,153004,18,3,2
22,153004,19,1,6
22,153004,20,2,7
22,153004,21,1,5
22,153004,22,3,6
22,153004,23,1,6
22,153004,24,2,1
22,153004,25,1,6
22,153004,26,3,7
22,153004,27,1,5
22,153004,28,2,3
22,153004,29,0,13
22,153004,30,2,6
22,153004,31,1,3
22,153004,32,0,3
23,140555,1,2,7
23,140555,2,1,8
23,140555,3,3,2
23,140555,4,1,3
23,140555,5,2,3
23,140555,6,1,3
23,140555,7,3,4
23,140555,8,1,6
23,140555,9,2,5
23,140555,10,1,5
23,140555,11,3,1
23,140555,12,1,5
23,140555,13,2,4
23,140555,14,1,2
23,140555,15,3,2
23,140555,16,1,2
23,140555,17,2,6
23,140555,18,1,3
23,140555,19,3,4
23,140555,20,1,4
23,140555,21,2,6
23,140555,22,1,6
23,140555,23,3,5
23,140555,24,1,3
23,140555,25,2,5
23,140555,26,1,4
23,140555,27,3,3
23,140555,28,1,5
23,140555,29,2,2
23,140555,30,1,4
23,140555,31,3,2
23,140555,32,1,4
23,140555,33,2,7
23,140555,34,1,8
23,140555,35,3,7
23,140555,36,1,5
23,140555,37,2,2
23,140555,38,1,5
23,140555,39,3,7
23,140555,40,1,1
23,140555,41,2,5
23,140555,42,1,5
23,140555,43,2,6
23,140555,44,2,2
23,140555,45,1,3
23,140555,46,4,4
23,140555,47,1,6
23,140555,48,0,7
23,143110,2,1,5
23,143110,3,3,6
23,143110,4,1,6
23,143110,5,0,6
23,143110,6,2,4
23,143110,7,1,7
23,143110,8,3,3
23,143110,9,1,5
23,143110,10,2,2
23,143110,11,1,1
23,143110,12,3,6
23,143110,13,1,4
23,143110,14,2,3
23,143110,15,1,2
23,143110,16,3,6
23,143110,17,1,6
23,143110,18,2,4
23,143110,19,1,7
23,143110,20,3,3
23,143110,21,1,3
23,143110,22,2,6
23,143110,23,1,1
23,143110,24,3,6
23,143110,25,1,5
23,143110,26,0,4
23,143110,27,2,3
23,143110,28,1,5
23,143110,29,3,7
23,143110,30,1,5
23,143110,31,2,2
23,143110,32,1,4
23,143110,33,3,8
23,143110,34,1,4
23,143110,35,2,5
23,143110,36,1,1
23,143110,37,3,3
23,143110,38,1,1
23,143110,39,2,2
23,143110,40,1,6
23,143110,41,3,1
23,143110,42,1,3
23,143110,43,2,5
23,143110,44,1,6
23,143110,45,0,3
23,144206,1,2,3
23,144206,2,1,2
23,144206,4,1,2
23,144206,5,2,3
23,144206,6,1,5
23,144206,7,3,4
23,144206,8,1,7
23,144206,9,2,5
23,144206,10,1,4
23,144206,11,3,1
23,144206,12,1,6
23,144206,13,2,5
23,144206,14,1,8
23,144206,15,3,6
23,144206,16,1,6
23,144206,17,2,6
23,144206,18,1,4
23,144206,19,3,6
23,144206,20,1,5
23,144206,21,2,7
23,144206,22,1,7
23,144206,23,3,9
23,144206,24,1,4
23,144206,25,2,3
23,144206,26,1,5
23,144206,27,3,2
23,144206,28,1,5
23,144206,29,2,4
23,144206,30,1,4
23,144206,31,3,5
23,144206,32,1,4
23,144206,33,0,1
23,144206,34,1,4
23,144206,35,0,4
23,144206,36,1,3
23,144206,37,4,4
23,151341,1,0,4
23,151341,2,3,1
23,151341,3,1,4
23,151341,4,2,9
23,151341,6,3,2
23,151341,7,1,7
23,151341,8,2,9
23,151341,9,1,3
23,151341,10,3,5
23,151341,11,1,8
23,151341,12,2,6
23,151341,13,1,8
23,151341,14,3,5
23,151341,15,1,2
23,151341,16,2,4
23,151341,17,1,7
23,151341,18,3,7
23,151341,19,1,9
23,151341,20,2,5
23,151341,21,1,6
23,151341,22,3,1
23,151341,23,1,3
23,151341,24,2,3
23,151341,25,1,4
23,151341,26,3,4
23,151341,27,1,4
23,151341,28,2,2
23,151341,29,1,5
23,151341,30,0,5
23,152129,1,0,4
23,152129,2,3,3
23,152129,3,1,4
23,152129,4,2,5
23,152129,5,1,2
23,152129,6,3,4
23,152129,7,1,5
23,152129,8,2,4
23,152129,9,1,7
23,152129,10,3,4
23,152129,11,1,5
23,152129,12,2,7
23,152129,13,1,2
23,152129,15,1,3
23,152129,16,2,3
23,152129,17,1,5
23,152129,18,3,2
23,152129,19,1,4
23,152129,20,2,4
23,152129,21,1,3
23,152129,22,3,7
23,152129,23,1,4
23,152129,24,2,7
23,152129,25,1,7
23,152129,26,3,4
23,152129,27,1,3
23,152129,28,2,6
23,152129,29,1,4
23,152129,30,3,3
23,152129,31,1,3
23,152129,32,2,6
23,153004,1,0,4
23,153004,2,3,3
23,153004,3,1,3
23,153004,4,2,5
23,153004,5,1,4
23,153004,6,3,6
23,153004,7,1,3
23,153004,8,2,6
23,153004,9,1,7
23,153004,10,3,2
23,153004,11,1,4
23,153004,12,2,5
23,153004,13,1,5
23,153004,14,3,6
23,153004,15,1,3
23,153004,16,2,4
23,153004,17,1,5
23,153004,18,3,6
23,153004,19,1,5
23,153004,20,2,2
23,153004,21,1,4
23,153004,22,3,2
23,153004,23,1,3
23,153004,24,2,4
23,153004,25,1,4
23,153004,26,3,1
23,153004,27,1,1
23,153004,28,2,9
23,153004,29,0,1
23,153004,30,2,4
23,153004,31,1,4
23,153004,32,0,3
24,140555,1,2,5
24,140555,2,1,5
24,140555,3,3,2
24,140555,4,1,6
24,140555,5,2,5
24,140555,6,1,5
24,140555,7,3,6
24,140555,8,1,4
24,140555,9,2,2
24,140555,10,1,2
24,140555,11,3,2
24,140555,12,1,7
24,140555,13,2,6
24,140555,14,1,3
24,140555,15,3,1
24,140555,16,1,5
24,140555,17,2,4
24,140555,18,1,4
24,140555,19,3,2
24,140555,20,1,7
24,140555,21,2,5
24,140555,22,1,4
24,140555,23,3,7
24,140555,24,1,9
24,140555,25,2,6
24,140555,26,1,3
24,140555,27,3,4
24,140555,28,1,5
24,140555,29,2,4
24,140555,30,1,4
24,140555,31,3,8
24,140555,32,1,5
24,140555,33,2,5
24,140555,34,1,3
24,140555,35,3,1
24,140555,36,1,4
24,140555,37,2,5
24,140555,38,1,4
24,140555,39,3,4
24,140555,40,1,2
24,140555,41,2,1
24,140555,42,1,2
24,140555,43,2,9
24,140555,44,2,3
24,140555,45,1,2
24,140555,46,4,1
24,140555,47,1,2
24,140555,48,0,2
24,143110,2,1,2
24,143110,3,3,2
24,143110,4,1,6
24,143110,5,0,5
24,143110,6,2,5
24,143110,7,1,4
24,143110,8,3,4
24,143110,9,1,5
24,143110,10,2,5
24,143110,11,1,3
24,143110,12,3,2
24,143110,13,1,5
24,143110,14,2,5
24,143110,15,1,4
24,143110,16,3,6
24,143110,17,1,7
24,143110,18,2,1
24,143110,19,1,3
24,143110,20,3,4
24,143110,21,1,5
24,143110,22,2,3
24,143110,23,1,5
24,143110,24,3,7
24,143110,25,1,5
24,143110,26,0,2
24,143110,28,1,7
24,143110,29,3,2
24,143110,30,1,4
24,143110,31,2,4
24,143110,32,1,3
24,143110,33,3,2
24,143110,34,1,6
24,143110,35,2,4
24,143110,36,1,4
24,143110,37,3,3
24,143110,38,1,5
24,143110,39,2,3
24,143110,40,1,2
24,143110,41,3,2
24,143110,42,1,3
24,143110,43,2,4
24,143110,44,1,2
24,143110,45,0,4
24,144206,1,2,6
24,144206,2,1,2
24,144206,3,3,3
24,144206,4,1,4
24,144206,5,2,5
24,144206,6,1,2
24,144206,7,3,5
24,144206,8,1,6
24,144206,9,2,8
24,144206,10,1,2
24,144206,11,3,5
24,144206,12,1,3
24,144206,13,2,2
24,144206,14,1,4
24,144206,15,3,3
24,144206,16,1,5
24,144206,17,2,2
24,144206,18,1,7
24,144206,19,3,6
24,144206,20,1,5
24,144206,21,2,7
24,144206,22,1,7
24,144206,23,3,6
24,144206,24,1,7
24,144206,25,2,2
24,144206,26,1,2
24,144206,27,3,6
24,144206,28,1,5
24,144206,29,2,5
24,144206,31,3,3
24,144206,32,1,6
24,144206,33,0,10
24,144206,34,1,4
24,144206,35,0,5
24,144206,36,1,4
24,144206,37,4,6
24,151341,1,0,1
24,151341,2,3,3
24,151341,3,1,3
24,151341,4,2,6
24,151341,5,1,6
24,151341,6,3,3
24,151341,7,1,4
24,151341,8,2,4
24,151341,9,1,6
24,151341,10,3,6
24,151341,11,1,2
24,151341,12,2,5
24,151341,13,1,5
24,151341,14,3,1
24,151341,15,1,4
24,151341,16,2,1
24,151341,17,1,2
24,151341,18,3,4
24,151341,19,1,7
24,151341,20,2,3
24,151341,21,1,2
24,151341,22,3,7
24,151341,23,1,4
24,151341,24,2,1
24,151341,25,1,5
24,151341,26,3,7
24,151341,27,1,4
24,151341,28,2,6
24,151341,29,1,9
24,151341,30,0,6
24,152129,1,0,5
24,152129,2,3,1
24,152129,3,1,8
24,152129,4,2,3
24,152129,5,1,9
24,152129,6,3,10
24,152129,7,1,4
24,152129,8,2,5
24,152129,9,1,3
24,152129,10,3,3
24,152129,11,1,4
24,152129,12,2,3
24,152129,13,1,2
24,152129,14,3,6
24,152129,15,1,5
24,152129,16,2,1
24,152129,17,1,3
24,152129,18,3,4
24,152129,19,1,4
24,152129,20,2,9
24,152129,21,1,3
24,152129,22,3,5
24,152129,23,1,8
24,152129,24,2,6
24,152129,25,1,2
24,152129,26,3,7
24,152129,27,1,4
24,152129,28,2,9
24,152129,29,1,3
24,152129,30,3,5
24,152129,31,1,3
24,152129,32,2,4
24,153004,1,0,4
24,153004,2,3,7
24,153004,3,1,4
24,153004,4,2,5
24,153004,5,1,1
24,153004,6,3,5
24,153004,7,1,6
24,153004,8,2,5
24,153004,9,1,7
24,153004,10,3,7
24,153004,11,1,1
24,153004,12,2,4
24,153004,13,1,4
24,153004,14,3,6
24,153004,15,1,8
24,153004,16,2,2
24,153004,17,1,7
24,153004,18,3,4
24,153004,19,1,2
24,153004,20,2,2
24,153004,21,1,6
24,153004,22,3,8
24,153004,23,1,5
24,153004,24,2,5
24,153004,25,1,2
24,153004,26,3,6
24,153004,27,1,4
24,153004,28,2,4
24,153004,29,0,3
24,153004,30,2,6
24,153004,31,1,3
24,153004,32,0,3
25,140555,1,2,5
25,140555,2,1,4
25,140555,3,3,5
25,140555,4,1,3
25,140555,5,2,2
25,140555,6,1,3
25,140555,7,3,4
25,140555,8,1,4
25,140555,9,2,2
25,140555,10,1,4
25,140555,11,3,5
25,140555,12,1,4
25,140555,13,2,4
25,140555,14,1,4
25,140555,15,3,6
25,140555,16,1,2
25,140555,17,2,3
25,140555,18,1,6
25,140555,19,3,8
25,140555,20,1,1
25,140555,21,2,2
25,140555,22,1,5
25,140555,23,3,3
25,140555,24,1,4
25,140555,26,1,3
25,140555,27,3,2
25,140555,28,1,3
25,140555,29,2,3
25,140555,30,1,2
25,140555,31,3,8
25,140555,32,1,7
25,140555,33,2,6
25,140555,34,1,5
25,140555,35,3,4
25,140555,36,1,5
25,140555,37,2,5
25,140555,38,1,1
25,140555,39,3,3
25,140555,40,1,5
25,140555,41,2,3
25,140555,42,1,3
25,140555,43,2,3
25,140555,44,2,3
25,140555,45,1,4
25,140555,46,4,5
25,140555,47,1,3
25,140555,48,0,4
25,143110,2,1,7
25,143110,3,3,3
25,143110,4,1,7
25,143110,5,0,2
25,143110,6,2,6
25,143110,7,1,3
25,143110,8,3,3
25,143110,9,1,4
25,143110,10,2,3
25,143110,11,1,1
25,143110,12,3,4
25,143110,13,1,1
25,143110,14,2,5
25,143110,15,1,5
25,143110,16,3,4
25,143110,17,1,2
25,143110,18,2,1
25,143110,19,1,3
25,143110,20,3,6
25,143110,21,1,6
25,143110,22,2,1
25,143110,23,1,5
25,143110,24,3,4
25,143110,25,1,1
25,143110,26,0,6
25,143110,27,2,2
25,143110,28,1,4
25,143110,29,3,4
25,143110,30,1,2
25,143110,31,2,6
25,143110,32,1,6
25,143110,33,3,4
25,143110,34,1,1
25,143110,35,2,8
25,143110,36,1,5
25,143110,37,3,2
25,143110,38,1,1
25,143110,39,2,3
25,143110,40,1,7
25,143110,41,3,2
25,143110,42,1,3
25,143110,43,2,5
25,143110,44,1,6
25,143110,45,0,3
25,144206,1,2,6
25,144206,2,1,2
25,144206,3,3,1
25,144206,4,1,4
25,144206,5,2,7
25,144206,6,1,9
25,144206,7,3,1
25,144206,8,1,5
25,144206,9,2,7
25,144206,10,1,9
25,144206,11,3,6
25,144206,12,1,2
25,144206,13,2,4
25,144206,14,1,5
25,144206,15,3,5
25,144206,16,1,8
25,144206,17,2,3
25,144206,18,1,8
25,144206,19,3,4
25,144206,20,1,5
25,144206,21,2,4
25,144206,22,1,6
25,144206,23,3,2
25,144206,24,1,4
25,144206,25,2,2
25,144206,26,1,4
25,144206,27,3,1
25,144206,28,1,9
25,144206,29,2,5
25,144206,30,1,2
25,144206,31,3,2
25,144206,32,1,4
25,144206,33,0,10
25,144206,34,1,8
25,144206,35,0,2
25,144206,36,1,12
25,144206,37,4,4
25,151341,1,0,5
25,151341,2,3,2
25,151341,3,1,2
25,151341,4,2,3
25,151341,5,1,3
25,151341,6,3,3
25,151341,7,1,4
25,151341,8,2,7
25,151341,9,1,3
25,151341,10,3,6
25,151341,11,1,5
25,151341,12,2,4
25,151341,13,1,7
25,151341,14,3,4
25,151341,15,1,3
25,151341,16,2,6
25,151341,17,1,2
25,151341,18,3,3
25,151341,19,1,8
25,151341,20,2,3
25,151341,21,1,8
25,151341,22,3,4
25,151341,23,1,2
25,151341,24,2,7
25,151341,25,1,2
25,151341,26,3,4
25,151341,27,1,9
25,151341,28,2,4
25,151341,29,1,7
25,151341,30,0,10
25,152129,1,0,6
25,152129,2,3,4
25,152129,3,1,7
25,152129,4,2,6
25,152129,5,1,5
25,152129,6,3,2
25,152129,7,1,4
25,152129,8,2,5
25,152129,9,1,3
25,152129,10,3,5
25,152129,11,1,3
25,152129,12,2,6
25,152129,13,1,6
25,152129,14,3,5
25,152129,15,1,5
25,152129,16,2,5
25,152129,17,1,3
25,152129,18,3,3
25,152129,19,1,5
25,152129,20,2,4
25,152129,21,1,5
25,152129,22,3,2
25,152129,23,1,5
25,152129,24,2,6
25,152129,25,1,5
25,152129,26,3,5
25,152129,27,1,6
25,152129,28,2,5
25,152129,29,1,9
25,152129,30,3,4
25,152129,31,1,5
25,152129,32,2,2
25,153004,1,0,6
25,153004,2,3,5
25,153004,3,1,3
25,153004,4,2,1
25,153004,5,1,6
25,153004,6,3,3
25,153004,7,1,2
25,153004,8,2,7
25,153004,9,1,2
25,153004,10,3,5
25,153004,11,1,5
25,153004,12,2,4
25,153004,13,1,3
25,153004,14,3,8
25,153004,15,1,2
25,153004,16,2,6
25,153004,17,1,5
25,153004,18,3,4
25,153004,19,1,6
25,153004,20,2,5
25,153004,21,1,6
25,153004,22,3,4
25,153004,23,1,3
25,153004,24,2,6
25,153004,25,1,6
25,153004,26,3,2
25,153004,27,1,2
25,153004,28,2,3
25,153004,29,0,2
25,153004,30,2,9
25,153004,31,1,4
25,153004,32,0,2
26,140555,1,2,4
26,140555,2,1,4
26,140555,3,3,4
26,140555,4,1,3
26,140555,5,2,8
26,140555,6,1,4
26,140555,7,3,7
26,140555,8,1,4
26,140555,9,2,4
26,140555,10,1,2
26,140555,11,3,6
26,140555,12,1,4
26,140555,14,1,7
26,140555,15,3,8
26,140555,16,1,3
26,140555,17,2,1
26,140555,18,1,4
26,140555,19,3,4
26,140555,20,1,5
26,140555,21,2,4
26,140555,22,1,4
26,140555,23,3,1
26,140555,24,1,6
26,140555,25,2,2
26,140555,26,1,5
26,140555,27,3,7
26,140555,28,1,3
26,140555,29,2,5
26,140555,30,1,7
26,140555,31,3,4
26,140555,32,1,6
26,140555,33,2,7
26,140555,34,1,3
26,140555,35,3,4
26,140555,36,1,5
26,140555,37,2,2
26,140555,38,1,3
26,140555,39,3,4
26,140555,40,1,2
26,140555,41,2,2
26,140555,42,1,8
26,140555,43,2,8
26,140555,44,2,2
26,140555,45,1,5
26,140555,46,4,4
26,140555,47,1,4
26,140555,48,0,2
26,143110,2,1,2
26,143110,3,3,6
26,143110,4,1,3
26,143110,5,0,2
26,143110,6,2,2
26,143110,7,1,4
26,143110,8,3,7
26,143110,9,1,5
26,143110,11,1,2
26,143110,12,3,4
26,143110,13,1,4
26,143110,14,2,6
26,143110,15,1,4
26,143110,16,3,1
26,143110,17,1,2
26,143110,18,2,7
26,143110,19,1,5
26,143110,20,3,5
26,143110,21,1,8
26,143110,22,2,7
26,143110,23,1,2
26,143110,24,3,4
26,143110,25,1,3
26,143110,26,0,1
26,143110,27,2,3
26,143110,28,1,2
26,143110,29,3,6
26,143110,30,1,3
26,143110,31,2,7
26,143110,32,1,6
26,143110,33,3,3
26,143110,34,1,6
26,143110,35,2,6
26,143110,36,1,5
26,143110,37,3,4
26,143110,38,1,6
26,143110,39,2,6
26,143110,40,1,6
26,143110,41,3,8
26,143110,42,1,7
26,143110,43,2,3
26,143110,44,1,5
26,143110,45,0,3
26,144206,1,2,4
26,144206,2,1,4
26,144206,3,3,3
26,144206,4,1,6
26,144206,5,2,5
26,144206,6,1,7
26,144206,7,3,2
26,144206,8,1,9
26,144206,9,2,4
26,144206,10,1,2
26,144206,11,3,2
26,144206,12,1,3
26,144206,13,2,8
26,144206,14,1,4
26,144206,15,3,3
26,144206,16,1,5
26,144206,17,2,7
26,144206,18,1,5
26,144206,19,3,6
26,144206,20,1,6
26,144206,21,2,3
26,144206,22,1,2
26,144206,23,3,1
26,144206,24,1,5
26,144206,25,2,2
26,144206,26,1,7
26,144206,28,1,6
26,144206,29,2,3
26,144206,30,1,7
26,144206,31,3,5
26,144206,32,1,4
26,144206,33,0,2
26,144206,34,1,2
26,144206,35,0,4
26,144206,36,1,5
26,144206,37,4,2
26,151341,1,0,3
26,151341,2,3,4
26,151341,3,1,3
26,151341,4,2,5
26,151341,5,1,4
26,151341,6,3,1
26,151341,7,1,3
26,151341,8,2,9
26,151341,9,1,5
26,151341,10,3,1
26,151341,11,1,4
26,151341,12,2,5
26,151341,13,1,9
26,151341,14,3,8
26,151341,15,1,3
26,151341,16,2,2
26,151341,18,3,3
26,151341,19,1,4
26,151341,20,2,3
26,151341,21,1,1
26,151341,22,3,6
26,151341,23,1,2
26,151341,24,2,6
26,151341,25,1,2
26,151341,26,3,5
26,151341,27,1,5
26,151341,28,2,3
26,151341,29,1,4
26,151341,30,0,3
26,152129,1,0,4
26,152129,2,3,3
26,152129,3,1,6
26,152129,4,2,4
26,152129,5,1,5
26,152129,6,3,2
26,152129,7,1,4
26,152129,8,2,8
26,152129,9,1,3
26,152129,10,3,3
26,152129,11,1,2
26,152129,12,2,3
26,152129,13,1,4
26,152129,14,3,3
26,152129,15,1,6
26,152129,16,2,8
26,152129,17,1,3
26,152129,18,3,8
26,152129,19,1,2
26,152129,20,2,3
26,152129,21,1,1
26,152129,22,3,3
26,152129,23,1,8
26,152129,24,2,5
26,152129,25,1,3
26,152129,26,3,6
26,152129,27,1,2
26,152129,28,2,8
26,152129,29,1,3
26,152129,30,3,7
26,152129,31,1,4
26,152129,32,2,2
26,153004,1,0,3
26,153004,2,3,3
26,153004,3,1,3
26,153004,4,2,4
26,153004,5,1,4
26,153004,6,3,11
26,153004,7,1,5
26,153004,8,2,13
26,153004,9,1,3
26,153004,10,3,4
26,153004,11,1,8
26,153004,12,2,6
26,153004,13,1,5
26,153004,14,3,5
26,153004,15,1,3
26,153004,16,2,4
26,153004,17,1,6
26,153004,18,3,6
26,153004,19,1,6
26,153004,20,2,3
26,153004,21,1,4
26,153004,22,3,4
26,153004,23,1,4
26,153004,24,2,7
26,153004,25,1,6
26,153004,26,3,2
26,153004,27,1,3
26,153004,28,2,4
26,153004,29,0,3
26,153004,30,2,4
26,153004,31,1,3
26,153004,32,0,8
27,140555,1,2,1
27,140555,2,1,5
27,140555,3,3,2
27,140555,4,1,7
27,140555,5,2,2
27,140555,6,1,3
27,140555,7,3,7
27,140555,8,1,6
27,140555,9,2,3
27,140555,10,1,3
27,140555,11,3,6
27,140555,12,1,5
27,140555,13,2,3
27,140555,14,1,4
27,140555,15,3,7
27,140555,16,1,3
27,140555,17,2,1
27,140555,18,1,7
27,140555,19,3,1
27,140555,20,1,1
27,140555,21,2,5
27,140555,22,1,2
27,140555,23,3,4
27,140555,24,1,3
27,140555,25,2,4
27,140555,26,1,5
27,140555,27,3,5
27,140555,28,1,6
27,140555,29,2,7
27,140555,30,1,4
27,140555,31,3,3
27,140555,32,1,3
27,140555,33,2,4
27,140555,34,1,6
27,140555,35,3,4
27,140555,36,1,4
27,140555,37,2,7
27,140555,38,1,5
27,140555,39,3,7
27,140555,40,1,4
27,140555,41,2,6
27,140555,42,1,7
27,140555,43,2,4
27,140555,44,2,1
27,140555,45,1,4
27,140555,46,4,3
27,140555,47,1,5
27,140555,48,0,5
27,143110,2,1,3
27,143110,3,3,2
27,143110,4,1,4
27,143110,5,0,7
27,143110,6,2,5
27,143110,7,1,4
27,143110,8,3,6
27,143110,9,1,6
27,143110,10,2,4
27,143110,11,1,6
27,143110,12,3,4
27,143110,13,1,6
27,143110,14,2,6
27,143110,16,3,1
27,143110,17,1,4
27,143110,18,2,4
27,143110,19,1,5
27,143110,20,3,7
27,143110,21,1,5
27,143110,22,2,2
27,143110,23,1,3
27,143110,24,3,3
27,143110,25,1,5
27,143110,26,0,4
27,143110,28,1,4
27,143110,29,3,5
27,143110,30,1,6
27,143110,31,2,4
27,143110,32,1,3
27,143110,33,3,4
27,143110,34,1,4
27,143110,35,2,3
27,143110,36,1,8
27,143110,37,3,5
27,143110,38,1,6
27,143110,39,2,5
27,143110,40,1,9
27,143110,41,3,5
27,143110,42,1,6
27,143110,43,2,3
27,143110,44,1,3
27,143110,45,0,4
27,144206,1,2,3
27,144206,2,1,5
27,144206,3,3,4
27,144206,4,1,3
27,144206,5,2,5
27,144206,6,1,4
27,144206,7,3,5
27,144206,8,1,5
27,144206,9,2,8
27,144206,10,1,4
27,144206,11,3,3
27,144206,12,1,3
27,144206,13,2,5
27,144206,14,1,7
27,144206,15,3,4
27,144206,16,1,8
27,144206,17,2,5
27,144206,18,1,6
27,144206,19,3,6
27,144206,20,1,5
27,144206,21,2,6
27,144206,22,1,2
27,144206,23,3,4
27,144206,24,1,3
27,144206,25,2,6
27,144206,26,1,3
27,144206,27,3,4
27,144206,28,1,2
27,144206,29,2,5
27,144206,30,1,4
27,144206,31,3,3
27,144206,32,1,4
27,144206,33,0,6
27,144206,34,1,1
27,144206,35,0,4
27,144206,36,1,7
27,144206,37,4,3
27,151341,1,0,2
27,151341,2,3,4
27,151341,3,1,2
27,151341,4,2,3
27,151341,5,1,4
27,151341,6,3,6
27,151341,7,1,7
27,151341,8,2,7
27,151341,9,1,4
27,151341,10,3,7
27,151341,11,1,1
27,151341,12,2,5
27,151341,13,1,2
27,151341,14,3,10
27,151341,15,1,6
27,151341,16,2,3
27,151341,17,1,4
27,151341,19,1,3
27,151341,20,2,8
27,151341,21,1,1
27,151341,22,3,2
27,151341,23,1,4
27,151341,24,2,6
27,151341,25,1,6
27,151341,26,3,6
27,151341,27,1,6
27,151341,28,2,5
27,151341,29,1,5
27,151341,30,0,4
27,152129,1,0,1
27,152129,2,3,2
27,152129,3,1,6
27,152129,4,2,5
27,152129,5,1,2
27,152129,6,3,9
27,152129,7,1,5
27,152129,8,2,5
27,152129,9,1,2
27,152129,11,1,5
27,152129,12,2,8
27,152129,13,1,9
27,152129,14,3,5
27,152129,16,2,5
27,152129,17,1,6
27,152129,18,3,4
27,152129,19,1,6
27,152129,20,2,3
27,152129,21,1,5
27,152129,22,3,3
27,152129,23,1,5
27,152129,24,2,5
27,152129,25,1,1
27,152129,26,3,3
27,152129,27,1,5
27,152129,28,2,5
27,152129,29,1,3
27,152129,30,3,11
27,152129,31,1,7
27,152129,32,2,3
27,153004,1,0,5
27,153004,2,3,4
27,153004,3,1,4
27,153004,4,2,6
27,153004,5,1,6
27,153004,6,3,3
27,153004,8,2,5
27,153004,9,1,2
27,153004,10,3,5
27,153004,11,1,2
27,153004,12,2,5
27,153004,13,1,5
27,153004,14,3,3
27,153004,15,1,6
27,153004,16,2,3
27,153004,17,1,7
27,153004,18,3,5
27,153004,19,1,4
27,153004,20,2,2
27,153004,21,1,1
27,153004,22,3,4
27,153004,23,1,2
27,153004,24,2,2
27,153004,25,1,5
27,153004,26,3,5
27,153004,27,1,6
27,153004,28,2,3
27,153004,29,0,7
27,153004,30,2,2
27,153004,31,1,1
27,153004,32,0,1
28,140555,1,2,4
28,140555,2,1,2
28,140555,3,3,6
28,140555,4,1,7
28,140555,5,2,3
28,140555,6,1,6
28,140555,7,3,3
28,140555,8,1,9
28,140555,9,2,5
28,140555,10,1,5
28,140555,11,3,5
28,140555,12,1,5
28,140555,13,2,1
28,140555,14,1,8
28,140555,15,3,7
28,140555,16,1,2
28,140555,17,2,4
28,140555,18,1,1
28,140555,19,3,5
28,140555,20,1,8
28,140555,21,2,4
28,140555,22,1,3
28,140555,23,3,7
28,140555,24,1,4
28,140555,25,2,3
28,140555,26,1,1
28,140555,27,3,2
28,140555,28,1,4
28,140555,29,2,6
28,140555,30,1,8
28,140555,31,3,4
28,140555,32,1,2
28,140555,33,2,3
28,140555,34,1,6
28,140555,35,3,3
28,140555,36,1,11
28,140555,37,2,9
28,140555,38,1,7
28,140555,39,3,6
28,140555,40,1,1
28,140555,41,2,3
28,140555,42,1,2
28,140555,43,2,3
28,140555,44,2,6
28,140555,45,1,4
28,140555,46,4,5
28,140555,47,1,5
28,140555,48,0,5
28,143110,2,1,5
28,143110,3,3,3
28,143110,4,1,4
28,143110,5,0,6
28,143110,6,2,9
28,143110,7,1,8
28,143110,8,3,5
28,143110,9,1,7
28,143110,10,2,5
28,143110,11,1,5
28,143110,12,3,4
28,143110,13,1,5
28,143110,14,2,5
28,143110,15,1,6
28,143110,16,3,6
28,143110,17,1,3
28,143110,18,2,6
28,143110,19,1,6
28,143110,20,3,5
28,143110,21,1,7
28,143110,22,2,5
28,143110,23,1,3
28,143110,24,3,1
28,143110,25,1,3
28,143110,26,0,10
28,143110,27,2,3
28,143110,28,1,1
28,143110,29,3,2
28,143110,30,1,3
28,143110,31,2,4
28,143110,32,1,4
28,143110,33,3,3
28,143110,34,1,4
28,143110,35,2,4
28,143110,36,1,6
28,143110,37,3,3
28,143110,38,1,2
28,143110,39,2,4
28,143110,40,1,10
28,143110,41,3,3
28,143110,42,1,1
28,143110,43,2,3
28,143110,44,1,1
28,143110,45,0,7
28,144206,1,2,4
28,144206,2,1,4
28,144206,3,3,5
28,144206,4,1,3
28,144206,5,2,5
28,144206,6,1,4
28,144206,7,3,2
28,144206,8,1,4
28,144206,9,2,3
28,144206,10,1,8
28,144206,12,1,6
28,144206,13,2,4
28,144206,14,1,5
28,144206,15,3,3
28,144206,16,1,2
28,144206,17,2,2
28,144206,18,1,11
28,144206,19,3,2
28,144206,20,1,4
28,144206,21,2,6
28,144206,22,1,5
28,144206,23,3,4
28,144206,24,1,5
28,144206,26,1,5
28,144206,27,3,2
28,144206,28,1,7
28,144206,29,2,4
28,144206,30,1,7
28,144206,32,1,1
28,144206,33,0,5
28,144206,34,1,10
28,144206,35,0,1
28,144206,36,1,3
28,144206,37,4,4
28,151341,1,0,4
28,151341,2,3,7
28,151341,3,1,9
28,151341,4,2,4
28,151341,5,1,8
28,151341,6,3,7
28,151341,7,1,3
28,151341,8,2,4
28,151341,9,1,3
28,151341,10,3,5
28,151341,11,1,3
28,151341,12,2,2
28,151341,13,1,4
28,151341,14,3,2
28,151341,15,1,2
28,151341,16,2,4
28,151341,17,1,3
28,151341,18,3,6
28,151341,19,1,5
28,151341,20,2,2
28,151341,21,1,5
28,151341,22,3,5
28,151341,23,1,4
28,151341,24,2,2
28,151341,25,1,6
28,151341,26,3,1
28,151341,27,1,3
28,151341,28,2,3
28,151341,29,1,4
28,151341,30,0,5
28,152129,1,0,5
28,152129,2,3,5
28,152129,3,1,6
28,152129,5,1,4
28,152129,6,3,2
28,152129,7,1,6
28,152129,8,2,5
28,152129,9,1,3
28,152129,10,3,3
28,152129,11,1,4
28,152129,12,2,5
28,152129,13,1,3
28,152129,14,3,3
28,152129,15,1,4
28,152129,16,2,5
28,152129,17,1,4
28,152129,18,3,2
28,152129,19,1,5
28,152129,20,2,3
28,152129,21,1,6
28,152129,22,3,6
28,152129,23,1,6
28,152129,24,2,5
28,152129,25,1,5
28,152129,26,3,1
28,152129,27,1,5
28,152129,28,2,8
28,152129,29,1,8
28,152129,30,3,2
28,152129,31,1,1
28,152129,32,2,7
28,153004,1,0,4
28,153004,2,3,2
28,153004,3,1,3
28,153004,4,2,5
28,153004,5,1,4
28,153004,6,3,1
28,153004,7,1,7
28,153004,8,2,6
28,153004,9,1,2
28,153004,11,1,4
28,153004,12,2,3
28,153004,13,1,3
28,153004,14,3,5
28,153004,15,1,4
28,153004,16,2,4
28,153004,17,1,3
28,153004,18,3,4
28,153004,19,1,5
28,153004,20,2,9
28,153004,21,1,8
28,153004,22,3,9
28,153004,23,1,2
28,153004,24,2,3
28,153004,25,1,8
28,153004,26,3,2
28,153004,27,1,2
28,153004,28,2,3
28,153004,29,0,4
28,153004,30,2,2
28,153004,31,1,3
28,153004,32,0,1
29,140555,1,2,7
29,140555,2,1,4
29,140555,3,3,3
29,140555,4,1,3
29,140555,5,2,3
29,140555,6,1,3
29,140555,7,3,4
29,140555,8,1,6
29,140555,9,2,2
29,140555,10,1,4
29,140555,11,3,2
29,140555,12,1,2
29,140555,13,2,4
29,140555,14,1,5
29,140555,15,3,4
29,140555,16,1,3
29,140555,17,2,4
29,140555,18,1,2
29,140555,19,3,7
29,140555,20,1,5
29,140555,21,2,4
29,140555,23,3,5
29,140555,24,1,9
29,140555,25,2,5
29,140555,26,1,4
29,140555,27,3,2
29,140555,28,1,4
29,140555,29,2,3
29,140555,30,1,2
29,140555,31,3,4
29,140555,32,1,2
29,140555,33,2,4
29,140555,34,1,6
29,140555,35,3,4
29,140555,36,1,8
29,140555,37,2,5
29,140555,38,1,6
29,140555,39,3,4
29,140555,40,1,3
29,140555,41,2,5
29,140555,42,1,5
29,140555,43,2,4
29,140555,44,2,6
29,140555,45,1,5
29,140555,46,4,5
29,140555,47,1,6
29,140555,48,0,3
29,143110,2,1,6
29,143110,3,3,7
29,143110,4,1,3
29,143110,5,0,2
29,143110,6,2,3
29,143110,7,1,3
29,143110,8,3,5
29,143110,9,1,5
29,143110,10,2,4
29,143110,11,1,11
29,143110,12,3,5
29,143110,13,1,2
29,143110,14,2,3
29,143110,15,1,5
29,143110,16,3,5
29,143110,17,1,3
29,143110,18,2,5
29,143110,19,1,4
29,143110,20,3,5
29,143110,21,1,4
29,143110,22,2,6
29,143110,23,1,4
29,143110,24,3,1
29,143110,25,1,5
29,143110,26,0,3
29,143110,27,2,7
29,143110,28,1,4
29,143110,29,3,5
29,143110,30,1,5
29,143110,31,2,1
29,143110,32,1,4
29,143110,33,3,3
29,143110,34,1,6
29,143110,35,2,3
29,143110,36,1,1
29,143110,37,3,4
29,143110,38,1,4
29,143110,39,2,5
29,143110,40,1,3
29,143110,41,3,4
29,143110,42,1,2
29,143110,43,2,5
29,143110,44,1,7
29,143110,45,0,3
29,144206,1,2,6
29,144206,2,1,7
29,144206,3,3,4
29,144206,4,1,6
29,144206,5,2,2
29,144206,6,1,4
29,144206,7,3,6
29,144206,8,1,3
29,144206,9,2,3
29,144206,10,1,5
29,144206,11,3,3
29,144206,12,1,1
29,144206,13,2,3
29,144206,14,1,6
29,144206,15,3,4
29,144206,17,2,4
29,144206,18,1,5
29,144206,19,3,5
29,144206,20,1,2
29,144206,21,2,1
29,144206,22,1,6
29,144206,23,3,3
29,144206,24,1,6
29,144206,25,2,5
29,144206,26,1,4
29,144206,27,3,4
29,144206,28,1,5
29,144206,29,2,5
29,144206,30,1,6
29,144206,31,3,4
29,144206,32,1,11
29,144206,33,0,8
29,144206,34,1,12
29,144206,35,0,2
29,144206,36,1,2
29,144206,37,4,5
29,151341,1,0,3
29,151341,2,3,2
29,151341,3,1,5
29,151341,4,2,6
29,151341,5,1,4
29,151341,6,3,6
29,151341,7,1,9
29,151341,8,2,6
29,151341,10,3,4
29,151341,11,1,7
29,151341,12,2,6
29,151341,13,1,2
29,151341,14,3,1
29,151341,15,1,4
29,151341,16,2,4
29,151341,17,1,6
29,151341,18,3,5
29,151341,19,1,4
29,151341,21,1,7
29,151341,22,3,2
29,151341,23,1,4
29,151341,24,2,4
29,151341,25,1,3
29,151341,26,3,1
29,151341,27,1,5
29,151341,28,2,2
29,151341,29,1,7
29,151341,30,0,2
29,152129,1,0,2
29,152129,2,3,3
29,152129,3,1,8
29,152129,4,2,2
29,152129,5,1,7
29,152129,6,3,5
29,152129,7,1,6
29,152129,8,2,6
29,152129,9,1,11
29,152129,10,3,4
29,152129,11,1,6
29,152129,12,2,7
29,152129,13,1,2
29,152129,14,3,5
29,152129,15,1,7
29,152129,16,2,7
29,152129,17,1,6
29,152129,18,3,3
29,152129,19,1,2
29,152129,20,2,6
29,152129,21,1,2
29,152129,22,3,8
29,152129,23,1,5
29,152129,24,2,4
29,152129,25,1,1
29,152129,26,3,4
29,152129,27,1,3
29,152129,28,2,1
29,152129,29,1,1
29,152129,30,3,3
29,152129,31,1,2
29,152129,32,2,3
29,153004,1,0,5
29,153004,2,3,9
29,153004,3,1,4
29,153004,4,2,9
29,153004,5,1,7
29,153004,6,3,1
29,153004,7,1,5
29,153004,8,2,4
29,153004,9,1,3
29,153004,10,3,4
29,153004,11,1,3
29,153004,12,2,3
29,153004,13,1,6
29,153004,14,3,6
29,153004,15,1,3
29,153004,16,2,3
29,153004,17,1,7
29,153004,18,3,1
29,153004,19,1,3
29,153004,21,1,6
29,153004,22,3,2
29,153004,23,1,3
29,153004,24,2,11
29,153004,25,1,5
29,153004,26,3,5
29,153004,27,1,3
29,153004,28,2,4
29,153004,29,0,1
29,153004,30,2,5
29,153004,31,1,7
29,153004,32,0,6
30,140555,1,2,4
30,140555,2,1,5
30,140555,3,3,5
30,140555,4,1,4
30,140555,5,2,4
30,140555,6,1,7
30,140555,7,3,2
30,140555,8,1,3
30,140555,9,2,6
30,140555,10,1,7
30,140555,11,3,5
30,140555,12,1,3
30,140555,13,2,9
30,140555,14,1,4
30,140555,15,3,2
30,140555,16,1,2
30,140555,17,2,3
30,140555,18,1,7
30,140555,19,3,8
30,140555,20,1,6
30,140555,21,2,4
30,140555,22,1,6
30,140555,23,3,4
30,140555,24,1,4
30,140555,25,2,8
30,140555,26,1,2
30,140555,27,3,5
30,140555,28,1,5
30,140555,29,2,2
30,140555,30,1,5
30,140555,31,3,1
30,140555,32,1,5
30,140555,33,2,6
30,140555,34,1,4
30,140555,35,3,5
30,140555,36,1,1
30,140555,37,2,3
30,140555,38,1,4
30,140555,39,3,5
30,140555,40,1,6
30,140555,41,2,2
30,140555,42,1,2
30,140555,43,2,2
30,140555,44,2,5
30,140555,45,1,4
30,140555,46,4,3
30,140555,47,1,4
30,140555,48,0,2
30,143110,2,1,1
30,143110,3,3,4
30,143110,4,1,2
30,143110,5,0,4
30,143110,6,2,3
30,143110,7,1,3
30,143110,8,3,4
30,143110,9,1,5
30,143110,10,2,1
30,143110,11,1,5
30,143110,12,3,3
30,143110,13,1,6
30,143110,14,2,5
30,143110,15,1,2
30,143110,16,3,3
30,143110,17,1,1
30,143110,18,2,9
30,143110,19,1,3
30,143110,20,3,2
30,143110,21,1,7
30,143110,22,2,2
30,143110,23,1,1
30,143110,24,3,2
30,143110,25,1,9
30,143110,26,0,5
30,143110,27,2,3
30,143110,28,1,5
30,143110,29,3,2
30,143110,30,1,3
30,143110,31,2,5
30,143110,32,1,3
30,143110,33,3,4
30,143110,34,1,6
30,143110,35,2,4
30,143110,36,1,5
30,143110,37,3,7
30,143110,38,1,9
30,143110,39,2,6
30,143110,40,1,9
30,143110,41,3,5
30,143110,42,1,5
30,143110,43,2,6
30,143110,44,1,7
30,143110,45,0,4
30,144206,1,2,3
30,144206,2,1,5
30,144206,3,3,4
30,144206,4,1,6
30,144206,5,2,5
30,144206,6,1,5
30,144206,7,3,1
30,144206,8,1,5
30,144206,9,2,3
30,144206,10,1,3
30,144206,11,3,4
30,144206,12,1,3
30,144206,13,2,2
30,144206,14,1,3
30,144206,15,3,5
30,144206,16,1,5
30,144206,17,2,4
30,144206,18,1,4
30,144206,19,3,7
30,144206,20,1,4
30,144206,21,2,5
30,144206,22,1,8
30,144206,23,3,2
30,144206,24,1,6
30,144206,25,2,3
30,144206,26,1,3
30,144206,27,3,9
30,144206,28,1,6
30,144206,29,2,5
30,144206,30,1,4
30,144206,31,3,5
30,144206,32,1,1
30,144206,33,0,4
30,144206,34,1,7
30,144206,35,0,3
30,144206,36,1,6
30,144206,37,4,7
30,151341,2,3,5
30,151341,3,1,2
30,151341,4,2,1
30,151341,5,1,4
30,151341,6,3,4
30,151341,7,1,8
30,151341,8,2,2
30,151341,9,1,3
30,151341,10,3,2
30,151341,11,1,4
30,151341,12,2,2
30,151341,13,1,6
30,151341,14,3,4
30,151341,15,1,6
30,151341,16,2,3
30,151341,17,1,3
30,151341,18,3,5
30,151341,19,1,6
30,151341,20,2,2
30,151341,21,1,6
30,151341,22,3,6
30,151341,23,1,3
30,151341,24,2,2
30,151341,25,1,5
30,151341,26,3,11
30,151341,27,1,1
30,151341,28,2,5
30,151341,29,1,1
30,151341,30,0,2
30,152129,1,0,6
30,152129,2,3,3
30,152129,3,1,6
30,152129,4,2,1
30,152129,5,1,2
30,152129,6,3,6
30,152129,7,1,1
30,152129,8,2,9
30,152129,9,1,5
30,152129,10,3,7
30,152129,11,1,7
30,152129,12,2,6
30,152129,13,1,1
30,152129,14,3,3
30,152129,15,1,7
30,152129,16,2,2
30,152129,17,1,2
30,152129,18,3,2
30,152129,19,1,4
30,152129,20,2,5
30,152129,21,1,4
30,152129,22,3,5
30,152129,23,1,2
30,152129,24,2,3
30,152129,25,1,7
30,152129,26,3,1
30,152129,27,1,4
30,152129,28,2,4
30,152129,29,1,3
30,152129,30,3,1
30,152129,31,1,8
30,152129,32,2,4
30,153004,1,0,2
30,153004,2,3,4
30,153004,3,1,4
30,153004,4,2,3
30,153004,5,1,2
30,153004,6,3,5
30,153004,7,1,2
30,153004,8,2,8
30,153004,9,1,3
30,153004,10,3,4
30,153004,11,1,5
30,153004,12,2,7
30,153004,13,1,5
30,153004,14,3,2
30,153004,15,1,5
30,153004,16,2,3
30,153004,17,1,4
30,153004,18,3,6
30,153004,19,1,8
30,153004,20,2,6
30,153004,21,1,2
30,153004,22,3,2
30,153004,23,1,5
30,153004,24,2,5
30,153004,25,1,12
30,153004,26,3,8
30,153004,27,1,5
30,153004,28,2,1
30,153004,29,0,7
30,153004,30,2,7
30,153004,31,1,7
30,153004,32,0,6
31,140555,1,2,5
31,140555,2,1,5
31,140555,3,3,5
31,140555,4,1,5
31,140555,5,2,5
31,140555,6,1,6
31,140555,7,3,5
31,140555,8,1,2
31,140555,9,2,2
31,140555,10,1,3
31,140555,11,3,7
31,140555,12,1,5
31,140555,13,2,7
31,140555,14,1,6
31,140555,15,3,4
31,140555,16,1,4
31,140555,17,2,3
31,140555,18,1,6
31,140555,19,3,6
31,140555,21,2,9
31,140555,22,1,7
31,140555,23,3,4
31,140555,24,1,5
31,140555,25,2,7
31,140555,26,1,2
31,140555,27,3,6
31,140555,28,1,5
31,140555,29,2,5
31,140555,30,1,3
31,140555,31,3,3
31,140555,32,1,7
31,140555,33,2,7
31,140555,34,1,3
31,140555,35,3,3
31,140555,36,1,1
31,140555,37,2,7
31,140555,38,1,1
31,140555,39,3,6
31,140555,40,1,4
31,140555,41,2,6
31,140555,42,1,4
31,140555,43,2,3
31,140555,44,2,3
31,140555,45,1,3
31,140555,46,4,1
31,140555,47,1,4
31,140555,48,0,8
31,143110,2,1,6
31,143110,3,3,4
31,143110,4,1,8
31,143110,5,0,4
31,143110,6,2,2
31,143110,7,1,5
31,143110,8,3,4
31,143110,9,1,6
31,143110,10,2,7
31,143110,11,1,2
31,143110,12,3,4
31,143110,13,1,5
31,143110,14,2,2
31,143110,15,1,2
31,143110,16,3,6
31,143110,17,1,3
31,143110,18,2,1
31,143110,19,1,1
31,143110,20,3,3
31,143110,21,1,8
31,143110,22,2,5
31,143110,23,1,6
31,143110,24,3,3
31,143110,25,1,5
31,143110,26,0,5
31,143110,27,2,2
31,143110,28,1,6
31,143110,29,3,5
31,143110,30,1,3
31,143110,31,2,3
31,143110,32,1,5
31,143110,33,3,5
31,143110,34,1,4
31,143110,35,2,7
31,143110,36,1,3
31,143110,37,3,5
31,143110,38,1,7
31,143110,39,2,4
31,143110,40,1,3
31,143110,41,3,3
31,143110,42,1,6
31,143110,43,2,4
31,143110,44,1,3
31,143110,45,0,3
31,144206,1,2,6
31,144206,2,1,6
31,144206,3,3,7
31,144206,4,1,4
31,144206,5,2,5
31,144206,6,1,4
31,144206,7,3,4
31,144206,8,1,4
31,144206,9,2,7
31,144206,10,1,6
31,144206,11,3,6
31,144206,12,1,3
31,144206,13,2,4
31,144206,14,1,8
31,144206,15,3,7
31,144206,16,1,4
31,144206,17,2,3
31,144206,18,1,2
31,144206,19,3,7
31,144206,20,1,4
31,144206,21,2,5
31,144206,22,1,5
31,144206,23,3,2
31,144206,24,1,2
31,144206,25,2,6
31,144206,26,1,4
31,144206,27,3,5
31,144206,28,1,5
31,144206,29,2,2
31,144206,30,1,3
31,144206,31,3,2
31,144206,32,1,4
31,144206,33,0,5
31,144206,34,1,7
31,144206,35,0,1
31,144206,36,1,3
31,144206,37,4,5
31,151341,1,0,2
31,151341,2,3,4
31,151341,3,1,5
31,151341,4,2,7
31,151341,5,1,1
31,151341,6,3,2
31,151341,7,1,2
31,151341,8,2,4
31,151341,9,1,5
31,151341,10,3,1
31,151341,11,1,6
31,151341,12,2,3
31,151341,13,1,8
31,151341,14,3,5
31,151341,15,1,3
31,151341,16,2,3
31,151341,17,1,2
31,151341,18,3,5
31,151341,19,1,2
31,151341,20,2,5
31,151341,21,1,2
31,151341,22,3,2
31,151341,23,1,3
31,151341,24,2,5
31,151341,25,1,4
31,151341,26,3,3
31,151341,27,1,1
31,151341,28,2,2
31,151341,29,1,9
31,151341,30,0,4
31,152129,1,0,4
31,152129,2,3,3
31,152129,3,1,5
31,152129,4,2,2
31,152129,5,1,3
31,152129,6,3,5
31,152129,7,1,5
31,152129,8,2,3
31,152129,9,1,9
31,152129,10,3,4
31,152129,11,1,7
31,152129,12,2,2
31,152129,13,1,7
31,152129,14,3,7
31,152129,15,1,3
31,152129,16,2,4
31,152129,17,1,4
31,152129,18,3,7
31,152129,19,1,3
31,152129,20,2,7
31,152129,21,1,2
31,152129,22,3,5
31,152129,23,1,5
31,152129,24,2,4
31,152129,25,1,5
31,152129,26,3,12
31,152129,27,1,1
31,152129,28,2,4
31,152129,29,1,8
31,152129,30,3,4
31,152129,31,1,1
31,152129,32,2,3
31,153004,1,0,1
31,153004,2,3,5
31,153004,3,1,3
31,153004,4,2,6
31,153004,5,1,6
31,153004,6,3,5
31,153004,7,1,3
31,153004,8,2,4
31,153004,9,1,5
31,153004,10,3,4
31,153004,11,1,5
31,153004,12,2,4
31,153004,13,1,4
31,153004,14,3,4
31,153004,15,1,4
31,153004,16,2,5
31,153004,17,1,4
31,153004,18,3,4
31,153004,19,1,5
31,153004,20,2,5
31,153004,21,1,5
31,153004,22,3,1
31,153004,23,1,2
31,153004,24,2,6
31,153004,25,1,4
31,153004,26,3,6
31,153004,27,1,4
31,153004,28,2,4
31,153004,29,0,1
31,153004,30,2,4
31,153004,31,1,2
31,153004,32,0,4
32,140555,1,2,8
32,140555,2,1,2
32,140555,3,3,7
32,140555,4,1,9
32,140555,5,2,5
32,140555,6,1,6
32,140555,7,3,5
32,140555,8,1,5
32,140555,9,2,3
32,140555,10,1,5
32,140555,11,3,3
32,140555,12,1,4
32,140555,13,2,2
32,140555,14,1,2
32,140555,15,3,4
32,140555,16,1,1
32,140555,17,2,6
32,140555,18,1,6
32,140555,19,3,8
32,140555,20,1,6
32,140555,21,2,3
32,140555,22,1,6
32,140555,23,3,2
32,140555,24,1,4
32,140555,25,2,4
32,140555,26,1,5
32,140555,27,3,4
32,140555,28,1,5
32,140555,29,2,4
32,140555,30,1,4
32,140555,31,3,2
32,140555,32,1,4
32,140555,33,2,3
32,140555,34,1,2
32,140555,35,3,4
32,140555,36,1,5
32,140555,37,2,6
32,140555,38,1,4
32,140555,39,3,3
32,140555,40,1,4
32,140555,41,2,6
32,140555,42,1,1
32,140555,43,2,5
32,140555,45,1,3
32,140555,46,4,6
32,140555,47,1,3
32,140555,48,0,4
32,143110,2,1,5
32,143110,3,3,3
32,143110,4,1,2
32,143110,5,0,5
32,143110,6,2,2
32,143110,7,1,5
32,143110,8,3,3
32,143110,9,1,1
32,143110,10,2,6
32,143110,11,1,4
32,143110,12,3,5
32,143110,13,1,7
32,143110,14,2,3
32,143110,16,3,3
32,143110,17,1,9
32,143110,18,2,3
32,143110,19,1,3
32,143110,20,3,3
32,143110,21,1,2
32,143110,22,2,3
32,143110,23,1,2
32,143110,24,3,10
32,143110,25,1,6
32,143110,26,0,5
32,143110,27,2,5
32,143110,28,1,5
32,143110,29,3,6
32,143110,30,1,5
32,143110,31,2,4
32,143110,32,1,4
32,143110,33,3,4
32,143110,34,1,2
32,143110,35,2,7
32,143110,36,1,6
32,143110,37,3,4
32,143110,38,1,4
32,143110,39,2,4
32,143110,40,1,2
32,143110,41,3,5
32,143110,42,1,5
32,143110,43,2,5
32,143110,44,1,3
32,143110,45,0,5
32,144206,1,2,8
32,144206,2,1,4
32,144206,3,3,5
32,144206,4,1,5
32,144206,5,2,5
32,144206,6,1,1
32,144206,7,3,4
32,144206,8,1,5
32,144206,9,2,5
32,144206,10,1,3
32,144206,11,3,3
32,144206,12,1,7
32,144206,13,2,4
32,144206,14,1,4
32,144206,15,3,6
32,144206,16,1,5
32,144206,17,2,2
32,144206,18,1,6
32,144206,19,3,3
32,144206,20,1,8
32,144206,21,2,2
32,144206,22,1,4
32,144206,23,3,2
32,144206,24,1,7
32,144206,25,2,6
32,144206,26,1,3
32,144206,27,3,2
32,144206,28,1,6
32,144206,29,2,3
32,144206,30,1,5
32,144206,31,3,4
32,144206,32,1,4
32,144206,33,0,4
32,144206,34,1,3
32,144206,35,0,4
32,144206,36,1,4
32,144206,37,4,5
32,151341,1,0,4
32,151341,2,3,2
32,151341,3,1,3
32,151341,4,2,6
32,151341,5,1,4
32,151341,6,3,2
32,151341,7,1,4
32,151341,8,2,2
32,151341,9,1,4
32,151341,10,3,5
32,151341,11,1,2
32,151341,12,2,5
32,151341,13,1,6
32,151341,14,3,1
32,151341,15,1,10
32,151341,16,2,6
32,151341,17,1,1
32,151341,18,3,4
32,151341,19,1,5
32,151341,20,2,10
32,151341,21,1,8
32,151341,22,3,6
32,151341,23,1,5
32,151341,24,2,3
32,151341,25,1,3
32,151341,26,3,4
32,151341,27,1,2
32,151341,28,2,3
32,151341,29,1,9
32,151341,30,0,2
32,152129,1,0,7
32,152129,2,3,6
32,152129,3,1,3
32,152129,4,2,3
32,152129,5,1,3
32,152129,6,3,5
32,152129,7,1,5
32,152129,8,2,2
32,152129,9,1,8
32,152129,10,3,2
32,152129,11,1,4
32,152129,12,2,2
32,152129,13,1,8
32,152129,14,3,8
32,152129,15,1,5
32,152129,16,2,2
32,152129,17,1,1
32,152129,18,3,3
32,152129,19,1,10
32,152129,20,2,4
32,152129,21,1,9
32,152129,22,3,3
32,152129,23,1,3
32,152129,24,2,5
32,152129,25,1,3
32,152129,26,3,2
32,152129,27,1,1
32,152129,28,2,7
32,152129,29,1,4
32,152129,30,3,5
32,152129,31,1,7
32,152129,32,2,5
32,153004,1,0,3
32,153004,2,3,4
32,153004,3,1,7
32,153004,4,2,3
32,153004,5,1,5
32,153004,6,3,5
32,153004,7,1,7
32,153004,8,2,7
32,153004,9,1,3
32,153004,10,3,2
32,153004,11,1,3
32,153004,12,2,5
32,153004,13,1,4
32,153004,14,3,2
32,153004,15,1,4
32,153004,16,2,5
32,153004,17,1,3
32,153004,18,3,2
32,153004,19,1,3
32,153004,20,2,5
32,153004,21,1,2
32,153004,22,3,6
32,153004,23,1,5
32,153004,24,2,3
32,153004,25,1,3
32,153004,26,3,8
32,153004,27,1,5
32,153004,28,2,4
32,153004,29,0,1
32,153004,30,2,5
32,153004,31,1,5
32,153004,32,0,6
33,140555,1,2,1
33,140555,2,1,4
33,140555,3,3,6
33,140555,4,1,2
33,140555,5,2,5
33,140555,6,1,4
33,140555,8,1,4
33,140555,9,2,9
33,140555,10,1,3
33,140555,11,3,7
33,140555,12,1,5
33,140555,13,2,6
33,140555,14,1,3
33,140555,15,3,2
33,140555,16,1,4
33,140555,17,2,4
33,140555,18,1,5
33,140555,19,3,2
33,140555,20,1,5
33,140555,21,2,2
33,140555,22,1,5
33,140555,23,3,8
33,140555,24,1,8
33,140555,25,2,6
33,140555,26,1,3
33,140555,27,3,3
33,140555,28,1,8
33,140555,29,2,4
33,140555,30,1,4
33,140555,31,3,5
33,140555,32,1,5
33,140555,33,2,6
33,140555,34,1,4
33,140555,35,3,8
33,140555,36,1,7
33,140555,37,2,5
33,140555,38,1,5
33,140555,40,1,3
33,140555,41,2,7
33,140555,42,1,2
33,140555,43,2,3
33,140555,44,2,1
33,140555,45,1,3
33,140555,46,4,3
33,140555,47,1,5
33,140555,48,0,3
33,143110,2,1,5
33,143110,3,3,6
33,143110,4,1,8
33,143110,5,0,3
33,143110,6,2,3
33,143110,7,1,7
33,143110,8,3,1
33,143110,9,1,2
33,143110,10,2,2
33,143110,11,1,5
33,143110,12,3,4
33,143110,13,1,6
33,143110,14,2,6
33,143110,15,1,5
33,143110,16,3,5
33,143110,17,1,2
33,143110,18,2,7
33,143110,19,1,1
33,143110,20,3,9
33,143110,21,1,6
33,143110,22,2,3
33,143110,23,1,2
33,143110,24,3,5
33,143110,25,1,6
33,143110,26,0,3
33,143110,27,2,4
33,143110,28,1,2
33,143110,29,3,1
33,143110,30,1,4
33,143110,31,2,7
33,143110,32,1,3
33,143110,33,3,2
33,143110,34,1,6
33,143110,35,2,7
33,143110,36,1,7
33,143110,37,3,6
33,143110,38,1,2
33,143110,39,2,5
33,143110,40,1,3
33,143110,41,3,5
33,143110,42,1,6
33,143110,43,2,4
33,143110,44,1,4
33,143110,45,0,3
33,144206,1,2,2
33,144206,2,1,9
33,144206,4,1,6
33,144206,5,2,8
33,144206,6,1,6
33,144206,8,1,7
33,144206,9,2,3
33,144206,10,1,4
33,144206,11,3,6
33,144206,12,1,2
33,144206,13,2,2
33,144206,14,1,6
33,144206,15,3,5
33,144206,16,1,4
33,144206,17,2,1
33,144206,18,1,5
33,144206,19,3,4
33,144206,20,1,5
33,144206,21,2,3
33,144206,22,1,5
33,144206,23,3,8
33,144206,24,1,2
33,144206,25,2,1
33,144206,26,1,6
33,144206,27,3,4
33,144206,28,1,2
33,144206,29,2,8
33,144206,30,1,4
33,144206,31,3,6
33,144206,32,1,4
33,144206,33,0,5
33,144206,34,1,9
33,144206,35,0,5
33,144206,36,1,3
33,144206,37,4,6
33,151341,1,0,1
33,151341,2,3,4
33,151341,3,1,2
33,151341,4,2,7
33,151341,5,1,4
33,151341,6,3,3
33,151341,7,1,1
33,151341,8,2,6
33,151341,9,1,6
33,151341,10,3,4
33,151341,11,1,2
33,151341,12,2,5
33,151341,13,1,5
33,151341,14,3,5
33,151341,15,1,8
33,151341,16,2,6
33,151341,17,1,2
33,151341,18,3,4
33,151341,19,1,1
33,151341,20,2,1
33,151341,21,1,4
33,151341,22,3,7
33,151341,23,1,3
33,151341,24,2,3
33,151341,25,1,4
33,151341,26,3,3
33,151341,27,1,3
33,151341,28,2,2
33,151341,29,1,3
33,151341,30,0,4
33,152129,1,0,5
33,152129,2,3,3
33,152129,3,1,2
33,152129,4,2,4
33,152129,5,1,4
33,152129,6,3,5
33,152129,7,1,4
33,152129,8,2,2
33,152129,9,1,4
33,152129,10,3,5
33,152129,11,1,6
33,152129,12,2,2
33,152129,13,1,9
33,152129,14,3,2
33,152129,15,1,7
33,152129,16,2,6
33,152129,18,3,5
33,152129,19,1,4
33,152129,20,2,4
33,152129,21,1,3
33,152129,22,3,4
33,152129,23,1,7
33,152129,24,2,4
33,152129,25,1,6
33,152129,26,3,3
33,152129,27,1,2
33,152129,28,2,2
33,152129,29,1,8
33,152129,30,3,2
33,152129,31,1,6
33,152129,32,2,5
33,153004,1,0,2
33,153004,2,3,2
33,153004,3,1,4
33,153004,4,2,4
33,153004,5,1,2
33,153004,6,3,6
33,153004,7,1,3
33,153004,8,2,5
33,153004,9,1,6
33,153004,10,3,6
33,153004,11,1,4
33,153004,12,2,7
33,153004,13,1,3
33,153004,14,3,7
33,153004,15,1,6
33,153004,16,2,5
33,153004,18,3,1
33,153004,19,1,6
33,153004,20,2,4
33,153004,21,1,4
33,153004,22,3,4
33,153004,23,1,2
33,153004,24,2,3
33,153004,25,1,4
33,153004,26,3,8
33,153004,27,1,7
33,153004,28,2,2
33,153004,29,0,8
33,153004,30,2,9
33,153004,31,1,5
33,153004,32,0,7
34,140555,1,2,5
34,140555,2,1,4
34,140555,3,3,1
34,140555,4,1,5
34,140555,5,2,6
34,140555,6,1,2
34,140555,7,3,4
34,140555,8,1,5
34,140555,9,2,3
34,140555,10,1,4
34,140555,11,3,3
34,140555,12,1,5
34,140555,13,2,4
34,140555,14,1,3
34,140555,15,3,6
34,140555,16,1,4
34,140555,17,2,4
34,140555,18,1,1
34,140555,19,3,3
34,140555,20,1,4
34,140555,21,2,4
34,140555,22,1,4
34,140555,23,3,3
34,140555,24,1,3
34,140555,25,2,3
34,140555,26,1,4
34,140555,27,3,3
34,140555,28,1,5
34,140555,29,2,5
34,140555,30,1,7
34,140555,31,3,3
34,140555,32,1,3
34,140555,33,2,4
34,140555,34,1,4
34,140555,35,3,8
34,140555,36,1,7
34,140555,37,2,7
34,140555,38,1,5
34,140555,39,3,5
34,140555,40,1,2
34,140555,41,2,6
34,140555,42,1,5
34,140555,43,2,1
34,140555,44,2,7
34,140555,45,1,2
34,140555,46,4,3
34,140555,47,1,6
34,140555,48,0,5
34,143110,2,1,3
34,143110,3,3,4
34,143110,4,1,3
34,143110,5,0,8
34,143110,6,2,3
34,143110,7,1,3
34,143110,8,3,2
34,143110,9,1,2
34,143110,10,2,3
34,143110,11,1,4
34,143110,12,3,8
34,143110,13,1,5
34,143110,14,2,3
34,143110,15,1,6
34,143110,16,3,6
34,143110,17,1,4
34,143110,18,2,6
34,143110,19,1,12
34,143110,20,3,8
34,143110,21,1,2
34,143110,22,2,4
34,143110,23,1,3
34,143110,24,3,3
34,143110,25,1,1
34,143110,26,0,3
34,143110,27,2,4
34,143110,28,1,3
34,143110,29,3,1
34,143110,30,1,2
34,143110,31,2,5
34,143110,32,1,4
34,143110,33,3,6
34,143110,34,1,1
34,143110,35,2,3
34,143110,36,1,8
34,143110,37,3,6
34,143110,38,1,3
34,143110,39,2,3
34,143110,40,1,4
34,143110,41,3,1
34,143110,42,1,4
34,143110,43,2,3
34,143110,44,1,6
34,143110,45,0,3
34,144206,1,2,7
34,144206,2,1,3
34,144206,3,3,2
34,144206,4,1,3
34,144206,5,2,6
34,144206,6,1,7
34,144206,7,3,3
34,144206,8,1,6
34,144206,9,2,9
34,144206,10,1,4
34,144206,11,3,3
34,144206,12,1,2
34,144206,13,2,6
34,144206,14,1,5
34,144206,15,3,1
34,144206,16,1,6
34,144206,17,2,2
34,144206,18,1,2
34,144206,19,3,3
34,144206,20,1,11
34,144206,21,2,5
34,144206,22,1,5
34,144206,23,3,2
34,144206,24,1,6
34,144206,25,2,9
34,144206,26,1,4
34,144206,27,3,2
34,144206,28,1,5
34,144206,29,2,4
34,144206,30,1,7
34,144206,31,3,4
34,144206,32,1,6
34,144206,33,0,7
34,144206,34,1,9
34,144206,35,0,6
34,144206,36,1,2
34,144206,37,4,9
34,151341,1,0,3
34,151341,2,3,6
34,151341,3,1,7
34,151341,4,2,6
34,151341,5,1,7
34,151341,6,3,2
34,151341,7,1,3
34,151341,8,2,4
34,151341,9,1,7
34,151341,10,3,6
34,151341,11,1,4
34,151341,12,2,3
34,151341,13,1,4
34,151341,14,3,3
34,151341,15,1,2
34,151341,16,2,3
34,151341,17,1,1
34,151341,18,3,7
34,151341,19,1,3
34,151341,20,2,8
34,151341,21,1,4
34,151341,22,3,3
34,151341,23,1,1
34,151341,24,2,6
34,151341,25,1,11
34,151341,26,3,6
34,151341,27,1,3
34,151341,28,2,3
34,151341,29,1,5
34,151341,30,0,6
34,152129,1,0,4
34,152129,2,3,3
34,152129,3,1,6
34,152129,4,2,4
34,152129,5,1,2
34,152129,6,3,6
34,152129,7,1,7
34,152129,8,2,3
34,152129,9,1,2
34,152129,10,3,3
34,152129,11,1,1
34,152129,12,2,7
34,152129,13,1,2
34,152129,14,3,4
34,152129,15,1,5
34,152129,16,2,3
34,152129,17,1,1
34,152129,18,3,5
34,152129,19,1,5
34,152129,20,2,8
34,152129,21,1,3
34,152129,22,3,9
34,152129,23,1,5
34,152129,24,2,2
34,152129,25,1,4
34,152129,26,3,4
34,152129,27,1,3
34,152129,28,2,4
34,152129,29,1,6
34,152129,30,3,4
34,152129,31,1,3
34,152129,32,2,9
34,153004,1,0,3
34,153004,2,3,5
34,153004,3,1,5
34,153004,4,2,4
34,153004,5,1,7
34,153004,6,3,2
34,153004,7,1,3
34,153004,8,2,5
34,153004,9,1,3
34,153004,10,3,3
34,153004,11,1,7
34,153004,12,2,2
34,153004,13,1,3
34,153004,14,3,2
34,153004,15,1,3
34,153004,16,2,5
34,153004,17,1,4
34,153004,18,3,3
34,153004,19,1,3
34,153004,21,1,5
34,153004,22,3,5
34,153004,23,1,2
34,153004,24,2,9
34,153004,25,1,3
34,153004,26,3,2
34,153004,27,1,5
34,153004,28,2,5
34,153004,29,0,4
34,153004,30,2,2
34,153004,31,1,7
34,153004,32,0,3
35,140555,1,2,5
35,140555,2,1,7
35,140555,3,3,5
35,140555,4,1,6
35,140555,5,2,5
35,140555,6,1,4
35,140555,7,3,5
35,140555,8,1,6
35,140555,9,2,3
35,140555,10,1,4
35,140555,11,3,4
35,140555,12,1,5
35,140555,13,2,4
35,140555,14,1,9
35,140555,15,3,4
35,140555,16,1,4
35,140555,17,2,3
35,140555,18,1,9
35,140555,19,3,5
35,140555,20,1,3
35,140555,21,2,3
35,140555,22,1,3
35,140555,23,3,5
35,140555,24,1,4
35,140555,25,2,5
35,140555,26,1,3
35,140555,27,3,7
35,140555,28,1,6
35,140555,29,2,1
35,140555,30,1,3
35,140555,31,3,5
35,140555,32,1,3
35,140555,33,2,5
35,140555,34,1,3
35,140555,35,3,3
35,140555,36,1,3
35,140555,37,2,5
35,140555,38,1,4
35,140555,39,3,1
35,140555,40,1,4
35,140555,41,2,9
35,140555,42,1,8
35,140555,43,2,6
35,140555,44,2,2
35,140555,45,1,4
35,140555,46,4,7
35,140555,47,1,2
35,140555,48,0,5
35,143110,2,1,4
35,143110,3,3,5
35,143110,4,1,1
35,143110,5,0,3
35,143110,6,2,2
35,143110,7,1,2
35,143110,8,3,4
35,143110,9,1,2
35,143110,10,2,5
35,143110,11,1,5
35,143110,12,3,4
35,143110,13,1,4
35,143110,14,2,5
35,143110,15,1,3
35,143110,16,3,3
35,143110,17,1,3
35,143110,18,2,4
35,143110,19,1,4
35,143110,20,3,3
35,143110,21,1,8
35,143110,22,2,5
35,143110,23,1,3
35,143110,24,3,6
35,143110,25,1,7
35,143110,26,0,9
35,143110,27,2,4
35,143110,28,1,4
35,143110,29,3,7
35,143110,30,1,8
35,143110,31,2,7
35,143110,32,1,3
35,143110,33,3,1
35,143110,34,1,3
35,143110,35,2,4
35,143110,36,1,6
35,143110,37,3,7
35,143110,38,1,1
35,143110,39,2,4
35,143110,40,1,7
35,143110,41,3,10
35,143110,42,1,3
35,143110,43,2,3
35,143110,44,1,1
35,143110,45,0,1
35,144206,1,2,3
35,144206,2,1,3
35,144206,3,3,4
35,144206,4,1,5
35,144206,5,2,2
35,144206,6,1,6
35,144206,7,3,5
35,144206,8,1,4
35,144206,9,2,2
35,144206,10,1,5
35,144206,11,3,2
35,144206,12,1,7
35,144206,13,2,4
35,144206,14,1,8
35,144206,15,3,7
35,144206,16,1,5
35,144206,17,2,6
35,144206,18,1,11
35,144206,19,3,7
35,144206,20,1,5
35,144206,21,2,2
35,144206,22,1,4
35,144206,24,1,3
35,144206,26,1,8
35,144206,27,3,6
35,144206,28,1,5
35,144206,29,2,4
35,144206,30,1,2
35,144206,31,3,5
35,144206,32,1,7
35,144206,33,0,8
35,144206,34,1,5
35,144206,35,0,2
35,144206,36,1,2
35,144206,37,4,5
35,151341,1,0,4
35,151341,2,3,3
35,151341,3,1,5
35,151341,4,2,7
35,151341,5,1,2
35,151341,6,3,5
35,151341,7,1,4
35,151341,8,2,3
35,151341,9,1,4
35,151341,10,3,1
35,151341,11,1,4
35,151341,12,2,3
35,151341,13,1,11
35,151341,14,3,5
35,151341,15,1,5
35,151341,16,2,3
35,151341,18,3,6
35,151341,19,1,5
35,151341,20,2,5
35,151341,21,1,7
35,151341,22,3,4
35,151341,23,1,5
35,151341,24,2,5
35,151341,25,1,7
35,151341,26,3,4
35,151341,27,1,5
35,151341,28,2,2
35,151341,29,1,8
35,151341,30,0,4
35,152129,1,0,4
35,152129,2,3,1
35,152129,3,1,2
35,152129,4,2,4
35,152129,5,1,6
35,152129,6,3,3
35,152129,7,1,4
35,152129,8,2,4
35,152129,9,1,3
35,152129,10,3,6
35,152129,11,1,3
35,152129,12,2,3
35,152129,13,1,5
35,152129,14,3,3
35,152129,15,1,7
35,152129,16,2,7
35,152129,17,1,6
35,152129,18,3,4
35,152129,19,1,5
35,152129,20,2,2
35,152129,21,1,7
35,152129,22,3,4
35,152129,23,1,6
35,152129,24,2,2
35,152129,25,1,4
35,152129,26,3,5
35,152129,27,1,4
35,152129,28,2,4
35,152129,30,3,3
35,152129,31,1,4
35,152129,32,2,2
35,153004,1,0,5
35,153004,2,3,4
35,153004,3,1,2
35,153004,4,2,2
35,153004,5,1,1
35,153004,6,3,7
35,153004,7,1,3
35,153004,8,2,3
35,153004,9,1,5
35,153004,10,3,6
35,153004,11,1,2
35,153004,12,2,4
35,153004,13,1,4
35,153004,14,3,9
35,153004,15,1,3
35,153004,16,2,5
35,153004,17,1,1
35,153004,18,3,5
35,153004,19,1,2
35,153004,20,2,4
35,153004,21,1,4
35,153004,22,3,3
35,153004,23,1,6
35,153004,24,2,3
35,153004,25,1,6
35,153004,27,1,6
35,153004,28,2,3
35,153004,29,0,4
35,153004,30,2,4
35,153004,31,1,3
35,153004,32,0,2
36,140555,1,2,3
36,140555,2,1,5
36,140555,3,3,3
36,140555,4,1,4
36,140555,5,2,3
36,140555,6,1,5
36,140555,7,3,6
36,140555,8,1,7
36,140555,9,2,4
36,140555,10,1,6
36,140555,11,3,5
36,140555,12,1,6
36,140555,13,2,4
36,140555,14,1,3
36,140555,15,3,4
36,140555,16,1,4
36,140555,17,2,4
36,140555,18,1,5
36,140555,19,3,5
36,140555,20,1,10
36,140555,21,2,3
36,140555,22,1,2
36,140555,23,3,6
36,140555,24,1,1
36,140555,25,2,4
36,140555,26,1,2
36,140555,27,3,8
36,140555,28,1,6
36,140555,29,2,6
36,140555,30,1,4
36,140555,31,3,5
36,140555,32,1,6
36,140555,33,2,3
36,140555,34,1,3
36,140555,35,3,2
36,140555,36,1,2
36,140555,37,2,4
36,140555,38,1,6
36,140555,39,3,5
36,140555,40,1,3
36,140555,41,2,4
36,140555,42,1,7
36,140555,43,2,2
36,140555,44,2,3
36,140555,45,1,7
36,140555,46,4,6
36,140555,47,1,4
36,140555,48,0,4
36,143110,2,1,3
36,143110,3,3,7
36,143110,4,1,7
36,143110,5,0,5
36,143110,6,2,1
36,143110,7,1,4
36,143110,8,3,1
36,143110,9,1,4
36,143110,10,2,3
36,143110,11,1,2
36,143110,12,3,7
36,143110,13,1,5
36,143110,14,2,3
36,143110,15,1,3
36,143110,16,3,2
36,143110,17,1,4
36,143110,18,2,2
36,143110,19,1,4
36,143110,20,3,5
36,143110,21,1,2
36,143110,22,2,10
36,143110,23,1,4
36,143110,24,3,3
36,143110,25,1,7
36,143110,26,0,2
36,143110,27,2,2
36,143110,28,1,2
36,143110,29,3,8
36,143110,30,1,5
36,143110,31,2,6
36,143110,32,1,4
36,143110,33,3,1
36,143110,34,1,4
36,143110,35,2,4
36,143110,36,1,8
36,143110,37,3,5
36,143110,38,1,3
36,143110,39,2,9
36,143110,40,1,3
36,143110,41,3,5
36,143110,42,1,4
36,143110,43,2,4
36,143110,44,1,9
36,143110,45,0,4
36,144206,1,2,5
36,144206,2,1,3
36,144206,3,3,2
36,144206,4,1,4
36,144206,5,2,5
36,144206,6,1,4
36,144206,7,3,3
36,144206,8,1,7
36,144206,9,2,3
36,144206,10,1,2
36,144206,11,3,4
36,144206,12,1,7
36,144206,13,2,4
36,144206,14,1,8
36,144206,15,3,4
36,144206,16,1,3
36,144206,17,2,4
36,144206,18,1,7
36,144206,19,3,4
36,144206,20,1,6
36,144206,21,2,4
36,144206,22,1,3
36,144206,23,3,2
36,144206,24,1,4
36,144206,25,2,4
36,144206,26,1,6
36,144206,27,3,4
36,144206,28,1,2
36,144206,29,2,2
36,144206,30,1,6
36,144206,31,3,2
36,144206,32,1,4
36,144206,33,0,4
36,144206,34,1,6
36,144206,35,0,4
36,144206,36,1,3
36,144206,37,4,7
36,151341,1,0,1
36,151341,2,3,2
36,151341,3,1,6
36,151341,4,2,4
36,151341,5,1,7
36,151341,6,3,5
36,151341,7,1,3
36,151341,8,2,3
36,151341,9,1,8
36,151341,10,3,8
36,151341,11,1,3
36,151341,12,2,2
36,151341,13,1,3
36,151341,14,3,7
36,151341,15,1,5
36,151341,16,2,5
36,151341,17,1,5
36,151341,18,3,5
36,151341,19,1,4
36,151341,20,2,2
36,151341,21,1,5
36,151341,22,3,4
36,151341,23,1,4
36,151341,24,2,3
36,151341,25,1,4
36,151341,26,3,5
36,151341,27,1,2
36,151341,28,2,3
36,151341,29,1,2
36,151341,30,0,2
36,152129,1,0,3
36,152129,2,3,2
36,152129,3,1,4
36,152129,4,2,3
36,152129,5,1,7
36,152129,6,3,5
36,152129,7,1,2
36,152129,8,2,11
36,152129,9,1,2
36,152129,10,3,3
36,152129,11,1,8
36,152129,12,2,3
36,152129,13,1,3
36,152129,14,3,3
36,152129,15,1,3
36,152129,16,2,7
36,152129,17,1,2
36,152129,18,3,9
36,152129,19,1,4
36,152129,20,2,2
36,152129,21,1,6
36,152129,22,3,6
36,152129,23,1,4
36,152129,24,2,1
36,152129,25,1,2
36,152129,26,3,7
36,152129,27,1,9
36,152129,28,2,4
36,152129,29,1,6
36,152129,30,3,4
36,152129,31,1,3
36,152129,32,2,4
36,153004,1,0,6
36,153004,2,3,7
36,153004,3,1,4
36,153004,4,2,3
36,153004,5,1,2
36,153004,6,3,5
36,153004,7,1,2
36,153004,8,2,1
36,153004,9,1,4
36,153004,10,3,8
36,153004,11,1,2
36,153004,12,2,9
36,153004,13,1,7
36,153004,14,3,4
36,153004,15,1,8
36,153004,16,2,3
36,153004,18,3,2
36,153004,19,1,4
36,153004,20,2,5
36,153004,21,1,5
36,153004,22,3,3
36,153004,23,1,2
36,153004,24,2,2
36,153004,25,1,1
36,153004,26,3,6
36,153004,27,1,5
36,153004,28,2,4
36,153004,29,0,6
36,153004,30,2,5
36,153004,31,1,10
36,153004,32,0,1
37,140555,1,2,4
37,140555,2,1,4
37,140555,3,3,5
37,140555,4,1,3
37,140555,5,2,6
37,140555,6,1,2
37,140555,7,3,4
37,140555,8,1,6
37,140555,9,2,1
37,140555,10,1,3
37,140555,11,3,7
37,140555,12,1,4
37,140555,13,2,4
37,140555,14,1,8
37,140555,15,3,9
37,140555,16,1,5
37,140555,17,2,1
37,140555,18,1,3
37,140555,19,3,3
37,140555,20,1,6
37,140555,21,2,4
37,140555,23,3,4
37,140555,24,1,2
37,140555,25,2,2
37,140555,26,1,6
37,140555,27,3,6
37,140555,28,1,7
37,140555,29,2,4
37,140555,30,1,8
37,140555,31,3,4
37,140555,32,1,6
37,140555,33,2,2
37,140555,34,1,4
37,140555,35,3,3
37,140555,36,1,6
37,140555,37,2,5
37,140555,38,1,4
37,140555,39,3,4
37,140555,40,1,6
37,140555,41,2,3
37,140555,42,1,2
37,140555,43,2,3
37,140555,44,2,4
37,140555,45,1,6
37,140555,46,4,3
37,140555,47,1,4
37,140555,48,0,6
37,143110,2,1,5
37,143110,3,3,5
37,143110,4,1,4
37,143110,6,2,5
37,143110,7,1,4
37,143110,8,3,7
37,143110,9,1,5
37,143110,10,2,2
37,143110,11,1,7
37,143110,12,3,5
37,143110,13,1,2
37,143110,14,2,2
37,143110,15,1,7
37,143110,16,3,5
37,143110,17,1,9
37,143110,18,2,7
37,143110,19,1,3
37,143110,20,3,4
37,143110,21,1,5
37,143110,22,2,3
37,143110,23,1,2
37,143110,24,3,2
37,143110,25,1,3
37,143110,26,0,5
37,143110,27,2,2
37,143110,28,1,4
37,143110,29,3,2
37,143110,30,1,6
37,143110,31,2,4
37,143110,32,1,4
37,143110,33,3,7
37,143110,34,1,8
37,143110,35,2,7
37,143110,36,1,5
37,143110,37,3,5
37,143110,38,1,3
37,143110,39,2,5
37,143110,40,1,7
37,143110,41,3,1
37,143110,42,1,6
37,143110,43,2,5
37,143110,44,1,3
37,143110,45,0,5
37,144206,1,2,3
37,144206,2,1,3
37,144206,3,3,2
37,144206,4,1,4
37,144206,5,2,4
37,144206,6,1,7
37,144206,7,3,5
37,144206,8,1,5
37,144206,9,2,2
37,144206,10,1,2
37,144206,11,3,6
37,144206,12,1,7
37,144206,13,2,2
37,144206,14,1,4
37,144206,15,3,5
37,144206,16,1,2
37,144206,17,2,5
37,144206,18,1,2
37,144206,19,3,2
37,144206,20,1,2
37,144206,21,2,4
37,144206,22,1,8
37,144206,23,3,3
37,144206,24,1,6
37,144206,25,2,5
37,144206,26,1,5
37,144206,27,3,5
37,144206,28,1,2
37,144206,29,2,1
37,144206,30,1,3
37,144206,31,3,4
37,144206,32,1,7
37,144206,33,0,2
37,144206,34,1,5
37,144206,35,0,5
37,144206,36,1,3
37,144206,37,4,5
37,151341,1,0,5
37,151341,2,3,3
37,151341,3,1,4
37,151341,4,2,5
37,151341,5,1,4
37,151341,6,3,6
37,151341,7,1,3
37,151341,9,1,7
37,151341,10,3,10
37,151341,11,1,3
37,151341,12,2,3
37,151341,13,1,2
37,151341,14,3,7
37,151341,15,1,4
37,151341,16,2,3
37,151341,17,1,4
37,151341,18,3,5
37,151341,19,1,5
37,151341,20,2,5
37,151341,21,1,4
37,151341,22,3,1
37,151341,23,1,3
37,151341,24,2,5
37,151341,25,1,3
37,151341,26,3,7
37,151341,27,1,6
37,151341,28,2,2
37,151341,29,1,8
37,151341,30,0,7
37,152129,1,0,3
37,152129,2,3,4
37,152129,3,1,4
37,152129,4,2,3
37,152129,5,1,2
37,152129,6,3,5
37,152129,7,1,5
37,152129,8,2,5
37,152129,9,1,5
37,152129,10,3,6
37,152129,11,1,3
37,152129,12,2,3
37,152129,13,1,11
37,152129,14,3,3
37,152129,15,1,4
37,152129,16,2,5
37,152129,17,1,8
37,152129,18,3,4
37,152129,19,1,4
37,152129,20,2,4
37,152129,21,1,3
37,152129,22,3,3
37,152129,23,1,3
37,152129,24,2,2
37,152129,25,1,8
37,152129,26,3,4
37,152129,27,1,4
37,152129,28,2,8
37,152129,30,3,5
37,152129,31,1,4
37,152129,32,2,4
37,153004,1,0,9
37,153004,2,3,4
37,153004,3,1,1
37,153004,4,2,5
37,153004,5,1,7
37,153004,6,3,5
37,153004,7,1,5
37,153004,8,2,3
37,153004,9,1,4
37,153004,10,3,2
37,153004,11,1,3
37,153004,12,2,5
37,153004,13,1,5
37,153004,14,3,3
37,153004,15,1,8
37,153004,16,2,7
37,153004,17,1,2
37,153004,18,3,5
37,153004,19,1,4
37,153004,20,2,8
37,153004,21,1,7
37,153004,22,3,2
37,153004,23,1,3
37,153004,24,2,1
37,153004,25,1,4
37,153004,26,3,3
37,153004,27,1,5
37,153004,28,2,2
37,153004,29,0,5
37,153004,30,2,1
37,153004,31,1,4
37,153004,32,0,5
38,140555,1,2,3
38,140555,2,1,2
38,140555,3,3,6
38,140555,4,1,11
38,140555,5,2,9
38,140555,6,1,8
38,140555,7,3,5
38,140555,8,1,4
38,140555,9,2,3
38,140555,10,1,3
38,140555,12,1,6
38,140555,13,2,4
38,140555,14,1,8
38,140555,15,3,2
38,140555,16,1,7
38,140555,17,2,6
38,140555,18,1,1
38,140555,19,3,8
38,140555,20,1,7
38,140555,21,2,9
38,140555,22,1,3
38,140555,23,3,4
38,140555,24,1,2
38,140555,25,2,3
38,140555,26,1,4
38,140555,27,3,4
38,140555,28,1,2
38,140555,29,2,2
38,140555,30,1,4
38,140555,31,3,5
38,140555,32,1,4
38,140555,33,2,3
38,140555,34,1,5
38,140555,35,3,2
38,140555,36,1,3
38,140555,37,2,9
38,140555,38,1,3
38,140555,39,3,3
38,140555,40,1,3
38,140555,41,2,4
38,140555,42,1,2
38,140555,43,2,3
38,140555,44,2,3
38,140555,45,1,6
38,140555,46,4,5
38,140555,47,1,3
38,140555,48,0,4
38,143110,2,1,5
38,143110,3,3,10
38,143110,4,1,5
38,143110,5,0,3
38,143110,6,2,3
38,143110,7,1,2
38,143110,8,3,1
38,143110,9,1,7
38,143110,10,2,5
38,143110,11,1,3
38,143110,12,3,1
38,143110,13,1,3
38,143110,14,2,4
38,143110,15,1,2
38,143110,16,3,3
38,143110,17,1,2
38,143110,18,2,5
38,143110,19,1,4
38,143110,20,3,3
38,143110,21,1,6
38,143110,22,2,2
38,143110,23,1,4
38,143110,24,3,3
38,143110,25,1,5
38,143110,26,0,3
38,143110,27,2,5
38,143110,28,1,6
38,143110,29,3,7
38,143110,30,1,2
38,143110,31,2,3
38,143110,32,1,5
38,143110,33,3,7
38,143110,34,1,5
38,143110,35,2,5
38,143110,36,1,3
38,143110,37,3,4
38,143110,38,1,2
38,143110,39,2,3
38,143110,40,1,2
38,143110,41,3,4
38,143110,42,1,6
38,143110,43,2,5
38,143110,44,1,2
38,143110,45,0,3
38,144206,1,2,3
38,144206,2,1,8
38,144206,3,3,6
38,144206,4,1,7
38,144206,5,2,5
38,144206,6,1,5
38,144206,7,3,5
38,144206,8,1,3
38,144206,9,2,5
38,144206,10,1,1
38,144206,11,3,4
38,144206,12,1,4
38,144206,13,2,7
38,144206,14,1,1
38,144206,15,3,3
38,144206,16,1,6
38,144206,17,2,3
38,144206,18,1,7
38,144206,19,3,5
38,144206,20,1,3
38,144206,21,2,4
38,144206,22,1,4
38,144206,23,3,4
38,144206,24,1,4
38,144206,25,2,2
38,144206,26,1,3
38,144206,27,3,9
38,144206,28,1,6
38,144206,29,2,5
38,144206,30,1,7
38,144206,31,3,7
38,144206,32,1,3
38,144206,33,0,2
38,144206,34,1,5
38,144206,35,0,6
38,144206,36,1,2
38,144206,37,4,2
38,151341,1,0,4
38,151341,2,3,4
38,151341,3,1,4
38,151341,4,2,2
38,151341,5,1,2
38,151341,6,3,8
38,151341,7,1,4
38,151341,8,2,2
38,151341,9,1,5
38,151341,10,3,4
38,151341,11,1,3
38,151341,12,2,3
38,151341,13,1,6
38,151341,14,3,3
38,151341,15,1,3
38,151341,16,2,12
38,151341,17,1,6
38,151341,18,3,6
38,151341,19,1,3
38,151341,20,2,1
38,151341,21,1,4
38,151341,22,3,8
38,151341,23,1,3
38,151341,24,2,3
38,151341,25,1,6
38,151341,26,3,7
38,151341,27,1,7
38,151341,28,2,4
38,151341,29,1,5
38,151341,30,0,3
38,152129,1,0,3
38,152129,2,3,6
38,152129,3,1,4
38,152129,4,2,6
38,152129,5,1,3
38,152129,6,3,3
38,152129,7,1,8
38,152129,8,2,3
38,152129,9,1,7
38,152129,10,3,2
38,152129,11,1,2
38,152129,12,2,3
38,152129,13,1,6
38,152129,14,3,4
38,152129,15,1,2
38,152129,16,2,3
38,152129,17,1,6
38,152129,18,3,3
38,152129,19,1,3
38,152129,20,2,12
38,152129,21,1,8
38,152129,22,3,4
38,152129,23,1,5
38,152129,24,2,3
38,152129,25,1,4
38,152129,26,3,7
38,152129,27,1,3
38,152129,28,2,5
38,152129,29,1,4
38,152129,30,3,1
38,152129,31,1,2
38,152129,32,2,5
38,153004,1,0,4
38,153004,2,3,5
38,153004,3,1,4
38,153004,4,2,6
38,153004,5,1,7
38,153004,6,3,3
38,153004,7,1,7
38,153004,8,2,5
38,153004,9,1,5
38,153004,10,3,6
38,153004,11,1,2
38,153004,12,2,8
38,153004,13,1,5
38,153004,14,3,3
38,153004,15,1,2
38,153004,16,2,6
38,153004,17,1,5
38,153004,18,3,4
38,153004,19,1,5
38,153004,20,2,4
38,153004,21,1,2
38,153004,22,3,6
38,153004,23,1,4
38,153004,24,2,1
38,153004,25,1,4
38,153004,26,3,4
38,153004,29,0,6
38,153004,30,2,4
38,153004,31,1,7
38,153004,32,0,2
39,140555,1,2,8
39,140555,2,1,4
39,140555,3,3,7
39,140555,4,1,5
39,140555,5,2,6
39,140555,6,1,4
39,140555,7,3,3
39,140555,8,1,5
39,140555,9,2,6
39,140555,10,1,4
39,140555,11,3,3
39,140555,12,1,3
39,140555,13,2,3
39,140555,14,1,4
39,140555,15,3,3
39,140555,16,1,1
39,140555,17,2,7
39,140555,18,1,3
39,140555,19,3,4
39,140555,20,1,5
39,140555,21,2,5
39,140555,22,1,7
39,140555,23,3,2
39,140555,24,1,2
39,140555,25,2,4
39,140555,26,1,4
39,140555,27,3,1
39,140555,28,1,4
39,140555,29,2,8
39,140555,30,1,9
39,140555,31,3,2
39,140555,32,1,6
39,140555,33,2,1
39,140555,34,1,3
39,140555,35,3,6
39,140555,36,1,7
39,140555,37,2,4
39,140555,38,1,8
39,140555,39,3,4
39,140555,40,1,6
39,140555,41,2,3
39,140555,43,2,3
39,140555,44,2,7
39,140555,45,1,3
39,140555,46,4,3
39,140555,47,1,6
39,140555,48,0,5
39,143110,2,1,4
39,143110,3,3,5
39,143110,4,1,3
39,143110,5,0,1
39,143110,7,1,4
39,143110,8,3,5
39,143110,9,1,2
39,143110,10,2,5
39,143110,11,1,1
39,143110,12,3,7
39,143110,13,1,10
39,143110,14,2,5
39,143110,15,1,2
39,143110,16,3,3
39,143110,17,1,2
39,143110,18,2,4
39,143110,19,1,5
39,143110,20,3,2
39,143110,21,1,4
39,143110,22,2,5
39,143110,23,1,5
39,143110,24,3,1
39,143110,25,1,5
39,143110,26,0,5
39,143110,27,2,9
39,143110,28,1,7
39,143110,29,3,7
39,143110,30,1,2
39,143110,31,2,3
39,143110,32,1,2
39,143110,33,3,5
39,143110,34,1,5
39,143110,35,2,5
39,143110,36,1,3
39,143110,37,3,3
39,143110,38,1,1
39,143110,39,2,7
39,143110,40,1,3
39,143110,41,3,7
39,143110,42,1,7
39,143110,43,2,5
39,143110,44,1,3
39,143110,45,0,4
39,144206,1,2,7
39,144206,2,1,5
39,144206,3,3,5
39,144206,4,1,5
39,144206,5,2,7
39,144206,6,1,5
39,144206,7,3,3
39,144206,8,1,4
39,144206,9,2,1
39,144206,10,1,4
39,144206,11,3,4
39,144206,12,1,4
39,144206,13,2,4
39,144206,14,1,2
39,144206,15,3,3
39,144206,16,1,4
39,144206,17,2,4
39,144206,18,1,7
39,144206,19,3,5
39,144206,20,1,6
39,144206,21,2,3
39,144206,22,1,7
39,144206,23,3,7
39,144206,24,1,4
39,144206,25,2,2
39,144206,26,1,2
39,144206,27,3,1
39,144206,28,1,2
39,144206,29,2,3
39,144206,30,1,2
39,144206,31,3,6
39,144206,32,1,1
39,144206,33,0,5
39,144206,34,1,2
39,144206,35,0,8
39,144206,36,1,2
39,144206,37,4,3
39,151341,1,0,5
39,151341,2,3,2
39,151341,3,1,3
39,151341,4,2,2
39,151341,5,1,4
39,151341,6,3,4
39,151341,7,1,4
39,151341,8,2,3
39,151341,9,1,4
39,151341,10,3,7
39,151341,11,1,2
39,151341,12,2,8
39,151341,13,1,3
39,151341,14,3,6
39,151341,15,1,4
39,151341,16,2,5
39,151341,17,1,4
39,151341,18,3,2
39,151341,19,1,4
39,151341,20,2,9
39,151341,21,1,6
39,151341,22,3,2
39,151341,23,1,2
39,151341,24,2,7
39,151341,25,1,3
39,151341,26,3,4
39,151341,27,1,5
39,151341,28,2,4
39,151341,29,1,4
39,151341,30,0,4
39,152129,1,0,6
39,152129,2,3,5
39,152129,3,1,4
39,152129,4,2,4
39,152129,5,1,5
39,152129,6,3,3
39,152129,7,1,8
39,152129,8,2,2
39,152129,9,1,6
39,152129,10,3,5
39,152129,11,1,3
39,152129,12,2,8
39,152129,13,1,5
39,152129,14,3,4
39,152129,15,1,5
39,152129,16,2,5
39,152129,17,1,4
39,152129,18,3,3
39,152129,19,1,6
39,152129,20,2,9
39,152129,21,1,2
39,152129,22,3,3
39,152129,23,1,4
39,152129,24,2,8
39,152129,25,1,5
39,152129,26,3,5
39,152129,27,1,7
39,152129,28,2,8
39,152129,29,1,1
39,152129,30,3,5
39,152129,31,1,1
39,152129,32,2,7
39,153004,1,0,4
39,153004,2,3,3
39,153004,3,1,6
39,153004,4,2,1
39,153004,5,1,4
39,153004,6,3,6
39,153004,7,1,3
39,153004,8,2,6
39,153004,9,1,4
39,153004,10,3,2
39,153004,11,1,2
39,153004,12,2,2
39,153004,13,1,4
39,153004,14,3,5
39,153004,15,1,2
39,153004,16,2,3
39,153004,17,1,9
39,153004,18,3,6
39,153004,19,1,6
39,153004,20,2,3
39,153004,21,1,2
39,153004,23,1,4
39,153004,24,2,8
39,153004,25,1,5
39,153004,26,3,4
39,153004,27,1,3
39,153004,28,2,4
39,153004,29,0,5
39,153004,30,2,3
39,153004,31,1,9
39,153004,32,0,7
40,140555,1,2,2
40,140555,2,1,6
40,140555,3,3,6
40,140555,4,1,4
40,140555,5,2,10
40,140555,6,1,4
40,140555,7,3,2
40,140555,8,1,7
40,140555,9,2,9
40,140555,10,1,4
40,140555,11,3,1
40,140555,12,1,4
40,140555,13,2,3
40,140555,14,1,4
40,140555,15,3,8
40,140555,16,1,5
40,140555,17,2,4
40,140555,18,1,5
40,140555,19,3,5
40,140555,20,1,3
40,140555,21,2,7
40,140555,22,1,8
40,140555,23,3,2
40,140555,24,1,3
40,140555,25,2,3
40,140555,26,1,3
40,140555,27,3,8
40,140555,28,1,6
40,140555,29,2,7
40,140555,30,1,4
40,140555,31,3,8
40,140555,32,1,6
40,140555,33,2,8
40,140555,34,1,10
40,140555,35,3,8
40,140555,36,1,3
40,140555,37,2,4
40,140555,38,1,3
40,140555,39,3,3
40,140555,40,1,2
40,140555,41,2,1
40,140555,42,1,3
40,140555,43,2,2
40,140555,44,2,6
40,140555,45,1,9
40,140555,46,4,3
40,140555,47,1,4
40,140555,48,0,2
40,143110,2,1,1
40,143110,3,3,3
40,143110,4,1,1
40,143110,5,0,5
40,143110,6,2,5
40,143110,7,1,5
40,143110,8,3,11
40,143110,9,1,3
40,143110,10,2,1
40,143110,11,1,3
40,143110,12,3,4
40,143110,13,1,3
40,143110,14,2,2
40,143110,15,1,4
40,143110,16,3,2
40,143110,17,1,1
40,143110,18,2,4
40,143110,19,1,3
40,143110,21,1,6
40,143110,22,2,5
40,143110,23,1,2
40,143110,24,3,4
40,143110,25,1,7
40,143110,26,0,2
40,143110,27,2,8
40,143110,28,1,5
40,143110,29,3,2
40,143110,30,1,3
40,143110,31,2,4
40,143110,32,1,1
40,143110,33,3,3
40,143110,34,1,5
40,143110,35,2,5
40,143110,36,1,6
40,143110,37,3,5
40,143110,38,1,3
40,143110,39,2,3
40,143110,40,1,4
40,143110,41,3,4
40,143110,42,1,6
40,143110,43,2,2
40,143110,44,1,4
40,143110,45,0,8
40,144206,1,2,2
40,144206,2,1,4
40,144206,3,3,4
40,144206,4,1,1
40,144206,5,2,3
40,144206,6,1,5
40,144206,7,3,5
40,144206,8,1,6
40,144206,9,2,5
40,144206,10,1,3
40,144206,11,3,2
40,144206,12,1,3
40,144206,13,2,2
40,144206,14,1,4
40,144206,15,3,5
40,144206,16,1,5
40,144206,17,2,9
40,144206,18,1,7
40,144206,19,3,5
40,144206,20,1,2
40,144206,22,1,5
40,144206,23,3,2
40,144206,24,1,5
40,144206,25,2,2
40,144206,26,1,5
40,144206,27,3,8
40,144206,28,1,7
40,144206,29,2,5
40,144206,30,1,4
40,144206,31,3,5
40,144206,32,1,1
40,144206,33,0,5
40,144206,34,1,12
40,144206,35,0,5
40,144206,36,1,7
40,144206,37,4,6
40,151341,1,0,9
40,151341,2,3,4
40,151341,3,1,5
40,151341,4,2,5
40,151341,5,1,2
40,151341,6,3,7
40,151341,7,1,5
40,151341,8,2,4
40,151341,9,1,1
40,151341,10,3,10
40,151341,11,1,5
40,151341,12,2,4
40,151341,13,1,4
40,151341,14,3,6
40,151341,15,1,6
40,151341,16,2,4
40,151341,17,1,4
40,151341,18,3,3
40,151341,19,1,3
40,151341,20,2,2
40,151341,21,1,4
40,151341,22,3,4
40,151341,23,1,1
40,151341,24,2,6
40,151341,25,1,5
40,151341,26,3,2
40,151341,27,1,6
40,151341,28,2,3
40,151341,29,1,5
40,151341,30,0,5
40,152129,1,0,3
40,152129,2,3,5
40,152129,3,1,2
40,152129,4,2,7
40,152129,5,1,6
40,152129,6,3,5
40,152129,7,1,5
40,152129,8,2,3
40,152129,9,1,5
40,152129,10,3,3
40,152129,11,1,8
40,152129,12,2,3
40,152129,13,1,3
40,152129,14,3,1
40,152129,15,1,3
40,152129,16,2,2
40,152129,17,1,7
40,152129,18,3,1
40,152129,19,1,8
40,152129,20,2,1
40,152129,21,1,1
40,152129,22,3,2
40,152129,23,1,8
40,152129,24,2,7
40,152129,25,1,2
40,152129,26,3,3
40,152129,27,1,9
40,152129,28,2,4
40,152129,29,1,3
40,152129,30,3,6
40,152129,31,1,6
40,152129,32,2,5
40,153004,1,0,2
40,153004,2,3,2
40,153004,3,1,3
40,153004,4,2,1
40,153004,5,1,2
40,153004,6,3,5
40,153004,7,1,4
40,153004,8,2,4
40,153004,9,1,3
40,153004,10,3,8
40,153004,11,1,2
40,153004,12,2,4
40,153004,13,1,4
40,153004,14,3,4
40,153004,15,1,6
40,153004,16,2,3
40,153004,17,1,6
40,153004,18,3,2
40,153004,19,1,4
40,153004,20,2,4
40,153004,21,1,4
40,153004,22,3,3
40,153004,23,1,7
40,153004,24,2,7
40,153004,25,1,4
40,153004,26,3,6
40,153004,27,1,4
40,153004,28,2,2
40,153004,29,0,4
40,153004,31,1,4
40,153004,32,0,5
